# Blender 4.2.1 LTS
# www.blender.org
mtllib chaparroObj.mtl
o pose-t
v 0.016552 0.312603 0.098524
v 0.016552 0.326732 0.098524
v 0.015811 0.310463 0.092970
v 0.015811 0.328872 0.092970
v 0.029884 0.312603 0.098524
v 0.029884 0.326732 0.098524
v 0.030625 0.310463 0.092970
v 0.030625 0.328872 0.092970
v 0.023218 0.304248 0.092970
v 0.023218 0.335086 0.092970
v 0.023218 0.309388 0.099141
v 0.023218 0.329946 0.099141
v 0.015938 0.310825 0.096439
v 0.016065 0.319667 0.098930
v 0.015938 0.328510 0.096439
v 0.014700 0.319667 0.092970
v 0.018959 0.305509 0.092970
v 0.027477 0.333825 0.092970
v 0.031736 0.319667 0.092970
v 0.030498 0.310825 0.096439
v 0.030498 0.328510 0.096439
v 0.030371 0.319667 0.098930
v 0.027381 0.310207 0.099036
v 0.019055 0.329127 0.099036
v 0.027477 0.305509 0.092970
v 0.018959 0.333825 0.092970
v 0.019055 0.310207 0.099036
v 0.027381 0.329127 0.099036
v 0.023218 0.334443 0.096519
v 0.023218 0.304891 0.096519
v 0.023218 0.319667 0.100067
v 0.014872 0.319667 0.096479
v 0.031564 0.319667 0.096479
v 0.019007 0.319667 0.099924
v 0.027453 0.306093 0.096499
v 0.018983 0.333241 0.096499
v 0.027453 0.333241 0.096499
v 0.018983 0.306093 0.096499
v 0.027429 0.319667 0.099924
v -0.036169 0.312603 0.098524
v -0.036169 0.326732 0.098524
v -0.035428 0.310463 0.092970
v -0.035428 0.328872 0.092970
v -0.049501 0.312603 0.098524
v -0.049501 0.326732 0.098524
v -0.050241 0.310463 0.092970
v -0.050241 0.328872 0.092970
v -0.042835 0.304248 0.092970
v -0.042835 0.335086 0.092970
v -0.042835 0.309388 0.099141
v -0.042835 0.329946 0.099141
v -0.035555 0.310825 0.096439
v -0.035682 0.319667 0.098930
v -0.035555 0.328510 0.096439
v -0.034317 0.319667 0.092970
v -0.038576 0.305509 0.092970
v -0.047093 0.333825 0.092970
v -0.051352 0.319667 0.092970
v -0.050114 0.310825 0.096439
v -0.050114 0.328510 0.096439
v -0.049988 0.319667 0.098930
v -0.046997 0.310207 0.099036
v -0.038672 0.329127 0.099036
v -0.047094 0.305509 0.092970
v -0.038576 0.333825 0.092970
v -0.038672 0.310207 0.099036
v -0.046997 0.329127 0.099036
v -0.042835 0.334443 0.096519
v -0.042835 0.304891 0.096519
v -0.042835 0.319667 0.100067
v -0.034488 0.319667 0.096479
v -0.051181 0.319667 0.096479
v -0.038624 0.319667 0.099924
v -0.047070 0.306093 0.096499
v -0.038600 0.333241 0.096499
v -0.047070 0.333241 0.096499
v -0.038600 0.306093 0.096499
v -0.047045 0.319667 0.099924
v 0.067280 0.427966 -0.097913
v 0.070850 0.434481 0.071554
v -0.093769 0.432683 -0.097652
v -0.094773 0.433331 0.070221
v -0.009189 0.448842 0.083045
v 0.087294 0.449595 -0.010168
v -0.010453 0.443099 -0.111117
v -0.109741 0.449385 -0.009801
v -0.008836 0.485779 -0.010309
v 0.038408 0.444404 0.079799
v -0.053215 0.445522 0.080594
v 0.071555 0.399570 0.085722
v 0.081672 0.443502 -0.057773
v 0.083423 0.445447 0.039488
v 0.078744 0.393587 -0.102622
v -0.054920 0.442409 -0.108250
v 0.036520 0.437727 -0.107104
v -0.102845 0.398477 -0.105751
v -0.104659 0.444154 0.039283
v -0.105965 0.446106 -0.057119
v -0.101265 0.398798 0.082768
v -0.009630 0.477189 -0.059704
v -0.058374 0.480169 -0.010166
v -0.008435 0.476908 0.041381
v 0.044174 0.476605 -0.010365
v -0.013588 0.405225 0.108209
v 0.111818 0.403118 -0.009053
v -0.010551 0.398143 -0.133492
v -0.131318 0.410751 -0.009053
v 0.041057 0.468349 -0.058823
v -0.057290 0.473239 -0.058763
v -0.056632 0.471517 0.040558
v 0.043193 0.469240 0.040294
v 0.026251 0.402132 0.106629
v -0.049453 0.398843 0.105023
v 0.106070 0.398974 -0.058693
v 0.106154 0.400986 0.044270
v -0.056381 0.398919 -0.128857
v 0.038284 0.395764 -0.126048
v -0.125933 0.403829 0.043698
v -0.127735 0.405464 -0.059679
v -0.020318 0.361077 0.113488
v 0.002843 0.376477 0.120788
v -0.040843 0.361141 0.108122
v 0.046349 0.377976 0.099905
v 0.028280 0.373865 0.107328
v 0.115015 0.348200 -0.006318
v 0.109740 0.358312 -0.037417
v 0.111892 0.363859 0.030373
v 0.077487 0.365825 0.082853
v 0.096733 0.368790 0.062056
v 0.085757 0.341756 -0.090489
v 0.104921 0.346728 -0.055961
v 0.069680 0.290456 -0.082034
v -0.097024 0.299237 -0.081698
v -0.010743 0.264136 -0.102792
v -0.056380 0.267898 -0.099596
v 0.037809 0.267663 -0.086430
v 0.038555 0.327600 -0.124972
v 0.073787 0.338363 -0.103069
v -0.010679 0.326682 -0.135302
v -0.056922 0.329083 -0.130014
v -0.099316 0.344399 -0.101906
v 0.074652 0.435158 -0.082220
v -0.099511 0.440136 -0.081807
v -0.010107 0.463016 -0.087835
v 0.038098 0.455670 -0.085712
v -0.055678 0.460783 -0.086037
v 0.093524 0.396762 -0.082669
v -0.115681 0.405174 -0.084492
v 0.095547 0.332280 -0.071952
v 0.087164 0.366433 -0.099021
v 0.108336 0.371176 -0.057990
v 0.098915 0.360296 -0.078190
v -0.107485 0.366237 0.075757
v -0.121298 0.369077 0.057986
v -0.129385 0.341091 -0.005750
v -0.129499 0.355397 0.029957
v -0.129526 0.350768 -0.034331
v -0.108439 0.340886 -0.088853
v -0.126764 0.347220 -0.057077
v -0.117600 0.331989 -0.071664
v -0.122267 0.363420 -0.078952
v -0.110971 0.367318 -0.096677
v -0.131200 0.372581 -0.061384
v -0.089936 0.371412 0.089511
v -0.058086 0.362287 0.103254
v -0.135909 0.372489 -0.007369
v -0.133050 0.376184 -0.044387
v -0.133017 0.378963 0.034558
v -0.077582 0.439872 0.076052
v -0.078421 0.438579 -0.102779
v -0.086408 0.468112 -0.010005
v -0.084013 0.463053 -0.057550
v -0.083188 0.460879 0.039418
v -0.076283 0.402203 0.094949
v -0.082088 0.399403 -0.118374
v -0.082370 0.281964 -0.084117
v -0.083186 0.336800 -0.114874
v -0.080290 0.453682 -0.083078
v -0.075036 0.360712 0.097073
v 0.062791 0.424038 -0.092814
v 0.066561 0.430463 0.066557
v -0.089192 0.428494 -0.092790
v -0.090286 0.429142 0.065434
v -0.009221 0.443671 0.076902
v 0.081801 0.444339 -0.009885
v -0.010675 0.437912 -0.105260
v -0.104076 0.444082 -0.009868
v -0.008947 0.478021 -0.010190
v 0.036124 0.439581 0.074145
v -0.051259 0.440516 0.074893
v 0.067680 0.398105 0.080820
v 0.076475 0.438547 -0.054928
v 0.078252 0.440543 0.036808
v 0.074280 0.392201 -0.098193
v -0.053074 0.437310 -0.102570
v 0.034029 0.432921 -0.101474
v -0.098376 0.397041 -0.101328
v -0.099364 0.439146 0.036648
v -0.100535 0.440964 -0.054855
v -0.097174 0.397303 0.078067
v -0.009816 0.469832 -0.056944
v -0.056069 0.472691 -0.010158
v -0.008483 0.469740 0.038483
v 0.041418 0.469405 -0.010141
v -0.013564 0.403049 0.098941
v 0.104461 0.400915 -0.008734
v -0.010674 0.395881 -0.126189
v -0.123983 0.408367 -0.009067
v 0.038417 0.461534 -0.056045
v -0.055193 0.466063 -0.056201
v -0.054430 0.464607 0.037699
v 0.040625 0.462551 0.037539
v 0.024510 0.400511 0.100398
v -0.047923 0.397206 0.098703
v 0.100378 0.397431 -0.056137
v 0.100517 0.399400 0.041833
v -0.054132 0.396764 -0.121812
v 0.035533 0.393716 -0.119208
v -0.120258 0.402053 0.041449
v -0.121900 0.403702 -0.057665
v -0.020165 0.360842 0.107724
v 0.002411 0.376278 0.116672
v -0.040313 0.360833 0.103997
v 0.044635 0.377544 0.096314
v 0.026799 0.373406 0.103627
v 0.109729 0.347961 -0.006068
v 0.105881 0.358081 -0.036533
v 0.107975 0.363568 0.029835
v 0.074580 0.365494 0.080128
v 0.093628 0.368442 0.059598
v 0.082484 0.342402 -0.088229
v 0.101370 0.347411 -0.054186
v 0.067835 0.291596 -0.078705
v -0.094925 0.300095 -0.078367
v -0.010677 0.266437 -0.098053
v -0.054826 0.270024 -0.095017
v 0.036354 0.269680 -0.081777
v 0.036013 0.328813 -0.117744
v 0.070920 0.338900 -0.098706
v -0.010657 0.328057 -0.127718
v -0.054450 0.330387 -0.122760
v -0.096312 0.344837 -0.097533
v 0.069809 0.430740 -0.077949
v -0.094531 0.435347 -0.078027
v -0.010345 0.456402 -0.083463
v 0.035634 0.449532 -0.081405
v -0.053848 0.454260 -0.081857
v 0.087164 0.395196 -0.078299
v -0.109215 0.403172 -0.080584
v 0.090985 0.333273 -0.069288
v 0.082809 0.366676 -0.095938
v 0.103671 0.371490 -0.055414
v 0.092116 0.360954 -0.073993
v -0.104369 0.365923 0.073292
v -0.118000 0.368723 0.055796
v -0.124120 0.342164 -0.005743
v -0.125545 0.356123 0.029705
v -0.125574 0.351480 -0.034058
v -0.105142 0.341758 -0.086731
v -0.123145 0.348053 -0.055551
v -0.112993 0.333272 -0.069240
v -0.115306 0.364146 -0.075153
v -0.106530 0.367667 -0.093788
v -0.126391 0.372893 -0.059150
v -0.088083 0.371193 0.085985
v -0.056724 0.361985 0.099490
v -0.127970 0.372857 -0.007347
v -0.127781 0.376329 -0.043805
v -0.127748 0.379158 0.034011
v -0.074292 0.435204 0.070730
v -0.075053 0.433803 -0.097490
v -0.082433 0.461313 -0.010068
v -0.080282 0.456449 -0.055228
v -0.079446 0.454544 0.036691
v -0.073102 0.400250 0.088017
v -0.078150 0.397462 -0.111926
v -0.079716 0.283525 -0.079756
v -0.079064 0.337716 -0.108168
v -0.076937 0.447566 -0.079211
v -0.072952 0.360476 0.092145
v 0.058257 0.439471 0.075864
v 0.015280 0.447669 0.082230
v -0.033093 0.447849 0.082320
v -0.087192 0.436764 0.073375
v 0.072849 0.421646 0.077400
v 0.078104 0.439191 -0.072223
v 0.085172 0.447416 -0.036051
v 0.086747 0.448876 0.015757
v 0.077564 0.439980 0.059134
v 0.072378 0.415662 -0.100425
v -0.068648 0.440686 -0.105646
v -0.034613 0.443385 -0.110282
v 0.013916 0.441146 -0.110145
v 0.055506 0.433086 -0.102241
v -0.097691 0.421032 -0.101691
v -0.099276 0.438832 0.058500
v -0.108390 0.447852 0.015864
v -0.108616 0.448501 -0.035489
v -0.096255 0.436723 -0.090950
v -0.098126 0.421172 0.075845
v -0.009904 0.470331 -0.075790
v -0.009235 0.482958 -0.036905
v -0.074401 0.474521 -0.010083
v -0.035606 0.484331 -0.010243
v -0.008520 0.465092 0.063891
v -0.008563 0.483857 0.016316
v 0.067552 0.465370 -0.010314
v 0.018316 0.483343 -0.010356
v -0.010830 0.428685 0.098083
v 0.102320 0.429114 -0.009841
v -0.010518 0.424501 -0.123194
v -0.121802 0.431498 -0.009538
v 0.039462 0.462157 -0.074318
v 0.016405 0.474608 -0.059466
v 0.042879 0.473756 -0.036526
v 0.063167 0.458146 -0.058083
v -0.056457 0.467276 -0.074425
v -0.072611 0.468550 -0.058132
v -0.058075 0.478061 -0.036366
v -0.035390 0.476437 -0.059385
v -0.057815 0.478066 0.016036
v -0.071929 0.466488 0.039976
v -0.055122 0.460617 0.062329
v -0.034561 0.475381 0.041128
v 0.044220 0.475176 0.015830
v 0.018106 0.474978 0.041051
v 0.041354 0.458939 0.061876
v 0.065415 0.459504 0.039491
v 0.050007 0.404159 0.096255
v 0.033859 0.425842 0.093880
v 0.006036 0.405935 0.108406
v -0.032190 0.403819 0.106745
v -0.050982 0.426117 0.094808
v -0.063975 0.402265 0.099593
v 0.099475 0.399710 -0.072530
v 0.095810 0.424099 -0.058248
v 0.109469 0.402158 -0.034760
v 0.110742 0.403964 0.017288
v 0.096432 0.426688 0.041036
v 0.090511 0.402870 0.066223
v -0.071148 0.399129 -0.124004
v -0.055549 0.424538 -0.119472
v -0.035319 0.398718 -0.132234
v 0.014517 0.396950 -0.131864
v 0.037263 0.420525 -0.117442
v 0.059646 0.395174 -0.115487
v -0.113759 0.403286 0.064739
v -0.115531 0.427333 0.040864
v -0.129825 0.410045 0.017283
v -0.130011 0.410167 -0.035188
v -0.117233 0.428838 -0.057970
v -0.121378 0.406723 -0.073615
v -0.006761 0.368706 0.118720
v -0.033194 0.358088 0.109937
v -0.017241 0.380361 0.112992
v -0.043319 0.376877 0.107989
v 0.010918 0.387915 0.117020
v 0.036466 0.373896 0.104569
v 0.055803 0.387567 0.095666
v 0.029108 0.384658 0.107010
v 0.112735 0.350718 -0.025650
v 0.114084 0.354427 0.015851
v 0.115514 0.372824 -0.007668
v 0.111350 0.380309 0.035158
v 0.109164 0.375650 -0.045648
v 0.087048 0.364602 0.073273
v 0.101539 0.382339 0.056280
v 0.076726 0.379203 0.083949
v 0.101518 0.338290 -0.061823
v 0.085678 0.381515 -0.099899
v 0.107328 0.356821 -0.055733
v -0.071318 0.273953 -0.091575
v -0.035342 0.265115 -0.104104
v 0.014138 0.263889 -0.095192
v 0.058236 0.278251 -0.081915
v 0.038662 0.363632 -0.130457
v 0.072890 0.309585 -0.091908
v -0.010610 0.364362 -0.139078
v -0.056825 0.365930 -0.133772
v -0.099882 0.373204 -0.107516
v 0.038291 0.292792 -0.106604
v 0.074516 0.367976 -0.106758
v -0.010729 0.290329 -0.120014
v -0.056809 0.293535 -0.115679
v -0.098758 0.316737 -0.090800
v -0.092884 0.341136 -0.107680
v -0.035619 0.327473 -0.134387
v 0.014557 0.326060 -0.132308
v 0.059643 0.332778 -0.113803
v 0.071071 0.431568 -0.091123
v -0.102821 0.443215 -0.071619
v -0.010302 0.454916 -0.099289
v 0.036930 0.448462 -0.096423
v -0.055043 0.453471 -0.097033
v 0.087299 0.396644 -0.092388
v -0.109818 0.403861 -0.095125
v 0.089494 0.335138 -0.083037
v 0.097960 0.343982 -0.074949
v -0.108369 0.424845 -0.083472
v 0.086156 0.417045 -0.082467
v -0.069946 0.457562 -0.084575
v -0.034819 0.462842 -0.087283
v 0.014816 0.460662 -0.087276
v 0.058403 0.447724 -0.083593
v 0.086454 0.351689 -0.095393
v 0.107424 0.385960 -0.061614
v 0.097605 0.377861 -0.081081
v 0.092649 0.362117 -0.090320
v 0.104869 0.364833 -0.066652
v -0.114677 0.364957 0.067266
v -0.106029 0.379445 0.078780
v -0.123902 0.382882 0.053909
v -0.129484 0.347086 0.015766
v -0.129500 0.344047 -0.024006
v -0.135769 0.391183 -0.008294
v -0.131663 0.361073 -0.039240
v -0.131834 0.392730 0.035726
v -0.123351 0.338498 -0.062163
v -0.111840 0.334422 -0.082116
v -0.120514 0.384134 -0.082645
v -0.109798 0.351248 -0.092810
v -0.129865 0.389147 -0.064074
v -0.120817 0.344842 -0.075033
v -0.109081 0.384600 -0.100651
v -0.129742 0.357516 -0.058146
v -0.127956 0.367369 -0.068947
v -0.116269 0.364338 -0.089339
v -0.064916 0.359093 0.101178
v -0.055432 0.377434 0.104616
v -0.094069 0.383347 0.088451
v -0.133293 0.354395 -0.006442
v -0.132013 0.391658 -0.050016
v -0.131633 0.365271 0.033613
v -0.135150 0.375184 0.016331
v -0.135169 0.373593 -0.029231
v -0.067214 0.442769 0.078432
v -0.087246 0.436069 -0.099909
v -0.097859 0.460787 -0.009931
v -0.094859 0.456615 -0.057092
v -0.093845 0.454441 0.038982
v -0.088328 0.402115 0.089975
v -0.092253 0.399678 -0.112527
v -0.091741 0.290564 -0.080910
v -0.072014 0.332422 -0.122910
v -0.090008 0.448891 -0.081828
v -0.084282 0.365519 0.092709
v -0.075867 0.379056 0.097661
v -0.078721 0.447979 -0.093047
v -0.083050 0.369775 -0.120555
v -0.083031 0.304988 -0.099992
v -0.080032 0.422563 -0.111739
v -0.076536 0.423078 0.087816
v -0.080131 0.452295 0.059766
v -0.085491 0.466189 0.015714
v -0.085690 0.466664 -0.035747
v -0.082141 0.458577 -0.072403
v 0.054812 0.435052 0.070552
v 0.014144 0.442592 0.076242
v -0.032063 0.442718 0.076336
v -0.083257 0.432309 0.068299
v 0.068368 0.418600 0.072033
v 0.073094 0.434502 -0.068544
v 0.079785 0.442252 -0.034374
v 0.081319 0.443699 0.014562
v 0.072828 0.435524 0.055070
v 0.067505 0.412647 -0.095239
v -0.065991 0.435723 -0.100142
v -0.033750 0.438202 -0.104475
v 0.012582 0.436074 -0.104338
v 0.051841 0.428705 -0.096902
v -0.092786 0.417809 -0.096643
v -0.094420 0.434203 0.054598
v -0.102818 0.442624 0.014523
v -0.103018 0.443242 -0.034314
v -0.091513 0.432201 -0.086549
v -0.093463 0.417959 0.070700
v -0.010122 0.463306 -0.072136
v -0.009384 0.475327 -0.035358
v -0.071202 0.467327 -0.010117
v -0.034437 0.476647 -0.010182
v -0.008555 0.458738 0.059462
v -0.008637 0.476234 0.014933
v 0.063388 0.458947 -0.010054
v 0.016905 0.475721 -0.010180
v -0.010855 0.425002 0.090044
v 0.095736 0.425370 -0.009542
v -0.010701 0.420597 -0.116536
v -0.115225 0.427548 -0.009582
v 0.036920 0.455645 -0.070686
v 0.015013 0.467391 -0.056685
v 0.040154 0.466684 -0.034916
v 0.059211 0.452075 -0.055293
v -0.054508 0.460378 -0.070975
v -0.069650 0.461598 -0.055699
v -0.055845 0.470668 -0.034986
v -0.034374 0.469114 -0.056704
v -0.055525 0.470726 0.014620
v -0.068902 0.459821 0.037177
v -0.053043 0.454480 0.058025
v -0.033413 0.468286 0.038229
v 0.041524 0.468079 0.014581
v 0.016827 0.467918 0.038209
v 0.038942 0.453013 0.057625
v 0.061491 0.453522 0.036812
v 0.046736 0.402211 0.089737
v 0.031671 0.422416 0.087128
v 0.005119 0.403844 0.099851
v -0.031288 0.401684 0.098172
v -0.049133 0.422582 0.087963
v -0.061426 0.400265 0.092539
v 0.093014 0.398015 -0.068690
v 0.089692 0.420626 -0.055328
v 0.102397 0.400036 -0.033095
v 0.103600 0.401840 0.016173
v 0.090375 0.423230 0.038272
v 0.084865 0.400983 0.061773
v -0.067975 0.397085 -0.117225
v -0.053521 0.420744 -0.113020
v -0.034191 0.396475 -0.124999
v 0.013095 0.394766 -0.124674
v 0.034625 0.416940 -0.111147
v 0.055656 0.393298 -0.109367
v -0.107972 0.401226 0.060572
v -0.109488 0.423638 0.038204
v -0.122715 0.407735 0.016106
v -0.122880 0.407846 -0.034060
v -0.110992 0.425072 -0.055659
v -0.114751 0.404638 -0.070357
v -0.007036 0.368526 0.113321
v -0.032701 0.357801 0.104532
v -0.017113 0.379395 0.104185
v -0.042490 0.376160 0.102591
v 0.010110 0.387306 0.111642
v 0.034534 0.373399 0.100105
v 0.053347 0.386802 0.091154
v 0.027262 0.383829 0.102183
v 0.107732 0.350506 -0.024860
v 0.109033 0.354152 0.015528
v 0.108066 0.371847 -0.007333
v 0.106366 0.379621 0.034105
v 0.104256 0.375014 -0.044212
v 0.083387 0.364243 0.070086
v 0.097355 0.381622 0.053375
v 0.073059 0.378528 0.080344
v 0.097029 0.339226 -0.059494
v 0.081396 0.381103 -0.096588
v 0.102812 0.357534 -0.053400
v -0.069106 0.275817 -0.087134
v -0.034518 0.267389 -0.099418
v 0.013438 0.266103 -0.090460
v 0.056216 0.279926 -0.077588
v 0.035953 0.363269 -0.123303
v 0.070351 0.310718 -0.087674
v -0.010659 0.363960 -0.131471
v -0.054411 0.365569 -0.126476
v -0.096558 0.372870 -0.103286
v 0.036056 0.295077 -0.099785
v 0.071293 0.367646 -0.102535
v -0.010659 0.292929 -0.112979
v -0.054497 0.295957 -0.108921
v -0.096033 0.317618 -0.086538
v -0.088641 0.341854 -0.101367
v -0.034319 0.328849 -0.126900
v 0.013278 0.327396 -0.124810
v 0.056165 0.333728 -0.107246
v 0.066388 0.427399 -0.086380
v -0.097603 0.438228 -0.068517
v -0.010543 0.448866 -0.094199
v 0.034495 0.442843 -0.091463
v -0.053260 0.447499 -0.092121
v 0.081348 0.395052 -0.087698
v -0.103857 0.401972 -0.090673
v 0.085262 0.336047 -0.080258
v 0.091407 0.345163 -0.071044
v -0.102563 0.421332 -0.079624
v 0.080406 0.414013 -0.078137
v -0.067319 0.451181 -0.080559
v -0.033972 0.456235 -0.082974
v 0.013490 0.454172 -0.082917
v 0.054714 0.442262 -0.079327
v 0.082275 0.352336 -0.092478
v 0.102681 0.385560 -0.059017
v 0.090929 0.377564 -0.076767
v 0.086282 0.362624 -0.086059
v 0.098231 0.365403 -0.062834
v -0.110756 0.364616 0.064413
v -0.102138 0.378757 0.075450
v -0.119540 0.382095 0.051295
v -0.124444 0.348091 0.015553
v -0.124462 0.345045 -0.023775
v -0.127996 0.390303 -0.008284
v -0.126602 0.361747 -0.038829
v -0.126616 0.392105 0.034752
v -0.118795 0.339669 -0.060123
v -0.107583 0.335633 -0.079521
v -0.113681 0.383618 -0.078761
v -0.105560 0.352120 -0.090084
v -0.124969 0.388615 -0.061873
v -0.114153 0.346313 -0.071485
v -0.104762 0.384181 -0.097456
v -0.125115 0.358349 -0.056134
v -0.121133 0.367961 -0.065576
v -0.109768 0.364962 -0.085395
v -0.063074 0.358813 0.096398
v -0.053797 0.376733 0.099683
v -0.091407 0.382765 0.084047
v -0.125681 0.355542 -0.006424
v -0.126781 0.391000 -0.049040
v -0.126570 0.365979 0.033235
v -0.127555 0.375514 0.015861
v -0.127574 0.373880 -0.028715
v -0.064543 0.437922 0.072935
v -0.083197 0.431554 -0.094857
v -0.093073 0.454567 -0.010005
v -0.090309 0.450566 -0.054832
v -0.089353 0.448600 0.036326
v -0.084501 0.400247 0.083566
v -0.087731 0.397839 -0.106599
v -0.089073 0.291812 -0.076703
v -0.068566 0.333551 -0.115952
v -0.085868 0.443261 -0.078045
v -0.082095 0.365311 0.088094
v -0.072846 0.378174 0.090695
v -0.075442 0.442357 -0.088471
v -0.078950 0.369365 -0.113875
v -0.079146 0.306761 -0.093642
v -0.076392 0.419081 -0.105787
v -0.073332 0.419754 0.081532
v -0.076633 0.446616 0.055678
v -0.081575 0.459503 0.014334
v -0.081791 0.459915 -0.034534
v -0.078614 0.452165 -0.069238
v 0.068173 0.390897 0.087270
v 0.079554 0.385481 -0.100602
v -0.102431 0.389538 -0.104344
v -0.099195 0.389778 0.083448
v 0.022143 0.393754 0.108420
v -0.048966 0.387691 0.104114
v 0.105483 0.390723 -0.057626
v 0.106601 0.391741 0.044784
v -0.126448 0.395590 0.044214
v -0.127680 0.397802 -0.060000
v -0.021357 0.354199 0.111176
v 0.003213 0.375321 0.120512
v -0.042113 0.357629 0.105945
v 0.046157 0.376427 0.097991
v 0.024843 0.370868 0.106683
v 0.112399 0.339324 -0.005708
v 0.107294 0.355647 -0.037997
v 0.109571 0.361824 0.032932
v 0.073435 0.362550 0.084303
v 0.096999 0.366295 0.059055
v 0.083167 0.341407 -0.090139
v 0.103598 0.346817 -0.053818
v 0.070944 0.289275 -0.077830
v -0.097039 0.297301 -0.077988
v -0.010715 0.255995 -0.094328
v -0.055583 0.259867 -0.091628
v 0.037048 0.259761 -0.076887
v 0.077387 0.340669 -0.097349
v -0.100297 0.345719 -0.098055
v 0.092698 0.328619 -0.069774
v 0.083405 0.368276 -0.100787
v 0.107575 0.373771 -0.053894
v -0.104283 0.363012 0.076459
v -0.121150 0.366561 0.055220
v -0.125709 0.336898 -0.005504
v -0.127189 0.355483 0.032666
v -0.127218 0.350346 -0.035555
v -0.105731 0.340499 -0.088671
v -0.125242 0.347400 -0.054873
v -0.114420 0.328104 -0.069462
v -0.107244 0.368682 -0.098029
v -0.130296 0.374713 -0.057819
v -0.089605 0.369598 0.087328
v -0.056295 0.358943 0.101812
v -0.130033 0.377293 -0.049362
v -0.129995 0.380517 0.040776
v -0.081025 0.274586 -0.076346
v -0.073857 0.354123 0.094629
v 0.060674 0.452978 -0.072964
v 0.015527 0.467835 -0.075393
v 0.017480 0.480399 -0.036816
v 0.065812 0.462813 -0.036195
v -0.035100 0.469893 -0.075353
v -0.092455 0.452908 -0.071593
v -0.096960 0.459632 -0.035519
v -0.035620 0.481830 -0.036709
v -0.035205 0.482272 0.016238
v -0.096752 0.459013 0.015624
v -0.089919 0.447288 0.058557
v -0.033852 0.463789 0.063416
v 0.067372 0.464280 0.015592
v 0.018491 0.481634 0.016140
v 0.017231 0.463523 0.063347
v 0.062117 0.451308 0.059917
v 0.054924 0.423276 0.087443
v 0.011626 0.428002 0.097169
v -0.032385 0.427847 0.097095
v -0.087543 0.421596 0.083533
v 0.090999 0.420336 -0.072603
v 0.099967 0.427348 -0.036079
v 0.101349 0.428845 0.016546
v 0.086654 0.423694 0.061695
v -0.069733 0.423656 -0.115849
v -0.034925 0.424951 -0.122145
v 0.014144 0.422915 -0.121881
v 0.057361 0.417822 -0.109652
v -0.107608 0.423853 0.061185
v -0.120209 0.430301 0.016635
v -0.120454 0.430796 -0.035686
v -0.103571 0.422730 -0.093304
v -0.032530 0.377994 0.110401
v -0.001191 0.384577 0.115834
v 0.042835 0.386437 0.102077
v 0.114467 0.376331 0.016597
v 0.113109 0.373504 -0.030098
v 0.089827 0.380955 0.070742
v 0.103924 0.349310 -0.063791
v 0.059195 0.300936 -0.098475
v 0.014397 0.289936 -0.114712
v -0.035568 0.291230 -0.120196
v -0.071888 0.298476 -0.107946
v -0.071866 0.367602 -0.127684
v -0.035549 0.365045 -0.137748
v 0.014638 0.363483 -0.137142
v 0.059922 0.365768 -0.118626
v 0.091725 0.346326 -0.086891
v -0.112947 0.426932 -0.072798
v 0.080853 0.415599 -0.091453
v -0.087833 0.444184 -0.091226
v -0.034608 0.454988 -0.098613
v 0.014199 0.452723 -0.098557
v 0.056349 0.441977 -0.093337
v 0.091292 0.378971 -0.092045
v 0.103623 0.381538 -0.070271
v -0.115611 0.381306 0.066904
v -0.132998 0.356442 -0.026263
v -0.132981 0.358904 0.016167
v -0.114858 0.346559 -0.085487
v -0.126525 0.350230 -0.065204
v -0.126277 0.386606 -0.072294
v -0.114457 0.384061 -0.093134
v -0.086638 0.381448 0.092876
v -0.134577 0.392097 0.016667
v -0.134629 0.391417 -0.032427
v -0.064505 0.377934 0.102103
v -0.068861 0.450991 -0.095100
v -0.092982 0.371924 -0.113514
v -0.092586 0.311564 -0.094464
v -0.089482 0.421473 -0.107335
v -0.065089 0.424642 0.091476
v -0.069639 0.456639 0.061076
v -0.073667 0.472478 0.015860
v -0.073869 0.472763 -0.036037
v -0.071251 0.463305 -0.073402
v 0.056863 0.447188 -0.069332
v 0.014171 0.460942 -0.071737
v 0.016063 0.472909 -0.035227
v 0.061717 0.456506 -0.034562
v -0.034180 0.462885 -0.071773
v -0.088114 0.447030 -0.068497
v -0.092242 0.453456 -0.034349
v -0.034513 0.474254 -0.035236
v -0.034025 0.474729 0.014825
v -0.092042 0.452887 0.014270
v -0.085746 0.441979 0.054603
v -0.032760 0.457495 0.059023
v 0.063268 0.457948 0.014393
v 0.017132 0.474131 0.014820
v 0.016032 0.457275 0.058973
v 0.058457 0.445966 0.055809
v 0.051530 0.420068 0.081301
v 0.010550 0.424391 0.089560
v -0.031409 0.424197 0.089480
v -0.083632 0.418371 0.077646
v 0.085054 0.417094 -0.068833
v 0.093544 0.423673 -0.034346
v 0.094868 0.425175 0.015321
v 0.081232 0.420475 0.057448
v -0.066839 0.420010 -0.109613
v -0.033944 0.421058 -0.115542
v 0.012757 0.419116 -0.115308
v 0.053471 0.414531 -0.103864
v -0.102153 0.420395 0.057139
v -0.113758 0.426416 0.015305
v -0.113971 0.426896 -0.034475
v -0.098143 0.419382 -0.088818
v -0.031772 0.377018 0.102262
v -0.001787 0.383704 0.107709
v 0.039928 0.385363 0.095743
v 0.107333 0.375374 0.015879
v 0.106048 0.372595 -0.028767
v 0.084506 0.380025 0.066311
v 0.097503 0.350412 -0.060300
v 0.056113 0.302815 -0.092191
v 0.013298 0.292444 -0.107718
v -0.034344 0.293809 -0.113248
v -0.068634 0.300599 -0.101429
v -0.068492 0.367228 -0.120688
v -0.034303 0.364660 -0.130227
v 0.013255 0.363107 -0.129647
v 0.056160 0.365369 -0.112241
v 0.085608 0.347371 -0.082874
v -0.106878 0.423275 -0.069629
v 0.075388 0.412644 -0.086689
v -0.083826 0.438950 -0.086786
v -0.033787 0.448940 -0.093578
v 0.012886 0.446793 -0.093496
v 0.052729 0.436931 -0.088512
v 0.085070 0.378569 -0.087603
v 0.097039 0.381148 -0.066397
v -0.110011 0.380322 0.062866
v -0.125710 0.357490 -0.025893
v -0.125691 0.359979 0.015838
v -0.108653 0.347917 -0.081761
v -0.119969 0.351552 -0.062125
v -0.119499 0.385997 -0.068929
v -0.108142 0.383543 -0.088969
v -0.083280 0.380637 0.086417
v -0.127139 0.391244 0.015881
v -0.127187 0.390533 -0.031623
v -0.061959 0.377017 0.095243
v -0.066289 0.445148 -0.090353
v -0.088570 0.371491 -0.107352
v -0.088663 0.312990 -0.088384
v -0.085158 0.418149 -0.101765
v -0.062525 0.421202 0.084963
v -0.066796 0.450704 0.056872
v -0.070507 0.465413 0.014457
v -0.070749 0.465634 -0.034749
v -0.068475 0.456585 -0.070106
v -0.008549 0.363302 0.117551
v -0.033519 0.350937 0.107369
v -0.046296 0.375034 0.105115
v 0.013910 0.388081 0.115767
v 0.033368 0.369345 0.103478
v 0.058643 0.386917 0.091953
v 0.023460 0.382723 0.106848
v 0.110212 0.342703 -0.024040
v 0.111551 0.346766 0.015977
v 0.108272 0.380503 0.040692
v 0.105798 0.375292 -0.049536
v 0.084399 0.358725 0.072771
v 0.103802 0.381543 0.050341
v 0.070469 0.377335 0.087118
v 0.098808 0.335089 -0.060049
v 0.082216 0.381822 -0.101043
v 0.106560 0.359792 -0.051965
v -0.070193 0.266190 -0.083568
v -0.034920 0.256987 -0.096086
v 0.013766 0.255757 -0.085865
v 0.057407 0.271365 -0.073872
v 0.076444 0.312755 -0.087559
v -0.100735 0.372896 -0.103768
v 0.077846 0.368136 -0.100954
v -0.099757 0.318416 -0.087525
v 0.086753 0.331812 -0.080654
v 0.082819 0.353864 -0.097047
v 0.106707 0.386885 -0.057677
v -0.112566 0.359113 0.066116
v -0.101041 0.377535 0.081403
v -0.124973 0.382191 0.048601
v -0.126061 0.343638 0.015969
v -0.126078 0.340343 -0.023395
v -0.128993 0.362959 -0.043383
v -0.128835 0.392267 0.041510
v -0.120310 0.335213 -0.060103
v -0.108791 0.330943 -0.080032
v -0.106192 0.353251 -0.094157
v -0.129057 0.389399 -0.060575
v -0.105612 0.384132 -0.101679
v -0.128837 0.360428 -0.054822
v -0.064073 0.352310 0.098770
v -0.051896 0.375765 0.103363
v -0.095074 0.382885 0.085352
v -0.129019 0.391080 -0.055172
v -0.128957 0.367809 0.039637
v -0.090493 0.283940 -0.074104
v -0.082683 0.359938 0.090467
v -0.052250 0.117844 0.013214
v -0.043675 0.209338 -0.005647
v -0.052250 0.123999 -0.029406
v -0.043675 0.214338 -0.023648
v 0.031346 0.117651 0.013214
v 0.022191 0.209338 -0.005647
v 0.031346 0.123735 -0.029406
v 0.022191 0.214338 -0.023648
v -0.050209 0.149695 0.017159
v -0.050209 0.157553 -0.028467
v 0.029276 0.157553 -0.028467
v 0.029276 0.149695 0.017159
v -0.010471 0.110646 -0.034597
v -0.010788 0.227498 -0.031293
v -0.010471 0.103281 0.017605
v -0.010788 0.217984 0.000954
v -0.010329 0.146180 0.028566
v -0.010329 0.157968 -0.039874
v 0.002488 0.227623 -0.027640
v 0.007575 0.109031 0.023869
v 0.006079 0.158521 -0.039874
v 0.007575 0.118157 -0.040061
v 0.002488 0.220412 -0.003282
v 0.006079 0.146733 0.028566
v -0.027565 0.118331 -0.040061
v -0.024611 0.220412 -0.003282
v -0.026187 0.146733 0.028566
v -0.024611 0.227623 -0.027640
v -0.027565 0.109098 0.023869
v -0.026187 0.158521 -0.039874
v -0.019735 0.247356 -0.023336
v -0.010834 0.248821 -0.025710
v -0.002505 0.242843 -0.009089
v -0.010834 0.242803 -0.006715
v -0.002505 0.247356 -0.023336
v -0.019735 0.242842 -0.009089
v 0.033359 0.016601 0.005140
v 0.033359 0.017808 -0.014625
v 0.012108 0.014772 0.008981
v 0.012108 0.016303 -0.017720
v -0.001026 0.017676 -0.014577
v -0.001026 0.016469 0.005092
v -0.056691 0.016973 -0.014625
v -0.056691 0.015062 0.005140
v -0.034036 0.016777 -0.017720
v -0.034036 0.014259 0.008981
v -0.021556 0.015713 0.005092
v -0.021556 0.017623 -0.014577
v 0.009749 0.069695 0.016057
v 0.032239 0.076803 0.007970
v 0.032239 0.081285 -0.024528
v 0.009749 0.076419 -0.032616
v -0.004623 0.068415 0.007938
v -0.004623 0.072898 -0.024496
v -0.053346 0.077121 0.007970
v -0.030212 0.069789 0.016057
v -0.030212 0.077079 -0.032616
v -0.053346 0.081981 -0.024528
v -0.016925 0.073336 -0.024496
v -0.016925 0.068475 0.007938
v -0.054393 0.029769 0.005320
v -0.032148 0.034422 -0.026208
v -0.019723 0.033519 -0.019894
v -0.032148 0.029748 0.011507
v -0.054393 0.032886 -0.020022
v -0.019723 0.030403 0.005193
v 0.010696 0.030491 0.011507
v 0.032312 0.034134 -0.020022
v -0.002964 0.030977 0.005193
v 0.032312 0.031644 0.005320
v 0.010696 0.034226 -0.026208
v -0.002964 0.033466 -0.019894
v -0.047791 0.182404 0.007052
v -0.047791 0.190106 -0.026958
v 0.026628 0.190106 -0.026958
v 0.026628 0.182404 0.007052
v -0.010559 0.183125 0.015554
v -0.010559 0.194678 -0.035460
v 0.004635 0.183273 0.015554
v 0.004635 0.194826 -0.035460
v -0.025661 0.194826 -0.035460
v -0.025661 0.183273 0.015554
v -0.056483 0.122220 -0.008096
v -0.046243 0.198509 0.000208
v -0.045081 0.213258 -0.014990
v -0.051295 0.141207 -0.029444
v -0.040699 0.121847 -0.038729
v 0.014221 0.219849 -0.026178
v 0.030399 0.141174 -0.029444
v 0.035347 0.121973 -0.008096
v 0.023625 0.213258 -0.014990
v 0.030399 0.134107 0.016340
v 0.020373 0.112874 0.022537
v -0.035994 0.213523 -0.004044
v -0.051295 0.134131 0.016340
v -0.049026 0.173830 -0.027614
v 0.027995 0.173830 -0.027614
v 0.027995 0.165774 0.013478
v -0.038954 0.147519 0.027140
v 0.033195 0.153790 -0.005654
v 0.018537 0.158815 -0.038448
v -0.054335 0.153790 -0.005654
v -0.002251 0.115748 -0.039512
v -0.016854 0.227949 -0.030915
v -0.018105 0.106838 0.023232
v -0.004930 0.218674 0.000515
v -0.003329 0.146332 0.028566
v -0.017055 0.158120 -0.039874
v -0.010308 0.136666 -0.040539
v -0.010308 0.126189 0.027346
v -0.020973 0.235017 -0.006762
v -0.010636 0.098729 -0.008796
v -0.010427 0.164924 0.023751
v -0.010427 0.177008 -0.037888
v -0.004930 0.227949 -0.030916
v -0.002251 0.106804 0.023232
v -0.003329 0.158120 -0.039874
v 0.020373 0.121620 -0.038729
v 0.014221 0.213523 -0.004044
v 0.018537 0.147519 0.027140
v 0.005380 0.165069 0.023751
v 0.004421 0.228360 -0.016058
v 0.006738 0.128001 0.027786
v 0.006738 0.138601 -0.040890
v 0.011412 0.019623 0.012432
v 0.005380 0.177152 -0.037887
v -0.018105 0.115879 -0.039512
v -0.016854 0.218674 0.000515
v -0.017055 0.146332 0.028566
v -0.035994 0.219849 -0.026178
v -0.040699 0.112998 0.022537
v -0.038954 0.158815 -0.038448
v -0.025878 0.177152 -0.037887
v -0.056843 0.018365 0.006311
v -0.026694 0.138623 -0.040890
v -0.026694 0.128009 0.027786
v -0.026728 0.228360 -0.016058
v -0.025878 0.165069 0.023751
v -0.016335 0.248932 -0.025304
v -0.005575 0.243172 -0.007121
v -0.010834 0.249031 -0.016212
v -0.005575 0.248932 -0.025304
v -0.001914 0.246698 -0.016212
v -0.016335 0.243172 -0.007121
v -0.020402 0.246698 -0.016212
v -0.020973 0.240903 -0.025508
v -0.010828 0.240845 -0.029970
v -0.001338 0.240903 -0.025508
v -0.001338 0.235017 -0.006762
v -0.010828 0.232134 -0.002194
v 0.035551 0.016691 -0.004498
v 0.024811 0.015340 0.008333
v 0.003058 0.016621 -0.017170
v -0.001657 0.016423 -0.004498
v 0.003058 0.015144 0.008302
v 0.024811 0.016818 -0.017200
v 0.012368 0.013884 -0.003811
v 0.032053 0.098818 0.010365
v 0.033903 0.022153 -0.018128
v 0.008723 0.097797 -0.036871
v -0.002224 0.020600 0.006216
v -0.006386 0.092958 -0.027981
v -0.059174 0.015457 -0.004498
v -0.047499 0.016742 -0.017200
v -0.025150 0.014546 0.008302
v -0.021019 0.015945 -0.004498
v -0.025150 0.016960 -0.017170
v -0.047499 0.014328 0.008333
v -0.034345 0.013954 -0.003811
v -0.028868 0.090041 0.019808
v -0.033183 0.022631 -0.024152
v -0.053008 0.104816 -0.027428
v -0.020558 0.022332 -0.018033
v -0.014768 0.087651 0.010800
v 0.008723 0.089872 0.019808
v 0.031893 0.052342 0.005915
v 0.032053 0.104102 -0.027428
v 0.010276 0.053711 -0.028830
v -0.006386 0.087549 0.010800
v -0.003622 0.051599 -0.021875
v -0.006373 0.070476 -0.008279
v 0.036019 0.080121 -0.008279
v 0.000673 0.074540 -0.031593
v 0.000673 0.068096 0.015034
v 0.021869 0.072919 0.015062
v 0.021869 0.079363 -0.031621
v -0.053008 0.099315 0.010365
v -0.031233 0.048187 0.012778
v -0.028868 0.098292 -0.036871
v -0.053339 0.055528 -0.021966
v -0.014768 0.093270 -0.027981
v -0.018548 0.047919 0.005823
v -0.015424 0.070706 -0.008279
v -0.021587 0.068128 0.015034
v -0.057309 0.080648 -0.008279
v -0.021587 0.075115 -0.031593
v -0.042530 0.073099 0.015062
v -0.042530 0.080086 -0.031621
v -0.053339 0.051563 0.005915
v -0.031233 0.054133 -0.028830
v -0.018548 0.051883 -0.021875
v -0.033183 0.018800 0.012432
v -0.056843 0.020921 -0.018128
v -0.020558 0.019776 0.006216
v -0.018350 0.031898 -0.007351
v -0.024021 0.029862 0.010686
v -0.058220 0.031170 -0.007351
v -0.024021 0.034341 -0.025387
v -0.043956 0.029498 0.010797
v -0.043956 0.033977 -0.025499
v 0.010276 0.048504 0.012778
v 0.031893 0.055813 -0.021966
v -0.003622 0.048128 0.005823
v 0.033903 0.020380 0.006311
v 0.011412 0.022268 -0.024152
v -0.002224 0.022373 -0.018034
v -0.004616 0.032221 -0.007351
v 0.035952 0.032988 -0.007351
v 0.002046 0.034030 -0.025387
v 0.002046 0.030451 0.010686
v 0.022329 0.030835 0.010797
v 0.022329 0.034414 -0.025499
v -0.049026 0.165774 0.013478
v -0.046243 0.205274 -0.025977
v 0.024931 0.205274 -0.025977
v 0.024931 0.198509 0.000208
v -0.010690 0.201188 0.007159
v -0.010690 0.211688 -0.033064
v 0.003818 0.201539 0.006720
v 0.003818 0.211801 -0.032687
v -0.025391 0.211801 -0.032687
v -0.025391 0.201539 0.006720
v -0.016992 0.183374 0.015554
v -0.037478 0.193303 -0.034398
v -0.004080 0.194927 -0.035460
v 0.016401 0.182232 0.014492
v -0.016992 0.194927 -0.035460
v -0.004080 0.183374 0.015554
v -0.037478 0.182232 0.014492
v 0.030368 0.185673 -0.009953
v 0.016401 0.193303 -0.034398
v -0.051565 0.185673 -0.009953
v -0.049678 0.201283 -0.012918
v 0.015241 0.209197 -0.031690
v 0.028422 0.201283 -0.012918
v -0.036705 0.199472 0.005803
v 0.023639 0.022310 -0.023445
v -0.036143 0.220858 -0.015847
v -0.039772 0.130473 0.026355
v 0.034388 0.138421 -0.006552
v 0.019464 0.140617 -0.039460
v -0.055519 0.138452 -0.006552
v -0.017311 0.137282 -0.040803
v -0.002969 0.126698 0.027676
v -0.016508 0.241233 -0.029428
v -0.045884 0.022004 -0.023445
v -0.004481 0.201593 0.007074
v -0.016991 0.212049 -0.032994
v 0.015241 0.199472 0.005803
v 0.014272 0.220858 -0.015847
v 0.019464 0.130458 0.026355
v -0.002969 0.137267 -0.040803
v 0.023639 0.019773 0.011701
v -0.004481 0.212049 -0.032994
v -0.036705 0.209197 -0.031690
v -0.045884 0.018332 0.011701
v -0.039772 0.140645 -0.039460
v -0.017311 0.126702 0.027676
v -0.022564 0.238798 -0.016185
v -0.016991 0.201593 0.007074
v -0.005517 0.249161 -0.016212
v -0.016401 0.249161 -0.016212
v -0.005397 0.241233 -0.029428
v 0.000091 0.238798 -0.016185
v -0.016508 0.232865 -0.002752
v -0.005397 0.232865 -0.002752
v 0.025543 0.014651 -0.003897
v 0.003124 0.014284 -0.003897
v 0.002579 0.019884 0.011620
v 0.002579 0.022422 -0.023364
v 0.037693 0.021269 -0.005884
v -0.003762 0.021507 -0.005884
v -0.025206 0.014173 -0.003897
v -0.048418 0.014232 -0.003897
v -0.024712 0.022797 -0.023364
v -0.060930 0.019371 -0.005884
v -0.024712 0.019124 0.011620
v -0.019279 0.020964 -0.005884
v -0.008109 0.089323 -0.008615
v 0.035977 0.102834 -0.008531
v -0.000723 0.095381 -0.035825
v -0.000723 0.087755 0.018740
v 0.021289 0.093961 0.018630
v 0.021289 0.101556 -0.035693
v -0.013289 0.089518 -0.008615
v -0.019820 0.087847 0.018740
v -0.057144 0.103488 -0.008531
v -0.019820 0.095783 -0.035825
v -0.041718 0.094278 0.018630
v -0.041718 0.102186 -0.035693
v -0.017116 0.049768 -0.008026
v -0.022997 0.047474 0.011886
v -0.057126 0.053960 -0.008026
v -0.022997 0.053172 -0.027937
v -0.043002 0.049570 0.011966
v -0.043002 0.055268 -0.028017
v -0.005321 0.049763 -0.008026
v 0.035522 0.054609 -0.008026
v 0.001513 0.052715 -0.027937
v 0.001513 0.047725 0.011886
v 0.021934 0.050148 0.011966
v 0.021934 0.055138 -0.028018
v -0.016985 0.165071 0.023751
v -0.038201 0.176311 -0.036603
v -0.003690 0.177154 -0.037887
v 0.017503 0.164731 0.022467
v -0.016985 0.177154 -0.037887
v -0.003690 0.165071 0.023751
v -0.038201 0.164731 0.022467
v 0.031827 0.169525 -0.007068
v 0.017503 0.176311 -0.036603
v -0.052991 0.169525 -0.007068
v 0.080006 0.291718 -0.029999
v 0.089679 0.333099 -0.029999
v 0.077870 0.292636 -0.054561
v 0.090250 0.331322 -0.054561
v 0.100409 0.290723 -0.029999
v 0.107961 0.326260 -0.029999
v 0.099384 0.291643 -0.054561
v 0.109803 0.326090 -0.054561
v 0.073541 0.283356 -0.042952
v 0.087678 0.343057 -0.042952
v 0.102295 0.282076 -0.042952
v 0.113490 0.333625 -0.042952
v 0.080038 0.313233 -0.029999
v 0.080826 0.312278 -0.055875
v 0.108587 0.307920 -0.055875
v 0.109493 0.306379 -0.029999
v 0.115527 0.305417 -0.042952
v 0.073886 0.314544 -0.042952
v 0.075117 0.314381 -0.030697
v 0.088078 0.341841 -0.030697
v 0.114320 0.305492 -0.030697
v 0.101918 0.283135 -0.030697
v 0.074834 0.284388 -0.030697
v 0.112384 0.332704 -0.030697
v 0.103783 0.307645 -0.036832
v 0.085771 0.311899 -0.036832
v 0.091761 0.328328 -0.035978
v 0.098094 0.294107 -0.035978
v 0.084088 0.295127 -0.035978
v 0.104463 0.323731 -0.035978
v 0.073702 0.282359 -0.035839
v 0.079921 0.331313 -0.030697
v 0.088116 0.337671 -0.050146
v 0.077368 0.300617 -0.055650
v 0.088161 0.291553 -0.055425
v 0.100393 0.329375 -0.055425
v 0.104604 0.298288 -0.055650
v 0.101795 0.286631 -0.050146
v 0.113351 0.334481 -0.035839
v 0.110420 0.292445 -0.030697
v 0.087383 0.279893 -0.030697
v 0.101016 0.341431 -0.030697
v 0.074283 0.287734 -0.050146
v 0.087728 0.344270 -0.035839
v 0.102248 0.281029 -0.035839
v 0.112861 0.329930 -0.050146
v 0.101420 0.342650 -0.042952
v 0.086854 0.278681 -0.042952
v 0.111353 0.291813 -0.042952
v 0.070435 0.296574 -0.042952
v 0.071888 0.297095 -0.030697
v 0.085319 0.323866 -0.055650
v 0.110891 0.318160 -0.055650
v 0.116022 0.319765 -0.030697
v 0.117349 0.320231 -0.042952
v 0.079005 0.332125 -0.042952
v 0.074040 0.314698 -0.035839
v 0.114660 0.306306 -0.050316
v 0.081616 0.293525 -0.033305
v 0.115376 0.305220 -0.035839
v 0.094707 0.310123 -0.057847
v 0.074754 0.313770 -0.050316
v 0.083582 0.325480 -0.029999
v 0.106688 0.297172 -0.029999
v 0.089499 0.288497 -0.029999
v 0.099403 0.332725 -0.029999
v 0.077702 0.300809 -0.029999
v 0.110712 0.316729 -0.029999
v 0.077577 0.313784 -0.028805
v 0.088879 0.337288 -0.028805
v 0.111907 0.305963 -0.028805
v 0.101163 0.287086 -0.028805
v 0.077420 0.288203 -0.028805
v 0.110172 0.329352 -0.028805
v 0.094777 0.309772 -0.038113
v 0.088597 0.322496 -0.036686
v 0.101362 0.299033 -0.036686
v 0.090811 0.293542 -0.036539
v 0.098345 0.327249 -0.036539
v 0.083659 0.301363 -0.036686
v 0.105193 0.317132 -0.036686
v 0.081677 0.312863 -0.033415
v 0.099746 0.292559 -0.033305
v 0.090316 0.330828 -0.033305
v 0.106585 0.324755 -0.033305
v 0.107874 0.306690 -0.033415
v 0.079785 0.328535 -0.050273
v 0.098141 0.320208 -0.057543
v 0.117183 0.320585 -0.035839
v 0.090060 0.290654 -0.033360
v 0.086920 0.277512 -0.035839
v 0.101369 0.343845 -0.035839
v 0.101291 0.337247 -0.050231
v 0.087018 0.283960 -0.050231
v 0.116533 0.318801 -0.050273
v 0.079120 0.332932 -0.035839
v 0.070617 0.296065 -0.035839
v 0.110519 0.294797 -0.050273
v 0.079545 0.301567 -0.033388
v 0.111237 0.291119 -0.035839
v 0.090940 0.300288 -0.057543
v 0.071316 0.298705 -0.050273
v 0.081751 0.328275 -0.028805
v 0.108554 0.294912 -0.028805
v 0.088441 0.284371 -0.028805
v 0.100210 0.336898 -0.028805
v 0.074795 0.299028 -0.028805
v 0.113367 0.318192 -0.028805
v 0.096918 0.319934 -0.037916
v 0.092483 0.300092 -0.037916
v 0.084889 0.324042 -0.033388
v 0.109021 0.316210 -0.033388
v 0.098968 0.330496 -0.033360
v 0.105328 0.298262 -0.033388
v -0.099631 0.293468 -0.029999
v -0.114867 0.333140 -0.029999
v -0.097640 0.294669 -0.054560
v -0.115190 0.331302 -0.054560
v -0.119707 0.289695 -0.029999
v -0.132043 0.323867 -0.029999
v -0.118817 0.290746 -0.054560
v -0.133845 0.323447 -0.054560
v -0.092084 0.286068 -0.042952
v -0.114245 0.343277 -0.042952
v -0.120393 0.280871 -0.042952
v -0.138526 0.330408 -0.042952
v -0.102602 0.314777 -0.029999
v -0.103253 0.313724 -0.055875
v -0.130158 0.305614 -0.055875
v -0.130844 0.303963 -0.029999
v -0.136691 0.302185 -0.042952
v -0.096687 0.316916 -0.042952
v -0.097884 0.316587 -0.030697
v -0.114475 0.342019 -0.030697
v -0.135505 0.302425 -0.030697
v -0.120164 0.281972 -0.030697
v -0.093506 0.286914 -0.030697
v -0.137305 0.329647 -0.030697
v -0.125361 0.305998 -0.036832
v -0.108099 0.312672 -0.036832
v -0.116278 0.328129 -0.035978
v -0.117876 0.293364 -0.035978
v -0.104140 0.296288 -0.035978
v -0.128232 0.321840 -0.035978
v -0.092108 0.285058 -0.035839
v -0.104956 0.332703 -0.030697
v -0.113943 0.337882 -0.050146
v -0.098234 0.302645 -0.055650
v -0.107687 0.292191 -0.055425
v -0.124971 0.327986 -0.055425
v -0.124896 0.296616 -0.055650
v -0.120521 0.285453 -0.050146
v -0.138506 0.331275 -0.035839
v -0.129859 0.290033 -0.030697
v -0.105323 0.280746 -0.030697
v -0.127236 0.339845 -0.030697
v -0.093417 0.290304 -0.050146
v -0.114460 0.344472 -0.035839
v -0.120204 0.279840 -0.035839
v -0.137398 0.326833 -0.050146
v -0.127802 0.340997 -0.042952
v -0.104633 0.279618 -0.042952
v -0.130697 0.289279 -0.042952
v -0.090813 0.299587 -0.042952
v -0.092324 0.299903 -0.030697
v -0.109287 0.324589 -0.055650
v -0.133839 0.315443 -0.055650
v -0.139141 0.316332 -0.030697
v -0.140519 0.316612 -0.042952
v -0.104160 0.333633 -0.042952
v -0.096861 0.317048 -0.035839
v -0.135953 0.303185 -0.050316
v -0.101473 0.295039 -0.033305
v -0.136514 0.302012 -0.035839
v -0.116708 0.309692 -0.057847
v -0.097441 0.316031 -0.050316
v -0.107786 0.326425 -0.029999
v -0.126808 0.295226 -0.029999
v -0.108595 0.288980 -0.029999
v -0.124448 0.331441 -0.029999
v -0.098590 0.302789 -0.029999
v -0.133466 0.314050 -0.029999
v -0.100240 0.315659 -0.028805
v -0.114646 0.337399 -0.028805
v -0.133179 0.303221 -0.028805
v -0.119957 0.285989 -0.028805
v -0.096589 0.290340 -0.028805
v -0.134656 0.326628 -0.028805
v -0.116730 0.309335 -0.038113
v -0.112346 0.322784 -0.036686
v -0.121786 0.297797 -0.036686
v -0.110584 0.293799 -0.036539
v -0.122653 0.326161 -0.036539
v -0.104567 0.302523 -0.036686
v -0.128054 0.315203 -0.036686
v -0.104175 0.314187 -0.033415
v -0.119301 0.291605 -0.033305
v -0.115187 0.330803 -0.033305
v -0.130474 0.322564 -0.033305
v -0.129283 0.304492 -0.033415
v -0.104442 0.329970 -0.050273
v -0.121488 0.319213 -0.057543
v -0.140403 0.316985 -0.035839
v -0.109445 0.291041 -0.033360
v -0.104539 0.278450 -0.035839
v -0.127916 0.342188 -0.035839
v -0.126936 0.335662 -0.050231
v -0.105517 0.284825 -0.050231
v -0.139516 0.315306 -0.050273
v -0.104384 0.334417 -0.035839
v -0.090924 0.299057 -0.035839
v -0.130278 0.292350 -0.050273
v -0.100520 0.303287 -0.033388
v -0.130487 0.288608 -0.035839
v -0.111633 0.300464 -0.057543
v -0.091977 0.301577 -0.050273
v -0.106354 0.329444 -0.028805
v -0.128348 0.292732 -0.028805
v -0.106983 0.285038 -0.028805
v -0.125818 0.335465 -0.028805
v -0.095468 0.301422 -0.028805
v -0.136296 0.315136 -0.028805
v -0.120239 0.319110 -0.037916
v -0.113135 0.300059 -0.037916
v -0.108884 0.324822 -0.033388
v -0.131720 0.313766 -0.033388
v -0.123713 0.329292 -0.033360
v -0.125609 0.296491 -0.033388
v 0.058738 0.420357 -0.084055
v 0.051273 0.283985 -0.082124
v 0.063211 0.424435 0.061287
v 0.044181 0.267021 0.082874
v -0.080990 0.425569 -0.084055
v -0.070890 0.283985 -0.082124
v -0.080760 0.424435 0.061287
v -0.063798 0.267022 0.082874
v -0.008660 0.437513 0.071601
v -0.009809 0.256483 0.096259
v 0.071839 0.361147 0.077755
v 0.076496 0.438945 -0.009426
v 0.068248 0.260565 -0.001564
v 0.069667 0.352233 -0.096484
v -0.010530 0.434039 -0.095582
v -0.009808 0.271188 -0.095582
v -0.090158 0.353777 -0.096484
v -0.095150 0.440489 -0.009426
v -0.090996 0.361147 0.077755
v -0.087865 0.260566 -0.001564
v -0.008897 0.470081 -0.009591
v -0.009808 0.238637 -0.002558
v -0.009579 0.362712 0.102613
v 0.102412 0.357992 -0.006749
v -0.010046 0.352280 -0.124121
v -0.121884 0.358378 -0.006749
v 0.083286 0.302958 0.013426
v -0.009808 0.312200 0.099215
v 0.052997 0.310350 0.078934
v -0.102902 0.302958 0.013426
v -0.072613 0.310351 0.078934
v 0.034722 0.433499 0.068744
v -0.052081 0.433499 0.068744
v -0.041646 0.260187 0.093574
v 0.022029 0.260186 0.093574
v 0.071161 0.396698 0.071664
v 0.047293 0.285517 0.084588
v 0.069766 0.432034 -0.054389
v 0.073159 0.434861 0.033754
v 0.058210 0.260433 0.051057
v 0.063387 0.271906 -0.050561
v 0.067497 0.392757 -0.093672
v 0.061020 0.311445 -0.090875
v -0.052690 0.432861 -0.092514
v 0.030839 0.428840 -0.092514
v 0.025115 0.275392 -0.092210
v -0.044732 0.275392 -0.092210
v -0.089444 0.396971 -0.093672
v -0.080747 0.311638 -0.090875
v -0.090685 0.435054 0.033754
v -0.090803 0.436248 -0.054390
v -0.082949 0.333698 0.077862
v -0.089430 0.396698 0.071664
v -0.083004 0.271907 -0.050561
v -0.077827 0.260434 0.051057
v -0.009803 0.459864 -0.056697
v -0.056410 0.463348 -0.009571
v -0.008517 0.462252 0.035466
v 0.038330 0.462286 -0.009571
v -0.009808 0.248144 -0.055817
v 0.035423 0.244203 -0.002296
v -0.009808 0.241255 0.055254
v -0.055039 0.244204 -0.002296
v 0.034911 0.362095 0.097361
v -0.009119 0.400055 0.093988
v -0.054069 0.362095 0.097361
v -0.009780 0.335959 0.100651
v 0.094060 0.353174 -0.055239
v 0.098346 0.400766 -0.008844
v 0.094848 0.360508 0.040628
v 0.092316 0.322561 -0.000285
v -0.053348 0.353186 -0.118436
v -0.010463 0.396363 -0.117620
v 0.033028 0.352125 -0.118436
v -0.009838 0.308012 -0.117620
v -0.114045 0.360556 0.040628
v -0.117497 0.401876 -0.008844
v -0.114131 0.354284 -0.055239
v -0.111915 0.322609 -0.000285
v 0.080961 0.284531 0.001976
v -0.009809 0.283229 0.104648
v 0.063390 0.333698 0.077862
v 0.072700 0.305837 0.045277
v 0.024202 0.312144 0.095638
v -0.100578 0.284531 0.001976
v -0.066910 0.285517 0.084588
v -0.043819 0.312144 0.095638
v -0.092317 0.305837 0.045277
v 0.034612 0.452464 -0.055640
v -0.054888 0.455460 -0.055640
v -0.054475 0.455827 0.034499
v 0.037356 0.455694 0.034499
v -0.050538 0.253862 -0.054367
v 0.030921 0.253861 -0.054367
v 0.030013 0.246351 0.054352
v -0.049630 0.246352 0.054352
v 0.020610 0.284763 0.101450
v 0.035478 0.398432 0.089303
v -0.053723 0.398432 0.089303
v -0.040227 0.284763 0.101450
v -0.104102 0.306414 -0.044109
v 0.089776 0.396839 -0.056340
v 0.092231 0.399446 0.037101
v 0.067926 0.281885 0.048073
v -0.047788 0.310041 -0.112356
v -0.054047 0.396951 -0.112714
v 0.032497 0.393955 -0.112714
v 0.028083 0.309909 -0.112356
v -0.087543 0.281886 0.048073
v -0.110591 0.399585 0.037101
v -0.110627 0.399974 -0.056340
v 0.084313 0.329981 0.042460
v 0.030194 0.335481 0.096101
v -0.049754 0.335481 0.096101
v -0.103877 0.329987 0.042460
v 0.084444 0.306314 -0.044109
v -0.053315 0.118079 0.013294
v -0.046068 0.210068 -0.001702
v -0.053315 0.124084 -0.031359
v -0.045768 0.215615 -0.027306
v 0.032434 0.118079 0.013294
v 0.024524 0.210068 -0.001702
v 0.032434 0.124084 -0.031359
v 0.024223 0.215615 -0.027306
v -0.051188 0.149075 0.019122
v -0.051188 0.157128 -0.029568
v 0.030261 0.157128 -0.029568
v 0.030261 0.149075 0.019122
v -0.010276 0.113271 -0.042522
v -0.010712 0.231491 -0.036948
v -0.010276 0.104264 0.024458
v -0.010712 0.219148 0.009800
v -0.010323 0.145481 0.031294
v -0.010323 0.157561 -0.041740
v 0.002394 0.231786 -0.029348
v 0.007686 0.107501 0.024458
v 0.006491 0.158127 -0.041740
v 0.007686 0.116508 -0.042522
v 0.003596 0.223557 0.001337
v 0.006491 0.146047 0.031294
v -0.027581 0.116508 -0.042522
v -0.026117 0.223557 0.001337
v -0.026573 0.146047 0.031294
v -0.024914 0.231786 -0.029348
v -0.027581 0.107501 0.024458
v -0.026573 0.158127 -0.041740
v -0.049168 0.182396 0.012916
v -0.049101 0.190429 -0.031239
v 0.027934 0.190429 -0.031239
v 0.028001 0.182396 0.012916
v -0.010535 0.182862 0.024981
v -0.010535 0.195288 -0.042231
v 0.005832 0.183142 0.024662
v 0.005565 0.195484 -0.042232
v -0.026599 0.195484 -0.042232
v -0.026866 0.183142 0.024662
v -0.057724 0.122717 -0.009032
v -0.048064 0.198902 0.005630
v -0.047232 0.214300 -0.015060
v -0.052251 0.140588 -0.030054
v -0.041280 0.120991 -0.041127
v 0.016567 0.221655 -0.030239
v 0.031365 0.140588 -0.030054
v 0.036597 0.122717 -0.009032
v 0.025723 0.214300 -0.015060
v 0.031365 0.133384 0.017164
v 0.021015 0.112359 0.023062
v -0.039119 0.214393 0.001396
v -0.052251 0.133384 0.017164
v -0.050129 0.173737 -0.030331
v 0.029102 0.173737 -0.030331
v 0.029111 0.165442 0.017662
v -0.039655 0.146849 0.029772
v 0.034277 0.153271 -0.005223
v 0.019256 0.158425 -0.040218
v -0.055415 0.153271 -0.005223
v -0.002544 0.113939 -0.042522
v -0.018588 0.232116 -0.035998
v -0.017680 0.104933 0.024458
v -0.002195 0.220287 0.008526
v -0.003150 0.145637 0.031294
v -0.017214 0.157717 -0.041740
v -0.010282 0.136034 -0.041859
v -0.010282 0.125229 0.028969
v -0.010419 0.164542 0.029789
v -0.010419 0.177031 -0.042323
v -0.003247 0.232116 -0.035998
v -0.002544 0.104933 0.024458
v -0.003150 0.157717 -0.041740
v 0.021015 0.120991 -0.041127
v 0.017201 0.214393 0.001396
v 0.019256 0.146849 0.029772
v 0.005921 0.164706 0.029749
v 0.004996 0.228259 -0.014114
v 0.007101 0.126918 0.028969
v 0.007101 0.137723 -0.041859
v 0.005888 0.177186 -0.042323
v -0.017680 0.113939 -0.042522
v -0.019641 0.220287 0.008526
v -0.017214 0.145637 0.031294
v -0.038484 0.221655 -0.030239
v -0.041280 0.112359 0.023062
v -0.039655 0.158425 -0.040218
v -0.026369 0.177186 -0.042323
v -0.027020 0.137723 -0.041859
v -0.027020 0.126918 0.028969
v -0.027791 0.228259 -0.014114
v -0.026403 0.164706 0.029749
v -0.050137 0.165442 0.017662
v -0.047864 0.206147 -0.030628
v 0.026526 0.206147 -0.030628
v 0.026726 0.198902 0.005630
v -0.010631 0.201019 0.017949
v -0.010631 0.213378 -0.040199
v 0.006224 0.201826 0.016330
v 0.005434 0.213553 -0.039443
v -0.027085 0.213553 -0.039443
v -0.027874 0.201826 0.016330
v -0.017678 0.183160 0.024905
v -0.038672 0.193833 -0.040858
v -0.003552 0.195575 -0.042231
v 0.017773 0.182155 0.022894
v -0.017495 0.195575 -0.042231
v -0.003368 0.183160 0.024905
v -0.038864 0.182155 0.022894
v 0.031721 0.185803 -0.009228
v 0.017581 0.193833 -0.040858
v -0.052918 0.185803 -0.009228
v -0.051211 0.201874 -0.012726
v 0.017031 0.210507 -0.038328
v 0.029946 0.201874 -0.012726
v -0.039106 0.199771 0.014181
v -0.039165 0.222108 -0.015230
v -0.040434 0.129547 0.027493
v 0.035455 0.137825 -0.006445
v 0.020152 0.139902 -0.040384
v -0.056583 0.137825 -0.006445
v -0.017404 0.136388 -0.041859
v -0.002837 0.125583 0.028969
v -0.002787 0.201585 0.017575
v -0.018083 0.213837 -0.040041
v 0.017573 0.199771 0.014181
v 0.017120 0.222108 -0.015230
v 0.020152 0.129547 0.027493
v -0.002837 0.136388 -0.041859
v -0.003353 0.213837 -0.040041
v -0.038564 0.210507 -0.038328
v -0.040434 0.139902 -0.040384
v -0.017404 0.125583 0.028969
v -0.018649 0.201585 0.017575
v -0.017227 0.164698 0.029780
v -0.039025 0.176306 -0.040824
v -0.003455 0.177187 -0.042323
v 0.018362 0.164366 0.028201
v -0.017204 0.177187 -0.042323
v -0.003432 0.164698 0.029780
v -0.039049 0.164366 0.028201
v 0.033034 0.169301 -0.006342
v 0.018338 0.176306 -0.040824
v -0.054197 0.169301 -0.006342
v -0.056256 0.117288 0.014778
v -0.056256 0.123566 -0.032571
v 0.035358 0.117252 0.015121
v 0.035358 0.123586 -0.032914
v -0.010291 0.112220 -0.044665
v -0.010291 0.102761 0.026872
v 0.008920 0.106107 0.027087
v 0.008920 0.115601 -0.044880
v -0.028789 0.115638 -0.044451
v -0.028789 0.106215 0.026658
v 0.011664 0.066367 0.018400
v 0.036642 0.075375 0.009667
v 0.036642 0.080488 -0.025264
v 0.011664 0.074037 -0.033997
v -0.005489 0.064590 0.009667
v -0.005489 0.069703 -0.025264
v -0.057639 0.076632 0.009667
v -0.031927 0.066800 0.018400
v -0.031927 0.075171 -0.033997
v -0.057639 0.082212 -0.025264
v -0.015894 0.070441 -0.025264
v -0.015894 0.064860 0.009667
v -0.054149 0.130247 0.017403
v -0.054149 0.136369 -0.035396
v 0.033280 0.130247 0.017403
v 0.033280 0.136369 -0.035396
v -0.010267 0.125344 -0.048595
v -0.010267 0.116162 0.030602
v 0.008047 0.119462 0.030602
v 0.008047 0.128645 -0.048595
v -0.027911 0.128645 -0.048595
v -0.027911 0.119462 0.030602
v 0.037403 0.097422 0.013589
v 0.010150 0.095846 -0.041205
v -0.010579 0.089711 -0.034433
v 0.010150 0.086672 0.024410
v 0.037403 0.103557 -0.030383
v -0.010579 0.082272 0.017748
v -0.030158 0.087177 0.022692
v -0.058362 0.103764 -0.029009
v -0.058362 0.097779 0.012215
v -0.030158 0.096183 -0.039487
v -0.060961 0.122138 -0.008896
v -0.043413 0.120331 -0.042933
v 0.039804 0.122145 -0.008897
v 0.023161 0.111219 0.025624
v -0.002018 0.112907 -0.044789
v -0.018210 0.103499 0.026749
v -0.002018 0.103428 0.026996
v 0.023161 0.120324 -0.043417
v -0.018210 0.112938 -0.044542
v -0.043413 0.111306 0.025140
v 0.036593 0.108016 0.014478
v 0.009487 0.106381 -0.043304
v -0.010355 0.102858 -0.042287
v -0.029406 0.097231 0.024701
v -0.057521 0.114321 -0.030859
v 0.010887 0.076455 0.021759
v 0.037302 0.092145 -0.028081
v -0.006899 0.074275 0.012018
v -0.007670 0.066922 -0.007798
v 0.040780 0.079325 -0.007798
v 0.001018 0.071653 -0.032905
v 0.001018 0.064303 0.017309
v 0.025244 0.070504 0.017309
v 0.025244 0.077854 -0.032905
v -0.058283 0.087205 0.010941
v -0.031014 0.085672 -0.036774
v -0.013973 0.067405 -0.007798
v -0.021740 0.064547 0.017309
v -0.061980 0.080943 -0.007798
v -0.021740 0.072569 -0.032905
v -0.045743 0.071316 0.017309
v -0.045743 0.079338 -0.032905
v -0.058644 0.134976 -0.008996
v -0.041878 0.133215 -0.046945
v 0.037524 0.134976 -0.008996
v 0.021637 0.124415 0.028953
v -0.002384 0.126026 -0.048595
v -0.017815 0.116843 0.030602
v -0.002384 0.116843 0.030602
v 0.021637 0.133215 -0.046945
v -0.017815 0.126026 -0.048595
v -0.041878 0.124415 0.028953
v -0.010271 0.110010 0.028651
v 0.008455 0.113370 0.028678
v 0.008455 0.122743 -0.046645
v -0.010271 0.119378 -0.046618
v -0.028311 0.122747 -0.046592
v -0.055132 0.130624 -0.034052
v 0.034252 0.130626 -0.034095
v -0.028311 0.113384 0.028624
v 0.034252 0.124377 0.016127
v -0.055132 0.124382 0.016084
v 0.037302 0.086449 0.011886
v 0.010887 0.084979 -0.037955
v -0.006899 0.080056 -0.028198
v 0.009487 0.096911 0.025936
v 0.036593 0.114343 -0.031847
v -0.010355 0.093594 0.024926
v 0.024857 0.100400 -0.039981
v 0.024857 0.091585 0.023186
v -0.001260 0.084086 0.023452
v -0.001260 0.093035 -0.040239
v 0.041972 0.102161 -0.008397
v -0.010761 0.081594 -0.008224
v -0.031014 0.076978 0.020579
v -0.058283 0.092988 -0.027137
v -0.057521 0.108148 0.013490
v -0.029406 0.106511 -0.042070
v -0.045201 0.100677 -0.038049
v -0.045201 0.092070 0.021254
v -0.063179 0.102402 -0.008397
v -0.019200 0.093300 -0.039246
v -0.014388 0.080455 -0.027994
v -0.014388 0.074472 0.011814
v -0.019200 0.084411 0.022459
v -0.008978 0.076574 -0.008079
v 0.041709 0.090849 -0.008098
v -0.000139 0.082353 -0.036618
v -0.000139 0.074183 0.020424
v 0.025186 0.081028 0.020614
v 0.025186 0.089214 -0.036809
v -0.012584 0.076826 -0.008079
v -0.020451 0.074512 0.019724
v -0.062919 0.091672 -0.008098
v -0.020451 0.082914 -0.035918
v -0.045603 0.081691 0.019285
v -0.045603 0.090007 -0.035481
v -0.002210 0.110701 0.028666
v -0.002210 0.120072 -0.046634
v -0.042589 0.127408 -0.045020
v 0.022350 0.127407 -0.045081
v -0.017990 0.110710 0.028635
v 0.038591 0.129204 -0.008984
v -0.017990 0.120076 -0.046603
v 0.022350 0.118425 0.027113
v -0.042589 0.118436 0.027052
v -0.059727 0.129203 -0.008984
v 0.024095 0.111086 -0.041965
v 0.024095 0.101993 0.024596
v -0.001772 0.094266 0.025575
v -0.001772 0.103666 -0.042942
v 0.041148 0.112903 -0.008684
v -0.044382 0.111138 -0.040576
v -0.044382 0.102262 0.023207
v -0.018542 0.103770 -0.042232
v -0.062334 0.112916 -0.008684
v -0.018542 0.094475 0.024865
v -0.111685 0.250189 0.139363
v 0.089239 0.250189 0.139363
v -0.111685 0.450651 0.121211
v 0.089239 0.450651 0.121211
v -0.111685 0.272058 0.135991
v -0.111685 0.429680 0.121775
v -0.111685 0.321858 0.129663
v -0.111685 0.379551 0.124460
v 0.089239 0.429680 0.121775
v 0.089239 0.272058 0.135991
v 0.089239 0.379551 0.124460
v 0.089239 0.321858 0.129663
v -0.138545 0.188354 -0.019741
v -0.040220 0.198385 -0.004393
v -0.132133 0.170313 0.006521
v -0.039737 0.198556 -0.025364
v -0.141107 0.190235 -0.006373
v -0.046101 0.214988 -0.004393
v -0.132128 0.168728 -0.005414
v -0.045618 0.215159 -0.025364
v -0.139815 0.187911 0.006260
v -0.033379 0.200112 -0.016322
v -0.130864 0.170756 -0.019479
v -0.039698 0.217951 -0.016322
v -0.114484 0.168705 0.007466
v -0.113853 0.168934 -0.023458
v -0.121513 0.194107 -0.024080
v -0.122143 0.193878 0.006844
v -0.122725 0.196565 -0.009061
v -0.114547 0.165999 -0.006598
v -0.076847 0.181658 0.003564
v -0.075642 0.182086 -0.025916
v -0.083486 0.205490 -0.026069
v -0.084691 0.205062 0.003411
v -0.085128 0.207516 -0.012681
v -0.075969 0.179341 -0.012068
v -0.134661 0.178665 0.006219
v -0.038713 0.208262 -0.026293
v -0.133268 0.179151 -0.019959
v -0.039112 0.208120 -0.003895
v -0.027106 0.212373 -0.017099
v -0.117503 0.181201 0.010067
v -0.116747 0.181475 -0.027042
v -0.080762 0.193365 0.006810
v -0.079316 0.193880 -0.028567
v -0.134352 0.190203 0.007879
v -0.054627 0.191339 -0.000499
v -0.034950 0.199672 -0.022109
v -0.133198 0.169719 0.000794
v -0.133201 0.173523 0.006416
v -0.041160 0.213032 -0.026137
v -0.141080 0.189182 -0.012958
v -0.138256 0.184231 0.006358
v -0.041418 0.217226 -0.009533
v -0.132514 0.169958 -0.012418
v -0.136876 0.184712 -0.019943
v -0.038026 0.202867 -0.003976
v -0.126502 0.166440 -0.005448
v -0.035172 0.199593 -0.009533
v -0.126488 0.168534 0.008350
v -0.041196 0.217305 -0.022109
v -0.029977 0.216732 -0.017001
v -0.133290 0.190577 -0.022846
v -0.135229 0.192766 -0.007284
v -0.125426 0.168909 -0.022375
v -0.141764 0.188943 0.000253
v -0.096743 0.173708 -0.024719
v -0.104565 0.199226 -0.025161
v -0.105441 0.198911 0.005545
v -0.106133 0.201485 -0.010845
v -0.097474 0.170606 -0.009080
v -0.114447 0.166375 0.001771
v -0.122470 0.196302 -0.017784
v -0.115507 0.174035 0.009749
v -0.122832 0.196171 -0.000002
v -0.119333 0.188720 -0.026668
v -0.114085 0.166507 -0.016010
v -0.097618 0.173393 0.005987
v -0.053715 0.191662 -0.026134
v -0.060769 0.211734 -0.026153
v -0.061681 0.211411 -0.000518
v -0.060373 0.214030 -0.014702
v -0.052004 0.190110 -0.014625
v -0.076220 0.179583 -0.003258
v -0.084590 0.207383 -0.020650
v -0.078487 0.186643 0.006404
v -0.085283 0.207137 -0.003699
v -0.081622 0.200590 -0.028255
v -0.075527 0.179829 -0.020209
v -0.037612 0.203014 -0.026137
v -0.131821 0.174004 -0.019885
v -0.041575 0.212885 -0.003976
v -0.026593 0.207179 -0.017001
v -0.120074 0.188452 0.009668
v -0.114766 0.174303 -0.026586
v -0.083038 0.200086 0.006385
v -0.077072 0.187147 -0.028235
v -0.100247 0.186573 -0.027888
v -0.101297 0.186195 0.008959
v -0.136132 0.178921 -0.006509
v -0.127277 0.179466 -0.025888
v -0.029410 0.211557 -0.022485
v -0.029479 0.211532 -0.010651
v -0.128560 0.179014 0.010675
v -0.057984 0.201435 0.002298
v -0.056915 0.201815 -0.028216
v -0.052336 0.190257 -0.021551
v -0.059068 0.207585 -0.027959
v -0.061071 0.213519 -0.006776
v -0.056031 0.195594 0.001963
v -0.126962 0.172895 0.010427
v -0.028878 0.206352 -0.010532
v -0.028790 0.206383 -0.022424
v -0.098014 0.179248 -0.027491
v -0.060553 0.213702 -0.021606
v -0.052854 0.190073 -0.006721
v -0.130427 0.185846 -0.025509
v -0.103657 0.193509 0.008533
v -0.135468 0.192263 0.001461
v -0.126674 0.166750 0.002768
v -0.134771 0.173395 -0.006196
v -0.134855 0.192479 -0.016123
v -0.097421 0.170985 -0.000359
v -0.105667 0.201306 -0.019284
v -0.099042 0.178877 0.008589
v -0.106171 0.201125 -0.001628
v -0.102628 0.193879 -0.027547
v -0.096918 0.171166 -0.018015
v -0.126061 0.166966 -0.014815
v -0.140775 0.185049 -0.006306
v -0.125707 0.173337 -0.025438
v -0.032185 0.215967 -0.022424
v -0.032273 0.215936 -0.010532
v -0.131681 0.185404 0.010356
v -0.060120 0.207212 0.001961
v -0.054979 0.195967 -0.027957
v -0.038134 0.198698 -0.004161
v -0.037631 0.198876 -0.025987
v -0.044255 0.215979 -0.004161
v -0.043751 0.216157 -0.025987
v -0.031013 0.200496 -0.016576
v -0.037590 0.219063 -0.016576
v -0.078442 0.180031 0.005630
v -0.076547 0.180702 -0.027350
v -0.085431 0.205783 -0.027350
v -0.087326 0.205112 0.005630
v -0.088719 0.207442 -0.012535
v -0.078059 0.177344 -0.012535
v -0.036565 0.208978 -0.026954
v -0.036980 0.208831 -0.003642
v -0.024484 0.213257 -0.017384
v -0.082590 0.192676 0.009486
v -0.080316 0.193481 -0.030089
v -0.053402 0.191207 0.000081
v -0.032648 0.200038 -0.022600
v -0.039112 0.213943 -0.026792
v -0.039380 0.218308 -0.009511
v -0.035850 0.203364 -0.003726
v -0.032880 0.199956 -0.009511
v -0.039149 0.218390 -0.022600
v -0.027472 0.217794 -0.017283
v -0.052373 0.191572 -0.026887
v -0.059805 0.212554 -0.026887
v -0.060834 0.212189 0.000081
v -0.059590 0.214886 -0.014858
v -0.050738 0.189894 -0.014858
v -0.078170 0.177657 -0.002425
v -0.087519 0.207514 -0.021388
v -0.080072 0.185452 0.009004
v -0.088609 0.207128 -0.002425
v -0.082954 0.200662 -0.029747
v -0.077080 0.178043 -0.021388
v -0.035419 0.203517 -0.026792
v -0.039544 0.213791 -0.003726
v -0.023950 0.207851 -0.017283
v -0.085181 0.199874 0.009004
v -0.077846 0.186241 -0.029747
v -0.026882 0.212408 -0.022991
v -0.026954 0.212382 -0.010674
v -0.056905 0.201774 0.003052
v -0.055696 0.202202 -0.029052
v -0.051019 0.190071 -0.022114
v -0.057967 0.208233 -0.028782
v -0.060282 0.214365 -0.006514
v -0.054854 0.195665 0.002696
v -0.026329 0.206990 -0.010550
v -0.026237 0.207023 -0.022927
v -0.059697 0.214572 -0.022114
v -0.051604 0.189864 -0.006514
v -0.029770 0.216998 -0.022927
v -0.029862 0.216966 -0.010550
v -0.059156 0.207811 0.002696
v -0.053664 0.196086 -0.028782
v 0.114047 0.187717 -0.019881
v 0.015770 0.198211 -0.004534
v 0.107550 0.169706 0.006381
v 0.015287 0.198385 -0.025504
v 0.116617 0.189586 -0.006513
v 0.021729 0.214786 -0.004534
v 0.107537 0.168122 -0.005554
v 0.021246 0.214960 -0.025504
v 0.115314 0.187268 0.006119
v 0.008937 0.199971 -0.016462
v 0.106282 0.170156 -0.019620
v 0.015340 0.217780 -0.016462
v 0.089893 0.168182 0.007325
v 0.089263 0.168413 -0.023599
v 0.097041 0.193550 -0.024220
v 0.097670 0.193319 0.006704
v 0.098265 0.196003 -0.009201
v 0.089943 0.165476 -0.006738
v 0.052317 0.181312 0.003424
v 0.051114 0.181746 -0.026056
v 0.059068 0.205113 -0.026210
v 0.060271 0.204678 0.003271
v 0.060720 0.207130 -0.012822
v 0.051428 0.178999 -0.012208
v 0.110116 0.178047 0.006079
v 0.014309 0.208095 -0.026433
v 0.108726 0.178539 -0.020100
v 0.014707 0.207952 -0.004036
v 0.002722 0.212261 -0.017239
v 0.092971 0.180664 0.009926
v 0.092216 0.180941 -0.027183
v 0.056287 0.193001 0.006670
v 0.054844 0.193522 -0.028707
v 0.109862 0.189585 0.007739
v 0.030143 0.191097 -0.000639
v 0.010506 0.199523 -0.022250
v 0.108611 0.169108 0.000654
v 0.108633 0.172911 0.006276
v 0.016779 0.212854 -0.026278
v 0.116585 0.188533 -0.013099
v 0.113738 0.183595 0.006217
v 0.017056 0.217046 -0.009674
v 0.107928 0.169350 -0.012558
v 0.112360 0.184083 -0.020084
v 0.013597 0.202704 -0.004116
v 0.101900 0.165860 -0.005589
v 0.010728 0.199443 -0.009674
v 0.101896 0.167954 0.008209
v 0.016834 0.217126 -0.022250
v 0.005613 0.216606 -0.017142
v 0.108802 0.189965 -0.022986
v 0.110751 0.192145 -0.007424
v 0.100835 0.168334 -0.022515
v 0.117268 0.188291 0.000113
v 0.072176 0.173268 -0.024859
v 0.080118 0.198749 -0.025301
v 0.080992 0.198430 0.005405
v 0.081697 0.201001 -0.010985
v 0.072892 0.170162 -0.009220
v 0.089845 0.165852 0.001631
v 0.098009 0.195741 -0.017924
v 0.090941 0.173507 0.009609
v 0.098371 0.195608 -0.000142
v 0.094836 0.188173 -0.026808
v 0.089484 0.165985 -0.016151
v 0.073049 0.172949 0.005847
v 0.029233 0.191424 -0.026274
v 0.036382 0.211463 -0.026293
v 0.037292 0.211136 -0.000659
v 0.035996 0.213761 -0.014842
v 0.027514 0.189881 -0.014766
v 0.051681 0.179240 -0.003398
v 0.060182 0.207000 -0.020790
v 0.053981 0.186289 0.006264
v 0.060873 0.206751 -0.003839
v 0.057182 0.200221 -0.028395
v 0.050989 0.179489 -0.020349
v 0.013183 0.202853 -0.026278
v 0.107255 0.173399 -0.020025
v 0.017193 0.212705 -0.004116
v 0.002184 0.207069 -0.017142
v 0.095575 0.187902 0.009528
v 0.090202 0.173778 -0.026727
v 0.058595 0.199711 0.006245
v 0.052568 0.186800 -0.028376
v 0.075740 0.186116 -0.028028
v 0.076789 0.185733 0.008819
v 0.111588 0.178296 -0.006649
v 0.102736 0.178883 -0.026028
v 0.005021 0.211434 -0.022625
v 0.005091 0.211409 -0.010792
v 0.104017 0.178425 0.010535
v 0.033548 0.201178 0.002158
v 0.032480 0.201562 -0.028357
v 0.027847 0.190026 -0.021691
v 0.034661 0.207323 -0.028100
v 0.036692 0.213247 -0.006916
v 0.031567 0.195345 0.001823
v 0.102391 0.172313 0.010287
v 0.004466 0.206231 -0.010672
v 0.004378 0.206263 -0.022564
v 0.073472 0.178802 -0.027631
v 0.036175 0.213433 -0.021746
v 0.028364 0.189840 -0.006861
v 0.105916 0.185248 -0.025649
v 0.079183 0.193036 0.008393
v 0.110988 0.191641 0.001321
v 0.102074 0.166170 0.002628
v 0.110202 0.172776 -0.006336
v 0.110375 0.191860 -0.016263
v 0.072841 0.170542 -0.000499
v 0.081230 0.200824 -0.019424
v 0.074499 0.178427 0.008448
v 0.081732 0.200640 -0.001768
v 0.078156 0.193411 -0.027687
v 0.072339 0.170726 -0.018155
v 0.101462 0.166388 -0.014956
v 0.116261 0.184402 -0.006446
v 0.101138 0.172760 -0.025579
v 0.007817 0.215831 -0.022564
v 0.007905 0.215799 -0.010672
v 0.107169 0.184800 0.010216
v 0.035711 0.206945 0.001820
v 0.030517 0.195723 -0.028097
v 0.012117 0.198777 -0.004126
v 0.011600 0.198963 -0.026596
v 0.018502 0.216537 -0.004126
v 0.017985 0.216723 -0.026596
v 0.004795 0.200663 -0.016908
v 0.011656 0.219745 -0.016908
v 0.053523 0.179364 0.005953
v 0.051575 0.180064 -0.027999
v 0.060843 0.205842 -0.027999
v 0.062790 0.205142 0.005953
v 0.064236 0.207533 -0.012747
v 0.053115 0.176600 -0.012747
v 0.010551 0.209368 -0.027592
v 0.010978 0.209214 -0.003592
v -0.001865 0.213832 -0.017740
v 0.057854 0.192362 0.009923
v 0.055517 0.193202 -0.030819
v 0.027799 0.190991 0.000241
v 0.006476 0.200183 -0.023109
v 0.013198 0.214467 -0.027425
v 0.013495 0.218960 -0.009634
v 0.009789 0.203591 -0.003679
v 0.006714 0.200098 -0.009634
v 0.013257 0.219045 -0.023109
v 0.001234 0.218488 -0.017636
v 0.026741 0.191372 -0.027523
v 0.034494 0.212936 -0.027523
v 0.035551 0.212556 0.000241
v 0.034284 0.215339 -0.015139
v 0.025049 0.189653 -0.015139
v 0.053231 0.176922 -0.002339
v 0.063001 0.207613 -0.021862
v 0.055227 0.184937 0.009427
v 0.064120 0.207211 -0.002339
v 0.058268 0.200582 -0.030467
v 0.052111 0.177325 -0.021862
v 0.009345 0.203751 -0.027425
v 0.013641 0.214308 -0.003679
v -0.002440 0.208268 -0.017636
v 0.060556 0.199759 0.009427
v 0.052939 0.185760 -0.030467
v 0.000600 0.212946 -0.023511
v 0.000674 0.212919 -0.010832
v 0.031456 0.201852 0.003300
v 0.030213 0.202299 -0.029752
v 0.025340 0.189833 -0.022609
v 0.032580 0.208497 -0.029474
v 0.034994 0.214799 -0.006548
v 0.029315 0.195574 0.002933
v 0.000004 0.207371 -0.010703
v -0.000090 0.207405 -0.023446
v 0.034393 0.215015 -0.022609
v 0.025941 0.189617 -0.006548
v 0.003596 0.217657 -0.023446
v 0.003690 0.217623 -0.010703
v 0.033803 0.208057 0.002933
v 0.028092 0.196013 -0.029474
vn -0.5800 -0.1895 0.7923
vn -0.5800 0.1895 0.7923
vn -0.9429 -0.3255 0.0703
vn -0.9429 0.3255 0.0703
vn 0.5800 -0.1895 0.7923
vn 0.5800 0.1895 0.7923
vn 0.9429 -0.3255 0.0703
vn 0.9429 0.3255 0.0703
vn -0.0000 -0.9851 0.1718
vn -0.0000 0.9851 0.1718
vn -0.0000 -0.2497 0.9683
vn -0.0000 0.2497 0.9683
vn -0.8886 -0.3181 0.3304
vn -0.5389 -0.0000 0.8424
vn -0.8886 0.3181 0.3304
vn -0.9988 -0.0000 0.0490
vn -0.6211 -0.7724 0.1330
vn 0.6211 0.7724 0.1330
vn 0.9988 -0.0000 0.0490
vn 0.8886 -0.3181 0.3304
vn 0.8886 0.3181 0.3304
vn 0.5389 -0.0000 0.8424
vn 0.2255 -0.2388 0.9445
vn -0.2255 0.2388 0.9445
vn 0.6211 -0.7724 0.1330
vn -0.6211 0.7724 0.1330
vn -0.2255 -0.2388 0.9445
vn 0.2255 0.2388 0.9445
vn -0.0000 0.7548 0.6559
vn -0.0000 -0.7548 0.6559
vn -0.0000 -0.0000 1.0000
vn -0.9716 -0.0000 0.2366
vn 0.9716 -0.0000 0.2366
vn -0.1517 -0.0000 0.9884
vn 0.5028 -0.6596 0.5586
vn -0.5028 0.6596 0.5586
vn 0.5028 0.6596 0.5586
vn -0.5028 -0.6596 0.5586
vn 0.1517 -0.0000 0.9884
vn 0.5639 0.4797 -0.6723
vn 0.5657 0.5165 0.6428
vn -0.6000 0.5038 -0.6214
vn -0.6185 0.5369 0.5738
vn 0.0020 0.6724 0.7402
vn 0.7254 0.6871 -0.0411
vn 0.0299 0.6158 -0.7873
vn -0.7678 0.6406 0.0105
vn 0.0183 0.9997 -0.0169
vn 0.2437 0.6289 0.7383
vn -0.1961 0.6472 0.7367
vn 0.5388 0.1383 0.8310
vn 0.6942 0.6540 -0.3005
vn 0.6957 0.6547 0.2957
vn 0.6268 0.1286 -0.7685
vn -0.1703 0.6038 -0.7787
vn 0.2746 0.5736 -0.7717
vn -0.6571 0.1107 -0.7456
vn -0.7302 0.6162 0.2952
vn -0.7487 0.6234 -0.2253
vn -0.6281 0.1271 0.7677
vn 0.0319 0.9467 -0.3205
vn -0.2552 0.9669 0.0004
vn 0.0076 0.9285 0.3713
vn 0.3441 0.9383 -0.0339
vn -0.0887 0.3034 0.9487
vn 0.9723 0.2311 -0.0361
vn 0.0163 0.2417 -0.9702
vn -0.9457 0.3250 0.0023
vn 0.3255 0.8917 -0.3145
vn -0.2199 0.9321 -0.2877
vn -0.2359 0.9030 0.3592
vn 0.3046 0.8908 0.3372
vn 0.2572 0.2244 0.9399
vn -0.2283 0.1552 0.9612
vn 0.9530 0.1954 -0.2313
vn 0.8961 0.1915 0.4005
vn -0.2295 0.2269 -0.9465
vn 0.3334 0.2138 -0.9182
vn -0.8867 0.2496 0.3892
vn -0.9394 0.2301 -0.2541
vn -0.2620 -0.0740 0.9622
vn 0.0064 0.0726 0.9973
vn -0.4011 -0.1448 0.9045
vn 0.5310 -0.2595 0.8067
vn 0.1158 -0.1062 0.9876
vn 0.9857 -0.1661 -0.0291
vn 0.8531 -0.2491 -0.4585
vn 0.9297 -0.1751 0.3241
vn 0.5938 -0.1636 0.7879
vn 0.8075 -0.2051 0.5530
vn 0.3574 -0.4939 -0.7927
vn 0.9066 -0.3701 0.2027
vn 0.7256 -0.4663 -0.5060
vn -0.8604 -0.3431 -0.3769
vn 0.1063 -0.6207 -0.7768
vn -0.3994 -0.5699 -0.7181
vn 0.4100 -0.6426 -0.6472
vn 0.3867 -0.2551 -0.8862
vn 0.7284 -0.1964 -0.6563
vn 0.0333 -0.2106 -0.9770
vn -0.3092 -0.2050 -0.9286
vn -0.8362 -0.1791 -0.5184
vn 0.6553 0.5756 -0.4891
vn -0.6924 0.5753 -0.4354
vn 0.0364 0.8356 -0.5481
vn 0.2858 0.8001 -0.5274
vn -0.1772 0.8343 -0.5221
vn 0.8251 0.2233 -0.5189
vn -0.8418 0.2431 -0.4820
vn 0.7633 -0.5063 -0.4013
vn 0.5261 -0.1200 -0.8419
vn 0.9975 -0.0129 -0.0691
vn 0.8823 -0.0816 -0.4636
vn -0.6468 -0.2053 0.7345
vn -0.8764 -0.1973 0.4393
vn -0.8764 -0.4810 0.0259
vn -0.8099 -0.4772 0.3410
vn -0.7692 -0.4929 -0.4067
vn -0.3473 -0.4492 -0.8232
vn -0.8783 -0.3647 0.3092
vn -0.7615 -0.5282 -0.3758
vn -0.8673 -0.0948 -0.4887
vn -0.5056 -0.1782 -0.8441
vn -0.9973 -0.0179 -0.0711
vn -0.7295 -0.2631 0.6314
vn -0.0069 -0.1539 0.9881
vn -0.9981 -0.0609 0.0018
vn -0.9169 -0.1455 -0.3715
vn -0.9549 -0.0356 0.2949
vn -0.3666 0.6075 0.7047
vn -0.3767 0.5648 -0.7342
vn -0.5031 0.8642 0.0098
vn -0.4672 0.8494 -0.2454
vn -0.4642 0.8249 0.3225
vn -0.3610 0.1928 0.9124
vn -0.4738 0.1793 -0.8622
vn -0.6837 -0.5081 -0.5238
vn -0.6250 -0.2188 -0.7493
vn -0.4045 0.7842 -0.4705
vn -0.4369 -0.1946 0.8782
vn -0.5650 -0.4830 0.6689
vn -0.5630 -0.5177 -0.6442
vn 0.5984 -0.5084 0.6192
vn 0.6148 -0.5424 -0.5726
vn -0.0013 -0.6602 -0.7511
vn -0.7238 -0.6887 0.0426
vn -0.0299 -0.6179 0.7856
vn 0.7665 -0.6421 -0.0103
vn -0.0181 -0.9997 0.0179
vn -0.2334 -0.6275 -0.7428
vn 0.1868 -0.6453 -0.7408
vn -0.6184 -0.2940 -0.7288
vn -0.6919 -0.6563 0.3009
vn -0.6941 -0.6576 -0.2928
vn -0.5771 -0.2772 0.7682
vn 0.1678 -0.6058 0.7777
vn -0.2715 -0.5764 0.7708
vn 0.5478 -0.2581 0.7958
vn 0.7282 -0.6202 -0.2917
vn 0.7471 -0.6257 0.2244
vn 0.6520 -0.2943 -0.6987
vn -0.0320 -0.9460 0.3226
vn 0.2561 -0.9667 0.0001
vn -0.0069 -0.9289 -0.3703
vn -0.3410 -0.9394 0.0353
vn 0.0897 -0.3196 -0.9433
vn -0.9723 -0.2310 0.0360
vn -0.0162 -0.2417 0.9702
vn 0.9456 -0.3253 -0.0024
vn -0.3219 -0.8924 0.3161
vn 0.2199 -0.9317 0.2890
vn 0.2362 -0.9037 -0.3572
vn -0.3007 -0.8929 -0.3352
vn -0.3047 -0.3639 -0.8802
vn 0.2012 -0.2570 -0.9452
vn -0.8912 -0.3515 0.2867
vn -0.8773 -0.3933 -0.2752
vn 0.2296 -0.2259 0.9467
vn -0.3303 -0.2134 0.9194
vn 0.7999 -0.4877 -0.3496
vn 0.8474 -0.4466 0.2871
vn 0.3616 -0.3375 -0.8691
vn 0.6273 -0.6091 -0.4853
vn -0.2061 -0.1974 -0.9584
vn -0.1124 -0.4241 -0.8986
vn -0.5601 -0.2779 -0.7804
vn -0.9811 -0.1877 0.0480
vn -0.9789 -0.1995 -0.0448
vn -0.9687 -0.2161 0.1224
vn -0.8035 -0.2484 -0.5411
vn -0.5717 -0.2916 -0.7669
vn -0.9788 -0.1099 0.1727
vn -0.5022 -0.1224 0.8561
vn -0.2295 0.3990 0.8878
vn 0.0743 0.3751 0.9240
vn -0.1338 0.4186 0.8982
vn 0.3880 0.3487 0.8532
vn -0.3903 0.4275 0.8154
vn -0.3869 0.2591 0.8849
vn -0.3782 0.2380 0.8946
vn -0.0349 0.2134 0.9763
vn 0.3126 0.2065 0.9272
vn 0.1791 0.2971 0.9379
vn -0.6550 -0.5761 0.4890
vn 0.6924 -0.5765 0.4338
vn -0.0366 -0.8362 0.5471
vn -0.2818 -0.8023 0.5261
vn 0.1761 -0.8355 0.5205
vn -0.8260 -0.2236 0.5175
vn 0.8436 -0.2434 0.4787
vn -0.8411 -0.1418 0.5220
vn -0.9972 -0.0189 0.0723
vn -0.5986 0.1621 0.7845
vn -0.8840 0.0743 0.4616
vn 0.8553 -0.2427 -0.4578
vn 0.5987 -0.2701 -0.7541
vn 0.9944 -0.1053 0.0006
vn 0.9702 -0.1356 0.2008
vn 0.9501 -0.1614 -0.2670
vn 0.9812 -0.0571 0.1844
vn 0.5393 -0.0048 0.8421
vn 0.8541 -0.0640 0.5162
vn 0.8681 0.0896 0.4883
vn 0.9936 0.0041 0.1133
vn 0.5755 0.1583 0.8024
vn -0.0084 -0.2105 -0.9775
vn 0.6312 -0.2166 -0.7447
vn 0.9983 0.0579 -0.0026
vn 0.9722 -0.0700 -0.2232
vn 0.9859 0.0003 0.1674
vn 0.3628 -0.6094 -0.7050
vn 0.3727 -0.5672 0.7344
vn 0.5019 -0.8649 -0.0094
vn 0.4647 -0.8507 0.2457
vn 0.4631 -0.8267 -0.3194
vn 0.3546 -0.1971 -0.9140
vn 0.4695 -0.1754 0.8653
vn 0.6001 0.2788 0.7498
vn 0.6236 0.2211 0.7498
vn 0.4010 -0.7871 0.4687
vn 0.3073 -0.2244 -0.9248
vn 0.3944 0.5702 0.7206
vn 0.1171 0.6615 0.7407
vn -0.0996 0.6662 0.7391
vn -0.4663 0.5797 0.6682
vn 0.5823 0.3398 0.7385
vn 0.6696 0.6112 -0.4220
vn 0.7141 0.6777 -0.1757
vn 0.7208 0.6830 0.1179
vn 0.6418 0.5921 0.4874
vn 0.6013 0.3283 -0.7285
vn -0.2899 0.5841 -0.7581
vn -0.0665 0.6147 -0.7860
vn 0.1416 0.6050 -0.7835
vn 0.4213 0.5243 -0.7400
vn -0.6227 0.3560 -0.6968
vn -0.6800 0.5823 0.4456
vn -0.7577 0.6354 0.1487
vn -0.7637 0.6360 -0.1106
vn -0.6590 0.5508 -0.5122
vn -0.6410 0.3858 0.6635
vn 0.0350 0.8882 -0.4580
vn 0.0257 0.9841 -0.1760
vn -0.4011 0.9160 0.0062
vn -0.1157 0.9933 -0.0076
vn 0.0051 0.8240 0.5665
vn 0.0120 0.9851 0.1713
vn 0.5337 0.8447 -0.0395
vn 0.1711 0.9849 -0.0260
vn -0.0187 0.4862 0.8736
vn 0.8837 0.4665 -0.0389
vn 0.0224 0.4370 -0.8992
vn -0.8722 0.4891 0.0073
vn 0.3050 0.8441 -0.4410
vn 0.1685 0.9312 -0.3232
vn 0.3397 0.9225 -0.1831
vn 0.5082 0.8063 -0.3026
vn -0.1965 0.8827 -0.4269
vn -0.3625 0.8933 -0.2657
vn -0.2416 0.9590 -0.1480
vn -0.0895 0.9474 -0.3072
vn -0.2539 0.9516 0.1730
vn -0.3676 0.8648 0.3421
vn -0.2099 0.8063 0.5531
vn -0.1129 0.9224 0.3695
vn 0.3333 0.9317 0.1441
vn 0.1455 0.9210 0.3612
vn 0.2657 0.7960 0.5439
vn 0.4944 0.8137 0.3055
vn 0.4026 0.2215 0.8882
vn 0.2544 0.4482 0.8570
vn 0.0139 0.3939 0.9190
vn -0.1401 0.2432 0.9598
vn -0.2067 0.4301 0.8788
vn -0.3100 0.2000 0.9295
vn 0.8467 0.2383 -0.4758
vn 0.8377 0.4564 -0.2999
vn 0.9650 0.2136 -0.1523
vn 0.9626 0.2466 0.1123
vn 0.8350 0.4443 0.3246
vn 0.7500 0.2005 0.6303
vn -0.3760 0.2067 -0.9033
vn -0.1941 0.4184 -0.8873
vn -0.0983 0.2397 -0.9659
vn 0.1574 0.2323 -0.9598
vn 0.3037 0.3936 -0.8676
vn 0.4981 0.1785 -0.8486
vn -0.8076 0.2266 0.5445
vn -0.8281 0.4652 0.3129
vn -0.9287 0.3458 0.1342
vn -0.9426 0.3165 -0.1069
vn -0.8506 0.4702 -0.2355
vn -0.8606 0.2739 -0.4293
vn -0.1913 -0.0173 0.9814
vn -0.2423 -0.1499 0.9586
vn -0.2055 0.1604 0.9654
vn -0.3680 0.0055 0.9298
vn 0.2123 0.1938 0.9578
vn 0.3885 -0.2015 0.8992
vn 0.5613 -0.0970 0.8219
vn 0.2050 0.0276 0.9784
vn 0.9299 -0.2236 -0.2919
vn 0.9684 -0.1710 0.1817
vn 0.9983 0.0460 -0.0356
vn 0.9399 0.0002 0.3416
vn 0.8815 -0.1424 -0.4503
vn 0.7252 -0.2018 0.6583
vn 0.8658 -0.0123 0.5003
vn 0.5579 0.0175 0.8297
vn 0.8904 -0.4453 -0.0942
vn 0.5440 0.0526 -0.8375
vn 0.9824 -0.1594 0.0972
vn -0.6285 -0.5177 -0.5805
vn -0.1173 -0.5975 -0.7933
vn 0.2765 -0.6465 -0.7110
vn 0.5521 -0.5970 -0.5821
vn 0.3468 -0.0001 -0.9380
vn 0.7276 -0.3434 -0.5939
vn 0.0178 0.0236 -0.9996
vn -0.2603 0.0221 -0.9653
vn -0.7687 -0.0715 -0.6357
vn 0.4075 -0.4868 -0.7726
vn 0.6974 -0.0340 -0.7159
vn 0.0719 -0.4567 -0.8867
vn -0.3654 -0.4172 -0.8321
vn -0.8466 -0.2673 -0.4603
vn -0.6576 -0.2240 -0.7193
vn -0.1189 -0.1998 -0.9726
vn 0.1973 -0.2366 -0.9514
vn 0.5535 -0.2400 -0.7975
vn 0.6298 0.5393 -0.5590
vn -0.7206 0.5995 -0.3483
vn 0.0354 0.7592 -0.6499
vn 0.2711 0.7265 -0.6314
vn -0.1661 0.7562 -0.6329
vn 0.7777 0.2388 -0.5815
vn -0.8009 0.2244 -0.5551
vn 0.5350 -0.5461 -0.6446
vn 0.8653 -0.2235 -0.4486
vn -0.7923 0.4086 -0.4532
vn 0.7694 0.3863 -0.5088
vn -0.3045 0.8124 -0.4973
vn -0.0665 0.8394 -0.5394
vn 0.1513 0.8246 -0.5450
vn 0.4642 0.7317 -0.4992
vn 0.4288 -0.3425 -0.8360
vn 0.9677 0.0837 -0.2377
vn 0.8658 0.0668 -0.4958
vn 0.8400 -0.0825 -0.5362
vn 0.9180 -0.0752 -0.3894
vn -0.7763 -0.2214 0.5902
vn -0.6257 -0.0520 0.7783
vn -0.9211 0.0111 0.3892
vn -0.8492 -0.4839 0.2115
vn -0.8334 -0.5047 -0.2252
vn -0.9924 0.1234 -0.0005
vn -0.8308 -0.3286 -0.4492
vn -0.9476 0.1581 0.2774
vn -0.8800 -0.4742 -0.0251
vn -0.5321 -0.5347 -0.6565
vn -0.8652 0.0701 -0.4965
vn -0.4011 -0.3113 -0.8615
vn -0.9699 0.1130 -0.2157
vn -0.8523 -0.2531 -0.4578
vn -0.5616 -0.0683 -0.8246
vn -0.9771 -0.1714 0.1257
vn -0.9083 -0.0794 -0.4106
vn -0.8159 -0.1126 -0.5672
vn -0.2673 -0.1975 0.9432
vn -0.0268 -0.0408 0.9988
vn -0.6695 -0.0723 0.7393
vn -0.9775 -0.2109 0.0093
vn -0.9464 0.0282 -0.3218
vn -0.8907 -0.2506 0.3794
vn -0.9953 -0.0476 0.0842
vn -0.9932 -0.0668 -0.0958
vn -0.2929 0.6235 0.7249
vn -0.4609 0.5428 -0.7021
vn -0.6198 0.7847 0.0114
vn -0.5925 0.7719 -0.2304
vn -0.5804 0.7557 0.3034
vn -0.4428 0.1889 0.8765
vn -0.5298 0.1525 -0.8343
vn -0.7181 -0.5028 -0.4811
vn -0.5213 -0.2128 -0.8264
vn -0.5311 0.7203 -0.4463
vn -0.5646 -0.2256 0.7939
vn -0.3851 0.0247 0.9226
vn -0.3804 0.7175 -0.5834
vn -0.5516 -0.0173 -0.8340
vn -0.6609 -0.3734 -0.6510
vn -0.4103 0.3730 -0.8322
vn -0.3534 0.3982 0.8465
vn -0.4121 0.7561 0.5084
vn -0.4955 0.8538 0.1600
vn -0.4915 0.8624 -0.1214
vn -0.4350 0.8185 -0.3753
vn -0.3884 -0.5709 -0.7233
vn -0.1060 -0.6541 -0.7490
vn 0.0894 -0.6579 -0.7478
vn 0.4601 -0.5840 -0.6688
vn -0.5792 -0.3566 -0.7331
vn -0.6677 -0.6122 0.4235
vn -0.7121 -0.6797 0.1756
vn -0.7192 -0.6852 -0.1147
vn -0.6400 -0.5943 -0.4871
vn -0.6023 -0.3488 0.7180
vn 0.2876 -0.5859 0.7576
vn 0.0648 -0.6167 0.7846
vn -0.1397 -0.6076 0.7819
vn -0.4191 -0.5274 0.7391
vn 0.6159 -0.3761 0.6923
vn 0.6775 -0.5872 -0.4429
vn 0.7561 -0.6378 -0.1464
vn 0.7623 -0.6379 0.1094
vn 0.6596 -0.5537 0.5083
vn 0.6336 -0.4061 -0.6585
vn -0.0353 -0.8872 0.4600
vn -0.0257 -0.9839 0.1771
vn 0.4025 -0.9154 -0.0057
vn 0.1156 -0.9933 0.0084
vn -0.0044 -0.8217 -0.5698
vn -0.0115 -0.9854 -0.1700
vn -0.5306 -0.8466 0.0411
vn -0.1694 -0.9852 0.0272
vn 0.0196 -0.4730 -0.8808
vn -0.8847 -0.4644 0.0398
vn -0.0222 -0.4375 0.8990
vn 0.8718 -0.4899 -0.0071
vn -0.3010 -0.8448 0.4424
vn -0.1668 -0.9308 0.3252
vn -0.3365 -0.9235 0.1843
vn -0.5047 -0.8082 0.3034
vn 0.1959 -0.8822 0.4283
vn 0.3628 -0.8930 0.2664
vn 0.2422 -0.9588 0.1484
vn 0.0888 -0.9469 0.3090
vn 0.2548 -0.9516 -0.1716
vn 0.3685 -0.8655 -0.3393
vn 0.2078 -0.8068 -0.5531
vn 0.1127 -0.9229 -0.3682
vn -0.3300 -0.9332 -0.1421
vn -0.1431 -0.9220 -0.3599
vn -0.2603 -0.7971 -0.5449
vn -0.4913 -0.8167 -0.3029
vn -0.3780 -0.2873 -0.8801
vn -0.2389 -0.4655 -0.8522
vn 0.0525 -0.4363 -0.8983
vn 0.0643 -0.2720 -0.9601
vn 0.1903 -0.4407 -0.8772
vn 0.3470 -0.2219 -0.9112
vn -0.8211 -0.2446 0.5157
vn -0.8300 -0.4690 0.3018
vn -0.9651 -0.2362 0.1134
vn -0.9617 -0.2621 -0.0795
vn -0.8302 -0.4583 -0.3173
vn -0.7356 -0.2392 -0.6337
vn 0.3784 -0.2042 0.9028
vn 0.1923 -0.4178 0.8880
vn 0.0972 -0.2396 0.9660
vn -0.1564 -0.2318 0.9601
vn -0.3006 -0.3943 0.8684
vn -0.4706 -0.1891 0.8618
vn 0.7963 -0.2651 -0.5437
vn 0.8207 -0.4822 -0.3063
vn 0.9240 -0.3677 -0.1047
vn 0.9367 -0.3426 0.0721
vn 0.8421 -0.4851 0.2357
vn 0.8349 -0.2828 0.4721
vn 0.5537 -0.4932 -0.6710
vn 0.0901 -0.2571 -0.9622
vn 0.2139 -0.2489 -0.9446
vn -0.2382 -0.1783 -0.9547
vn 0.3852 -0.6719 -0.6326
vn -0.2848 -0.3593 -0.8887
vn -0.1862 -0.4256 -0.8855
vn -0.5977 -0.1287 -0.7913
vn -0.9797 -0.1986 0.0269
vn -0.9774 -0.2054 0.0508
vn -0.9947 -0.0960 0.0372
vn -0.9702 -0.2007 0.1356
vn -0.9739 -0.1896 -0.1245
vn -0.6668 -0.2891 -0.6869
vn -0.5517 -0.2772 -0.7866
vn -0.8458 -0.1430 -0.5140
vn -0.6726 -0.1691 0.7204
vn -0.9558 -0.2508 0.1533
vn -0.5000 0.0458 0.8648
vn 0.6116 0.2903 0.7360
vn 0.1037 0.3926 0.9139
vn -0.3157 0.4339 0.8438
vn -0.3261 0.3898 0.8612
vn -0.3455 0.0031 0.9384
vn -0.2979 0.4022 0.8657
vn -0.0183 -0.0217 0.9996
vn 0.2617 -0.0202 0.9649
vn 0.1352 0.0775 0.9878
vn -0.4052 0.4632 0.7882
vn -0.3515 0.0109 0.9361
vn -0.0779 0.4348 0.8972
vn 0.3681 0.3900 0.8440
vn 0.1145 0.4046 0.9073
vn 0.5535 0.2457 0.7958
vn 0.1183 0.2017 0.9723
vn -0.2000 0.2403 0.9499
vn -0.5083 0.2467 0.8251
vn -0.6308 -0.5413 0.5559
vn 0.7194 -0.6010 0.3484
vn -0.0355 -0.7620 0.6466
vn -0.2676 -0.7305 0.6283
vn 0.1642 -0.7595 0.6294
vn -0.8064 -0.2703 0.5259
vn 0.8292 -0.2592 0.4952
vn -0.9320 -0.1218 0.3415
vn -0.8815 0.1137 0.4582
vn 0.7935 -0.4080 0.4516
vn -0.7694 -0.3854 0.5094
vn 0.3035 -0.8139 0.4954
vn 0.0653 -0.8402 0.5383
vn -0.1495 -0.8257 0.5439
vn -0.4612 -0.7343 0.4981
vn -0.9961 0.0098 0.0880
vn -0.6016 -0.0437 0.7976
vn -0.8675 -0.0655 0.4931
vn -0.9118 0.0517 0.4073
vn -0.8577 0.0927 0.5058
vn 0.7215 -0.2760 -0.6350
vn 0.9194 -0.1450 -0.3656
vn 0.5643 -0.2511 -0.7864
vn 0.9881 -0.1184 0.0984
vn 0.9796 -0.1418 -0.1425
vn 0.9928 -0.1195 -0.0001
vn 0.9480 -0.0607 -0.3124
vn 0.9658 -0.2479 0.0756
vn 0.7210 -0.0637 0.6900
vn 0.9274 -0.0632 0.3686
vn 0.8669 -0.0690 0.4937
vn 0.9920 0.0656 0.1082
vn 0.5405 -0.0776 0.8378
vn 0.8674 0.1585 0.4716
vn 0.9648 -0.2095 0.1588
vn 0.5516 0.1685 0.8169
vn 0.8401 0.0978 0.5336
vn 0.8956 0.0800 0.4376
vn 0.4186 -0.2248 -0.8799
vn 0.6580 -0.1621 -0.7354
vn 0.0307 -0.2567 -0.9660
vn 0.9931 0.1167 -0.0069
vn 0.9559 -0.2479 -0.1577
vn 0.9703 0.0195 0.2412
vn 0.9990 0.0416 -0.0138
vn 0.9991 0.0428 0.0067
vn 0.2891 -0.6239 -0.7260
vn 0.4549 -0.5469 0.7028
vn 0.6168 -0.7871 -0.0111
vn 0.5889 -0.7748 0.2300
vn 0.5776 -0.7590 -0.3005
vn 0.3794 -0.2204 -0.8986
vn 0.4738 -0.1572 0.8665
vn 0.2973 0.3009 0.9061
vn 0.5307 0.2135 0.8202
vn 0.5273 -0.7240 0.4447
vn 0.1678 -0.2373 -0.9568
vn 0.3675 -0.0940 -0.9252
vn 0.3770 -0.7218 0.5803
vn 0.5510 0.0223 0.8342
vn 0.6504 0.3438 0.6774
vn 0.4051 -0.3713 0.8355
vn 0.3471 -0.3965 -0.8499
vn 0.4102 -0.7588 -0.5059
vn 0.4945 -0.8547 -0.1583
vn 0.4898 -0.8633 0.1213
vn 0.4317 -0.8200 0.3759
vn 0.3579 -0.4928 0.7932
vn 0.1625 -0.8267 -0.5386
vn -0.8957 -0.3836 -0.2249
vn -0.7449 -0.4930 0.4495
vn 0.3937 -0.3631 0.8445
vn -0.1944 -0.3495 0.9166
vn 0.5777 -0.3787 0.7231
vn 0.7735 -0.6330 0.0315
vn -0.7781 -0.5162 -0.3579
vn -0.6158 -0.2411 0.7501
vn 0.1941 -0.8227 0.5343
vn 0.3468 -0.2831 0.8942
vn -0.8143 -0.5383 -0.2171
vn 0.5311 -0.8377 -0.1276
vn -0.4396 -0.3713 0.8178
vn 0.0254 -0.9941 0.1055
vn -0.1162 -0.5761 -0.8091
vn -0.0064 -0.4355 0.9002
vn -0.1690 -0.3637 0.9160
vn 0.3286 -0.6668 -0.6689
vn -0.5536 -0.5078 -0.6601
vn 0.1094 -0.2494 0.9622
vn 0.3944 0.0299 0.9184
vn -0.5367 0.0594 0.8417
vn -0.1986 -0.2139 0.9564
vn 0.2409 -0.3416 0.9085
vn -0.1608 -0.1816 0.9701
vn 0.4936 0.1699 0.8530
vn -0.6443 0.1787 0.7436
vn -0.2256 -0.9031 0.3654
vn -0.1292 -0.1039 -0.9862
vn 0.1895 0.1781 0.9656
vn 0.2006 -0.5034 0.8405
vn -0.2868 -0.5425 -0.7896
vn 0.3295 -0.9413 0.0731
vn 0.2004 -0.4857 0.8508
vn 0.2109 -0.5332 -0.8193
vn 0.5209 -0.4346 -0.7347
vn -0.0438 -0.1310 0.9904
vn 0.2939 -0.8394 0.4571
vn 0.2241 -0.2376 -0.9451
vn -0.2249 0.1733 0.9588
vn -0.6426 -0.4985 -0.5819
vn 0.5780 -0.4969 0.6473
vn -0.0095 -0.3612 -0.9324
vn -0.0217 -0.0732 0.9971
vn 0.1583 -0.2487 0.9556
vn -0.2308 -0.9373 -0.2614
vn 0.4852 0.7663 -0.4212
vn 0.1598 0.8752 -0.4566
vn 0.1728 0.9678 -0.1829
vn 0.5254 0.8317 -0.1795
vn -0.0763 0.8914 -0.4467
vn -0.5623 0.7472 -0.3543
vn -0.6120 0.7827 -0.1133
vn -0.1042 0.9811 -0.1631
vn -0.1189 0.9774 0.1748
vn -0.6108 0.7768 0.1532
vn -0.5222 0.7111 0.4707
vn -0.1028 0.8202 0.5628
vn 0.5252 0.8416 0.1259
vn 0.1621 0.9736 0.1610
vn 0.1273 0.8175 0.5617
vn 0.4380 0.7434 0.5055
vn 0.3999 0.3841 0.8322
vn 0.1041 0.4922 0.8642
vn -0.1153 0.4598 0.8805
vn -0.4567 0.3905 0.7993
vn 0.7895 0.4202 -0.4474
vn 0.8696 0.4652 -0.1652
vn 0.8756 0.4680 0.1199
vn 0.7458 0.3764 0.5496
vn -0.3228 0.3963 -0.8595
vn -0.0804 0.4334 -0.8976
vn 0.1481 0.4256 -0.8927
vn 0.4527 0.3494 -0.8204
vn -0.7721 0.4143 0.4819
vn -0.8601 0.4880 0.1486
vn -0.8682 0.4833 -0.1126
vn -0.7565 0.3809 -0.5316
vn -0.1884 0.0714 0.9795
vn -0.2001 0.3141 0.9281
vn 0.4000 0.0444 0.9155
vn 0.9931 0.0579 0.1024
vn 0.9840 0.0137 -0.1778
vn 0.7409 0.0545 0.6694
vn 0.9284 -0.1893 -0.3196
vn 0.5392 -0.4359 -0.7206
vn 0.2480 -0.4888 -0.8364
vn -0.1211 -0.4328 -0.8933
vn -0.5915 -0.3866 -0.7076
vn -0.4364 0.0074 -0.8997
vn -0.1095 0.0275 -0.9936
vn 0.1637 0.0120 -0.9864
vn 0.5288 -0.0125 -0.8487
vn 0.7790 -0.2602 -0.5705
vn -0.8165 0.4394 -0.3745
vn 0.7331 0.3580 -0.5782
vn -0.4940 0.6791 -0.5430
vn -0.0620 0.7618 -0.6449
vn 0.1444 0.7494 -0.6462
vn 0.4355 0.6781 -0.5921
vn 0.8360 0.1018 -0.5391
vn 0.8878 0.0637 -0.4557
vn -0.8108 0.0436 0.5836
vn -0.9698 -0.2172 -0.1108
vn -0.9731 -0.2050 0.1054
vn -0.7598 -0.2676 -0.5925
vn -0.9237 -0.2329 -0.3044
vn -0.8857 0.0901 -0.4554
vn -0.8343 0.0534 -0.5488
vn -0.4573 0.0095 0.8892
vn -0.9842 0.1490 0.0953
vn -0.9888 0.1150 -0.0955
vn -0.3215 0.0247 0.9466
vn -0.2870 0.7379 -0.6108
vn -0.5981 -0.0440 -0.8002
vn -0.6633 -0.3659 -0.6528
vn -0.4810 0.3545 -0.8019
vn -0.2917 0.4102 0.8641
vn -0.3246 0.7804 0.5344
vn -0.3955 0.9031 0.1672
vn -0.3877 0.9121 -0.1334
vn -0.3318 0.8537 -0.4014
vn -0.4818 -0.7681 0.4217
vn -0.1579 -0.8746 0.4584
vn -0.1712 -0.9679 0.1842
vn -0.5222 -0.8335 0.1804
vn 0.0753 -0.8906 0.4485
vn 0.5584 -0.7502 0.3541
vn 0.6088 -0.7852 0.1130
vn 0.1038 -0.9810 0.1640
vn 0.1190 -0.9776 -0.1736
vn 0.6079 -0.7794 -0.1515
vn 0.5190 -0.7151 -0.4682
vn 0.1008 -0.8189 -0.5650
vn -0.5221 -0.8439 -0.1235
vn -0.1601 -0.9741 -0.1594
vn -0.1233 -0.8164 -0.5642
vn -0.4341 -0.7458 -0.5053
vn -0.3846 -0.4037 -0.8301
vn -0.0683 -0.4992 -0.8638
vn 0.0773 -0.4578 -0.8857
vn 0.4306 -0.4020 -0.8080
vn -0.7799 -0.4236 0.4608
vn -0.8680 -0.4717 0.1551
vn -0.8747 -0.4724 -0.1089
vn -0.7376 -0.3902 -0.5510
vn 0.3219 -0.3945 0.8607
vn 0.0789 -0.4336 0.8977
vn -0.1463 -0.4261 0.8928
vn -0.4399 -0.3590 0.8232
vn 0.7640 -0.4313 -0.4798
vn 0.8572 -0.4958 -0.1391
vn 0.8648 -0.4914 0.1031
vn 0.7641 -0.3897 0.5140
vn 0.0775 -0.1620 -0.9838
vn 0.2925 -0.4269 -0.8557
vn -0.3603 -0.1941 -0.9124
vn -0.9923 -0.1188 -0.0353
vn -0.9913 -0.0853 0.1002
vn -0.7238 -0.1443 -0.6747
vn -0.8581 0.1015 0.5034
vn -0.4740 0.4266 0.7703
vn -0.2559 0.4653 0.8474
vn 0.1185 0.4096 0.9045
vn 0.5980 0.3539 0.7192
vn 0.4423 -0.0045 0.8969
vn 0.1088 -0.0258 0.9937
vn -0.1640 -0.0096 0.9864
vn -0.4963 0.0120 0.8681
vn -0.8955 0.1289 0.4260
vn 0.8077 -0.4449 0.3868
vn -0.7419 -0.3695 0.5596
vn 0.4902 -0.6841 0.5401
vn 0.0605 -0.7646 0.6416
vn -0.1426 -0.7525 0.6429
vn -0.4330 -0.6819 0.5895
vn -0.8919 -0.1308 0.4329
vn -0.8423 -0.0584 0.5358
vn 0.7980 -0.1318 -0.5881
vn 0.9945 0.1037 -0.0120
vn 0.9939 0.1102 -0.0063
vn 0.8770 0.1591 0.4533
vn 0.8561 0.1680 0.4888
vn 0.8373 -0.0852 0.5401
vn 0.8960 -0.0923 0.4344
vn 0.3246 -0.1051 -0.9400
vn 0.9860 -0.1616 -0.0414
vn 0.9903 -0.1363 0.0279
vn 0.4084 -0.1040 -0.9068
vn 0.2852 -0.7414 0.6074
vn 0.5201 0.0497 0.8527
vn 0.5345 0.3737 0.7580
vn 0.4540 -0.3621 0.8141
vn 0.2962 -0.4122 -0.8616
vn 0.3238 -0.7820 -0.5326
vn 0.3970 -0.9028 -0.1655
vn 0.3888 -0.9116 0.1335
vn 0.3312 -0.8535 0.4022
vn 0.0702 -0.5436 0.8364
vn -0.1762 -0.9842 -0.0158
vn -0.9717 -0.2331 -0.0392
vn 0.7654 -0.3332 0.5506
vn 0.1180 -0.9892 0.0874
vn 0.6487 -0.7313 0.2106
vn -0.5347 -0.0765 0.8416
vn -0.0318 -0.9297 -0.3669
vn 0.0096 -0.8640 0.5033
vn 0.1370 -0.3554 0.9246
vn 0.0252 -0.4839 -0.8748
vn 0.0493 -0.9983 0.0319
vn 0.5751 -0.5349 -0.6190
vn -0.1387 -0.1332 0.9813
vn -0.0086 -0.6410 0.7675
vn -0.1651 -0.1742 -0.9708
vn 0.1369 0.0061 0.9906
vn 0.2825 -0.4026 0.8707
vn 0.0579 -0.2218 0.9734
vn -0.3090 -0.2281 0.9233
vn 0.0930 -0.0990 0.9907
vn 0.5954 0.1931 0.7799
vn -0.7172 0.0082 0.6968
vn 0.4688 -0.0519 0.8818
vn -0.7004 0.2172 0.6799
vn -0.4303 -0.8656 -0.2559
vn -0.3174 -0.2696 -0.9092
vn 0.3455 0.0652 0.9362
vn -0.0548 -0.9964 -0.0646
vn 0.1246 -0.2517 0.9598
vn -0.4744 -0.3915 -0.7885
vn 0.2956 -0.8474 0.4410
vn 0.3012 -0.8751 -0.3789
vn 0.1025 -0.3737 -0.9219
vn -0.2960 -0.3145 0.9019
vn 0.0826 -0.5296 0.8442
vn 0.4828 -0.8398 -0.2483
vn 0.3360 -0.2407 -0.9106
vn -0.3367 0.0207 0.9414
vn 0.1059 -0.3610 -0.9265
vn -0.1608 0.0714 0.9844
vn 0.1470 -0.9577 0.2473
vn 0.6874 -0.2223 0.6915
vn -0.8261 -0.4399 -0.3522
vn -0.2260 -0.4966 -0.8380
vn 0.0439 -0.1664 0.9851
vn -0.1203 -0.0864 0.9890
vn -0.4040 -0.7521 -0.5207
vn -0.8407 -0.0532 0.5389
vn -0.6951 0.5411 0.4733
vn -0.8058 -0.0017 -0.5922
vn -0.7810 0.5243 -0.3394
vn 0.8518 -0.0506 0.5214
vn 0.6835 0.5520 0.4775
vn 0.8192 -0.0011 -0.5735
vn 0.7709 0.5384 -0.3403
vn -0.7818 0.1163 0.6126
vn -0.8452 0.0890 -0.5270
vn 0.8552 0.0929 -0.5100
vn 0.7930 0.1204 0.5972
vn 0.0049 -0.3131 -0.9497
vn 0.0008 0.1139 -0.9935
vn 0.0076 -0.4313 0.9022
vn 0.0006 0.2883 0.9575
vn 0.0003 0.0791 0.9969
vn 0.0003 0.0697 -0.9976
vn 0.5030 0.3729 -0.7797
vn 0.0689 -0.2063 0.9761
vn 0.0507 0.0789 -0.9956
vn 0.0464 -0.0951 -0.9944
vn 0.4534 0.4485 0.7703
vn 0.0515 0.0858 0.9950
vn -0.0451 -0.0960 -0.9944
vn -0.4475 0.4411 0.7779
vn -0.0503 0.0855 0.9951
vn -0.4950 0.3620 -0.7899
vn -0.0677 -0.2071 0.9760
vn -0.0491 0.0783 -0.9957
vn -0.8022 0.5485 -0.2356
vn 0.0009 0.7115 -0.7026
vn 0.7433 0.4747 0.4713
vn 0.0006 0.5468 0.8373
vn 0.8212 0.5293 -0.2133
vn -0.7192 0.4870 0.4954
vn 0.6594 -0.6334 0.4050
vn 0.6157 -0.7041 -0.3538
vn -0.0060 -0.7953 0.6062
vn -0.0040 -0.8701 -0.4929
vn -0.7260 -0.6526 -0.2168
vn -0.7482 -0.6290 0.2110
vn -0.5847 -0.7137 -0.3857
vn -0.6601 -0.6347 0.4018
vn 0.0198 -0.8686 -0.4952
vn 0.0220 -0.8214 0.5700
vn 0.7680 -0.6168 0.1724
vn 0.7399 -0.6345 -0.2236
vn 0.0221 -0.1644 0.9862
vn 0.8002 -0.0646 0.5962
vn 0.7932 -0.0749 -0.6044
vn 0.0259 -0.1769 -0.9839
vn -0.9208 -0.1123 0.3734
vn -0.9087 -0.1196 -0.3999
vn -0.7881 -0.0565 0.6130
vn -0.0193 -0.1625 0.9865
vn -0.0239 -0.1765 -0.9840
vn -0.7816 -0.0676 -0.6201
vn 0.9214 -0.1371 -0.3636
vn 0.9351 -0.1304 0.3295
vn -0.7198 0.1133 0.6849
vn 0.0175 -0.1486 -0.9887
vn 0.9011 -0.1216 -0.4161
vn 0.0187 0.0082 0.9998
vn -0.6808 -0.0187 -0.7322
vn 0.9343 -0.0597 0.3515
vn -0.0158 0.0085 0.9998
vn 0.7016 -0.0460 -0.7111
vn -0.9151 -0.0403 0.4012
vn 0.7414 0.0773 0.6666
vn -0.0110 -0.1486 -0.9888
vn -0.8807 -0.1103 -0.4606
vn -0.7746 0.2959 0.5590
vn -0.8059 0.1115 -0.5814
vn 0.8092 0.1200 -0.5751
vn 0.7751 0.3017 0.5551
vn -0.0000 0.4155 0.9096
vn -0.0000 0.1383 -0.9904
vn 0.0669 0.4243 0.9030
vn 0.0611 0.1489 -0.9870
vn -0.0609 0.1472 -0.9872
vn -0.0667 0.4229 0.9037
vn -0.9992 0.0377 -0.0092
vn -0.7407 0.3795 0.5544
vn -0.8167 0.5647 0.1191
vn -0.8266 0.0615 -0.5594
vn -0.3168 -0.0650 -0.9463
vn 0.5143 0.5771 -0.6344
vn 0.8389 0.0625 -0.5407
vn 0.9993 0.0364 -0.0085
vn 0.8065 0.5785 0.1218
vn 0.8341 -0.0200 0.5513
vn 0.3817 -0.1671 0.9091
vn -0.4315 0.6059 0.6683
vn -0.8218 -0.0242 0.5692
vn -0.8366 0.0932 -0.5398
vn 0.8440 0.1002 -0.5269
vn 0.7949 0.2501 0.5528
vn -0.2889 0.0962 0.9525
vn 0.9953 0.0866 0.0427
vn 0.3272 0.0906 -0.9406
vn -0.9955 0.0843 0.0436
vn -0.1623 -0.1448 -0.9761
vn -0.1732 0.1570 -0.9723
vn 0.1734 -0.2654 0.9484
vn 0.1505 0.3233 0.9342
vn -0.0088 0.0827 0.9965
vn 0.0090 0.0727 -0.9973
vn 0.0022 -0.0508 -0.9987
vn 0.0025 -0.1652 0.9863
vn -0.6997 0.3238 0.6369
vn -0.0120 -0.9868 -0.1618
vn 0.0001 0.3193 0.9476
vn -0.0000 0.1193 -0.9929
vn 0.1779 0.1598 -0.9710
vn -0.1673 -0.2636 0.9500
vn -0.0086 0.0726 -0.9973
vn 0.3243 -0.0643 -0.9438
vn 0.4219 0.6137 0.6674
vn 0.2947 0.0984 0.9505
vn 0.0510 0.3216 0.9455
vn 0.8053 0.5721 0.1558
vn 0.0644 -0.1139 0.9914
vn 0.0462 0.0044 -0.9989
vn -0.0134 -0.1297 0.9915
vn 0.0542 0.1217 -0.9911
vn 0.1672 -0.1469 -0.9749
vn -0.1467 0.3208 0.9357
vn 0.0091 0.0827 0.9965
vn -0.5239 0.5647 -0.6377
vn -0.3728 -0.1684 0.9125
vn -0.3197 0.0878 -0.9434
vn -0.0532 0.1205 -0.9913
vn -0.6179 -0.0954 0.7805
vn -0.0444 0.0042 -0.9990
vn -0.0628 -0.1143 0.9915
vn -0.8135 0.5613 0.1522
vn -0.0504 0.3207 0.9458
vn -0.3593 0.6610 -0.6588
vn 0.2978 0.5189 0.8013
vn -0.0005 0.9540 0.2997
vn 0.3825 0.6564 -0.6502
vn 0.8257 0.5390 0.1666
vn -0.2778 0.5211 0.8070
vn -0.8107 0.5596 0.1722
vn -0.7614 0.3171 -0.5653
vn 0.0012 0.2248 -0.9744
vn 0.7808 0.3158 -0.5391
vn 0.7182 0.3229 0.6164
vn 0.0010 0.2836 0.9589
vn 0.7262 -0.6861 0.0435
vn 0.2655 -0.6966 0.6665
vn -0.3254 -0.8030 -0.4993
vn -0.7589 -0.6510 -0.0180
vn -0.4067 -0.7063 0.5794
vn 0.1833 -0.8309 -0.5254
vn 0.0045 -0.9987 -0.0510
vn 0.8322 -0.0558 0.5516
vn 0.6903 -0.2776 -0.6682
vn 0.0440 -0.1728 -0.9840
vn -0.8414 -0.1980 0.5028
vn -0.8811 -0.2243 -0.4164
vn -0.7300 -0.6817 0.0488
vn -0.1193 -0.8432 -0.5242
vn 0.4348 -0.7111 0.5526
vn 0.7727 -0.6334 -0.0425
vn 0.3311 -0.7928 -0.5117
vn -0.2231 -0.7247 0.6520
vn 0.0078 -0.9961 -0.0880
vn -0.0463 -0.1945 0.9798
vn 0.0212 -0.3388 -0.9406
vn -0.8018 -0.0530 -0.5953
vn 0.8391 -0.3401 -0.4246
vn 0.9204 -0.2345 0.3129
vn 0.0477 -0.1944 0.9798
vn 0.7680 -0.0379 0.6393
vn 0.8135 -0.0544 -0.5790
vn 0.0033 -0.1463 -0.9892
vn -0.9106 -0.2237 0.3476
vn -0.8978 -0.0895 -0.4311
vn -0.9969 -0.0775 -0.0104
vn 0.9998 -0.0177 -0.0025
vn -0.3576 -0.1867 -0.9150
vn -0.3689 -0.1747 0.9129
vn 0.3284 -0.1343 0.9349
vn 0.3252 -0.1474 -0.9341
vn -0.8212 -0.0541 0.5681
vn 0.0054 -0.1064 0.9943
vn -0.0433 -0.1744 -0.9837
vn -0.7385 -0.0507 -0.6724
vn 0.8910 -0.2367 -0.3874
vn 0.9319 -0.0930 0.3507
vn 0.9947 -0.1015 -0.0147
vn 0.3838 -0.1820 0.9053
vn -1.0000 -0.0085 -0.0013
vn 0.3706 -0.1947 -0.9081
vn -0.3199 -0.1284 0.9387
vn -0.3172 -0.1430 -0.9375
vn -0.7529 -0.0215 0.6577
vn 0.0013 -0.1448 -0.9895
vn 0.9147 -0.1102 -0.3887
vn 0.0167 -0.1315 0.9912
vn -0.6686 -0.2638 -0.6952
vn 0.8690 -0.1966 0.4542
vn 0.9967 -0.0793 -0.0200
vn 0.4006 -0.0182 0.9161
vn -0.9924 0.1219 -0.0165
vn 0.3625 -0.1605 -0.9180
vn -0.2415 0.0432 0.9694
vn -0.2309 -0.1156 -0.9661
vn -0.0010 -0.1082 0.9941
vn 0.7525 -0.0661 -0.6552
vn -0.9137 -0.0693 0.4005
vn 0.6433 -0.1060 0.7583
vn -0.0117 -0.3373 -0.9413
vn -0.8266 -0.3431 -0.4461
vn -0.9979 -0.0625 -0.0184
vn 0.9973 0.0700 -0.0231
vn -0.3465 -0.1532 -0.9255
vn -0.3810 -0.0078 0.9246
vn 0.2503 0.0324 0.9676
vn 0.2437 -0.1231 -0.9620
vn -0.7893 0.2459 0.5627
vn -0.7702 0.2433 -0.5895
vn 0.7683 0.2538 -0.5877
vn 0.7364 0.3872 0.5548
vn 0.0001 0.3867 0.9222
vn 0.0002 0.1311 -0.9914
vn 0.1481 0.4504 0.8805
vn 0.1442 0.2210 -0.9646
vn -0.1441 0.2167 -0.9655
vn -0.1481 0.4472 0.8821
vn 0.0008 0.4174 0.9087
vn -0.3184 0.1425 -0.9372
vn 0.0041 0.1413 -0.9900
vn 0.3349 0.4108 0.8480
vn -0.0040 0.1411 -0.9900
vn -0.0007 0.4175 0.9087
vn -0.3334 0.4061 0.8508
vn 0.9905 0.1329 0.0342
vn 0.3204 0.1484 -0.9356
vn -0.9914 0.1271 0.0320
vn -0.9689 0.2437 0.0434
vn 0.3409 0.2489 -0.9065
vn 0.9661 0.2540 0.0457
vn -0.3483 0.4555 0.8193
vn 0.2559 -0.2962 -0.9202
vn -0.5881 0.7844 0.1970
vn -0.3285 -0.0935 0.9399
vn 0.9981 0.0595 0.0162
vn 0.3151 0.0263 -0.9487
vn -0.9981 0.0590 0.0168
vn 0.0722 -0.0233 -0.9971
vn -0.0562 -0.1369 0.9890
vn -0.2547 0.2561 -0.9325
vn -0.2407 -0.2891 -0.9266
vn 0.0483 0.4051 0.9130
vn -0.0601 0.1560 -0.9859
vn 0.3445 0.4612 0.8177
vn 0.5726 0.7950 0.2005
vn 0.3364 -0.0917 0.9373
vn -0.0694 -0.0230 -0.9973
vn 0.2181 -0.1150 0.9691
vn 0.0618 0.1577 -0.9856
vn -0.3437 0.2419 -0.9074
vn -0.2116 -0.1160 0.9704
vn -0.3074 0.0254 -0.9513
vn 0.0586 -0.1371 0.9888
vn -0.9543 0.2874 0.0814
vn -0.0472 0.4040 0.9135
vn 0.2545 0.9236 0.2866
vn -0.2324 0.9289 0.2884
vn 0.2636 0.2586 -0.9293
vn 0.9552 0.2845 0.0809
vn -0.2390 0.3001 0.9235
vn 0.2479 0.3024 0.9204
vn 0.1186 -0.9917 -0.0491
vn -0.2158 -0.9754 -0.0442
vn -0.2909 -0.1406 0.9464
vn -0.3559 -0.3388 -0.8709
vn 0.9933 -0.1142 -0.0204
vn -0.9766 -0.2145 -0.0166
vn 0.1945 -0.9777 -0.0789
vn -0.0543 -0.9947 -0.0868
vn 0.3715 -0.3439 -0.8624
vn -0.9966 -0.0734 -0.0368
vn 0.3016 -0.1464 0.9421
vn 0.9804 -0.1957 -0.0239
vn -0.9828 -0.1827 -0.0262
vn 0.9999 0.0074 -0.0069
vn -0.2794 -0.2251 -0.9334
vn -0.3107 -0.2465 0.9180
vn 0.3654 -0.1538 0.9181
vn 0.3441 -0.1363 -0.9290
vn 0.9795 -0.1991 -0.0293
vn 0.3221 -0.2513 0.9127
vn -0.9999 0.0111 -0.0069
vn 0.2876 -0.2316 -0.9293
vn -0.3574 -0.1524 0.9214
vn -0.3370 -0.1361 -0.9316
vn 0.9968 -0.0781 -0.0142
vn 0.3902 -0.1208 0.9128
vn -0.9999 0.0120 -0.0054
vn 0.3734 -0.1568 -0.9143
vn -0.2751 -0.0789 0.9582
vn -0.2711 -0.1162 -0.9555
vn -0.9987 -0.0500 -0.0101
vn 0.9999 -0.0085 -0.0080
vn -0.3576 -0.1481 -0.9221
vn -0.3717 -0.1110 0.9217
vn 0.2848 -0.0875 0.9546
vn 0.2811 -0.1241 -0.9516
vn 0.0054 0.3209 0.9471
vn -0.3257 0.1179 -0.9381
vn -0.0019 0.1198 -0.9928
vn 0.3364 0.3149 0.8875
vn 0.0020 0.1198 -0.9928
vn -0.0052 0.3208 0.9471
vn -0.3314 0.3110 0.8908
vn 0.9933 0.1096 0.0379
vn 0.3312 0.1228 -0.9355
vn -0.9937 0.1058 0.0371
vn 0.3428 0.2709 0.8995
vn 0.2129 -0.3993 0.8918
vn -0.3282 -0.2888 -0.8994
vn -0.1538 0.3715 -0.9156
vn -0.2619 0.4436 0.8571
vn -0.4319 -0.2710 0.8603
vn 0.1848 -0.4034 -0.8962
vn 0.3784 0.2921 -0.8784
vn -0.7652 -0.5932 -0.2501
vn -0.4254 0.8302 -0.3604
vn 0.4807 -0.8170 -0.3186
vn 0.8186 0.5360 -0.2063
vn 0.6182 -0.1474 0.7720
vn -0.3280 0.1020 -0.9392
vn 0.3363 -0.0965 -0.9368
vn -0.6274 0.1318 0.7675
vn 0.9747 -0.2127 -0.0689
vn -0.9686 0.2398 -0.0659
vn -0.7832 0.1823 0.5945
vn -0.2984 0.5613 0.7719
vn 0.7968 -0.1624 0.5820
vn 0.3536 -0.5800 0.7339
vn -0.5294 -0.3930 0.7518
vn 0.5983 0.3730 0.7092
vn -0.3337 0.0709 0.9400
vn 0.3260 -0.0753 0.9424
vn 0.1862 -0.3883 0.9025
vn -0.2280 0.4324 0.8724
vn 0.3504 0.2987 0.8877
vn -0.4131 -0.2753 0.8681
vn -0.7867 -0.5950 0.1647
vn -0.6807 0.3352 0.6513
vn -0.3076 0.6202 -0.7217
vn -0.3567 -0.0367 -0.9335
vn -0.0380 -0.3317 -0.9426
vn 0.0961 0.3170 -0.9435
vn 0.2759 -0.2157 -0.9367
vn 0.3586 -0.6479 -0.6720
vn 0.8374 0.5278 0.1420
vn 0.6806 -0.3692 0.6328
vn -0.0449 -0.6113 0.7901
vn 0.2186 0.5771 0.7869
vn -0.6029 -0.4630 -0.6497
vn -0.4618 0.8746 0.1478
vn 0.5175 -0.8461 0.1279
vn 0.6700 0.4544 -0.5871
vn 0.3126 0.8744 -0.3710
vn -0.0580 -0.9228 -0.3808
vn 0.8570 -0.4868 -0.1692
vn -0.9970 -0.0237 -0.0741
vn -0.7684 -0.0212 0.6396
vn -0.2726 0.1976 -0.9416
vn 0.3762 0.0539 -0.9250
vn 0.7857 0.0622 0.6155
vn 0.9943 0.0785 -0.0726
vn -0.8745 0.4507 -0.1792
vn -0.9673 0.2260 0.1155
vn 0.8284 -0.2065 -0.5207
vn 0.5858 0.4473 0.6759
vn 0.9734 -0.2001 0.1117
vn 0.0023 -0.0011 -1.0000
vn -0.8223 0.2307 -0.5202
vn 0.5209 -0.2555 0.8144
vn -0.5164 0.2878 0.8065
vn 0.0242 0.4663 0.8843
vn -0.1605 -0.4295 0.8887
vn 0.5724 0.0071 0.8199
vn -0.5963 -0.0399 0.8017
vn -0.0544 0.0140 0.9984
vn -0.0467 0.0717 0.9963
vn 0.0662 -0.0165 0.9977
vn 0.0424 -0.0553 0.9976
vn -0.0876 -0.0696 0.9937
vn 0.0858 0.0492 0.9951
vn -0.0021 0.0004 1.0000
vn 0.2936 -0.1741 0.9399
vn -0.3001 0.1951 0.9337
vn 0.0460 0.3560 0.9334
vn -0.1182 -0.3254 0.9382
vn 0.3472 0.0411 0.9369
vn -0.3689 -0.0491 0.9282
vn 0.7451 -0.1755 0.6434
vn -0.4092 0.6906 0.5964
vn 0.3489 -0.6512 0.6740
vn -0.6740 -0.4162 0.6104
vn -0.7547 0.1575 0.6369
vn -0.6983 0.3842 -0.6040
vn 0.0345 0.0939 -0.9950
vn 0.9893 0.0765 0.1243
vn 0.0577 0.7953 0.6034
vn -0.0663 -0.9866 0.1491
vn 0.3469 0.9256 0.1515
vn 0.2172 0.6677 -0.7121
vn -0.0436 -0.6997 -0.7131
vn 0.8675 0.0591 -0.4940
vn -0.8907 0.4387 0.1190
vn -0.9907 -0.0240 0.1339
vn 0.6920 -0.4176 -0.5888
vn 0.7623 0.0174 0.6470
vn 0.8728 -0.4748 0.1133
vn -0.0244 -0.0974 -0.9949
vn -0.8575 -0.0103 -0.5144
vn -0.0811 0.0299 0.9963
vn 0.0796 -0.0392 0.9961
vn 0.0082 -0.0553 0.9984
vn 0.0214 0.0573 0.9981
vn -0.1115 0.0149 0.9937
vn 0.1062 -0.0034 0.9943
vn -0.0292 -0.0818 0.9962
vn 0.0162 0.0903 0.9958
vn 0.6883 -0.3352 0.6433
vn -0.7842 -0.0510 0.6184
vn -0.2713 -0.7287 0.6288
vn -0.6836 0.3723 0.6278
vn -0.3747 0.2205 0.9006
vn -0.1539 -0.4259 0.8916
vn 0.3712 -0.2436 -0.8960
vn 0.0985 0.3863 -0.9171
vn 0.1982 0.4756 0.8571
vn 0.4637 -0.2098 0.8608
vn -0.1258 -0.4220 -0.8978
vn -0.4216 0.2405 -0.8743
vn 0.8390 -0.4836 -0.2494
vn 0.2938 0.8838 -0.3640
vn -0.3585 -0.8767 -0.3208
vn -0.8832 0.4211 -0.2066
vn -0.5911 -0.2302 0.7731
vn 0.3069 0.1434 -0.9409
vn -0.3156 -0.1388 -0.9387
vn 0.6028 0.2162 0.7680
vn -0.9368 -0.3430 -0.0685
vn 0.9269 0.3696 -0.0656
vn 0.7501 0.2868 0.5960
vn 0.2067 0.5956 0.7762
vn -0.7664 -0.2682 0.5837
vn -0.2645 -0.6215 0.7374
vn 0.5828 -0.3210 0.7465
vn -0.6464 0.2914 0.7052
vn 0.3174 0.1141 0.9414
vn -0.3094 -0.1174 0.9437
vn -0.1258 -0.4064 0.9050
vn 0.1627 0.4552 0.8754
vn -0.3956 0.2515 0.8833
vn 0.4545 -0.2201 0.8631
vn 0.8600 -0.4832 0.1641
vn 0.6267 0.4232 0.6543
vn 0.2104 0.6572 -0.7238
vn 0.3553 0.0070 -0.9347
vn 0.0857 -0.3217 -0.9429
vn -0.1420 0.3007 -0.9431
vn -0.2397 -0.2473 -0.9388
vn -0.2621 -0.6912 -0.6735
vn -0.9005 0.4110 0.1417
vn -0.6220 -0.4569 0.6359
vn 0.1326 -0.5983 0.7902
vn -0.3014 0.5421 0.7844
vn 0.6622 -0.3783 -0.6468
vn 0.3224 0.9348 0.1487
vn -0.3906 -0.9116 0.1284
vn -0.7261 0.3609 -0.5852
vn -0.4352 0.8212 -0.3690
vn 0.1894 -0.9052 -0.3805
vn -0.7824 -0.5992 -0.1694
vn 0.9915 0.1060 -0.0755
vn 0.7620 0.0780 0.6428
vn 0.2391 0.2294 -0.9435
vn -0.3790 0.0065 -0.9254
vn -0.7857 -0.0402 0.6174
vn -0.9959 -0.0518 -0.0736
vn 0.8050 0.5656 -0.1792
vn 0.9274 0.3558 0.1155
vn -0.7925 -0.3164 -0.5213
vn -0.6418 0.3653 0.6743
vn -0.9372 -0.3304 0.1118
vn -0.0019 -0.0014 -1.0000
vn 0.7829 0.3403 -0.5208
vn -0.4811 -0.3238 0.8147
vn 0.4724 0.3556 0.8065
vn -0.0884 0.4594 0.8838
vn 0.2187 -0.4037 0.8884
vn -0.5693 -0.0696 0.8192
vn 0.5970 0.0406 0.8012
vn 0.0482 0.0207 0.9986
vn 0.0395 0.0724 0.9966
vn -0.0583 -0.0251 0.9980
vn -0.0363 -0.0560 0.9978
vn 0.1057 -0.0617 0.9925
vn -0.1008 0.0403 0.9941
vn 0.0018 0.0007 1.0000
vn -0.2626 -0.2088 0.9420
vn 0.2657 0.2297 0.9363
vn -0.0988 0.3446 0.9336
vn 0.1677 -0.3071 0.9368
vn -0.3481 -0.0032 0.9374
vn 0.3722 -0.0010 0.9282
vn -0.7137 -0.2751 0.6442
vn 0.3068 0.7418 0.5963
vn -0.2467 -0.6959 0.6744
vn 0.7241 -0.3234 0.6092
vn 0.7257 0.2580 0.6377
vn 0.6384 0.4748 -0.6058
vn -0.0485 0.0876 -0.9950
vn -0.9908 -0.0536 0.1246
vn -0.1695 0.7787 0.6040
vn 0.2075 -0.9668 0.1494
vn -0.4768 0.8659 0.1512
vn -0.3103 0.6314 -0.7107
vn 0.1418 -0.6865 -0.7132
vn -0.8679 -0.0523 -0.4939
vn 0.8228 0.5557 0.1191
vn 0.9853 0.1053 0.1345
vn -0.6276 -0.5070 -0.5909
vn -0.7581 -0.0817 0.6470
vn -0.8000 -0.5892 0.1135
vn 0.0390 -0.0924 -0.9950
vn 0.8507 0.0988 -0.5163
vn 0.0699 0.0364 0.9969
vn -0.0665 -0.0446 0.9968
vn -0.0035 -0.0570 0.9984
vn -0.0277 0.0577 0.9979
vn 0.1060 0.0328 0.9938
vn -0.1043 -0.0209 0.9943
vn 0.0418 -0.0766 0.9962
vn -0.0303 0.0867 0.9958
vn -0.6357 -0.4244 0.6447
vn 0.7851 0.0520 0.6172
vn 0.3726 -0.6831 0.6281
vn 0.6259 0.4603 0.6296
vn 0.5740 0.5614 -0.5962
vn 0.6129 -0.5547 -0.5628
vn 0.5722 0.5605 0.5987
vn 0.6404 -0.4501 0.6223
vn -0.5776 0.5663 -0.5880
vn -0.6128 -0.5545 -0.5631
vn -0.5644 0.5685 0.5985
vn -0.6404 -0.4501 0.6223
vn 0.0006 0.6413 0.7673
vn -0.0000 -0.5088 0.8609
vn 0.6257 -0.0100 0.7800
vn 0.7321 0.6798 -0.0440
vn 0.7314 -0.6800 -0.0513
vn 0.6541 -0.0587 -0.7542
vn 0.0257 0.6362 -0.7711
vn -0.0003 -0.6499 -0.7600
vn -0.6541 -0.0705 -0.7531
vn -0.7264 0.6873 0.0066
vn -0.6268 -0.0003 0.7791
vn -0.7314 -0.6800 -0.0513
vn 0.0148 0.9997 -0.0200
vn -0.0000 -0.9975 -0.0707
vn -0.0000 0.0588 0.9983
vn 0.9965 -0.0828 -0.0066
vn 0.0014 -0.0049 -1.0000
vn -0.9969 -0.0789 0.0048
vn 0.9312 -0.2732 0.2413
vn -0.0001 0.0628 0.9980
vn 0.6773 -0.1304 0.7241
vn -0.9314 -0.2724 0.2414
vn -0.6774 -0.1297 0.7241
vn 0.2642 0.6117 0.7456
vn -0.2615 0.6157 0.7434
vn -0.3349 -0.4550 0.8251
vn 0.3349 -0.4550 0.8251
vn 0.6202 0.2813 0.7323
vn 0.6318 -0.0773 0.7713
vn 0.6802 0.6418 -0.3541
vn 0.6949 0.6505 0.3065
vn 0.7389 -0.5907 0.3243
vn 0.6909 -0.6261 -0.3614
vn 0.6254 0.2538 -0.7379
vn 0.6539 -0.3348 -0.6785
vn -0.2510 0.6089 -0.7525
vn 0.2847 0.6057 -0.7430
vn 0.3177 -0.6168 -0.7202
vn -0.3180 -0.6163 -0.7204
vn -0.6260 0.2385 -0.7424
vn -0.6532 -0.3362 -0.6785
vn -0.6823 0.6554 0.3239
vn -0.6892 0.6559 -0.3079
vn -0.6378 -0.2083 0.7415
vn -0.6172 0.2938 0.7299
vn -0.6910 -0.6261 -0.3613
vn -0.7389 -0.5907 0.3242
vn 0.0296 0.9165 -0.3989
vn -0.3276 0.9448 -0.0004
vn 0.0036 0.9203 0.3913
vn 0.3501 0.9359 -0.0375
vn -0.0000 -0.9300 -0.3676
vn 0.3085 -0.9483 -0.0744
vn -0.0000 -0.9774 0.2116
vn -0.3085 -0.9483 -0.0744
vn 0.2587 0.0440 0.9650
vn 0.0006 0.3222 0.9467
vn -0.2591 0.0475 0.9647
vn -0.0004 -0.0623 0.9981
vn 0.9257 -0.0900 -0.3673
vn 0.9576 0.2859 -0.0365
vn 0.9260 -0.0772 0.3696
vn 0.9577 -0.2801 0.0657
vn -0.2710 -0.0194 -0.9624
vn 0.0075 0.2584 -0.9660
vn 0.2742 -0.0155 -0.9616
vn -0.0004 -0.2676 -0.9635
vn -0.9258 -0.0644 0.3725
vn -0.9575 0.2883 -0.0036
vn -0.9296 -0.0993 -0.3551
vn -0.9586 -0.2766 0.0671
vn 0.9289 -0.3675 0.0468
vn -0.0000 -0.0348 0.9994
vn 0.6365 -0.2134 0.7412
vn 0.8807 -0.2496 0.4025
vn 0.2907 0.0174 0.9567
vn -0.9290 -0.3671 0.0469
vn -0.6318 -0.0773 0.7713
vn -0.2909 0.0177 0.9566
vn -0.8809 -0.2488 0.4026
vn 0.3188 0.8657 -0.3859
vn -0.2798 0.8920 -0.3550
vn -0.3033 0.8798 0.3659
vn 0.3121 0.8813 0.3549
vn -0.3128 -0.8749 -0.3698
vn 0.3128 -0.8749 -0.3698
vn 0.3007 -0.9249 0.2326
vn -0.3007 -0.9249 0.2326
vn 0.2329 -0.0329 0.9719
vn 0.2705 0.3037 0.9136
vn -0.2685 0.3097 0.9121
vn -0.2329 -0.0329 0.9719
vn -0.9035 -0.3520 -0.2444
vn 0.8901 0.2648 -0.3710
vn 0.9041 0.2729 0.3288
vn 0.8929 -0.2514 0.3736
vn -0.2944 -0.2899 -0.9107
vn -0.2723 0.2447 -0.9306
vn 0.2843 0.2534 -0.9246
vn 0.2949 -0.2895 -0.9106
vn -0.8929 -0.2515 0.3736
vn -0.8964 0.2864 0.3383
vn -0.9058 0.2524 -0.3402
vn 0.8775 -0.2948 0.3782
vn 0.2721 -0.1003 0.9570
vn -0.2731 -0.0981 0.9570
vn -0.8791 -0.2890 0.3790
vn 0.9032 -0.3519 -0.2456
vn -0.9095 -0.0380 0.4140
vn -0.7981 0.5071 0.3254
vn -0.7967 0.0874 -0.5980
vn -0.8374 0.4926 -0.2369
vn 0.9169 -0.0333 0.3977
vn 0.7840 0.5246 0.3319
vn 0.8103 0.0873 -0.5794
vn 0.8255 0.5119 -0.2378
vn -0.8131 0.0368 0.5810
vn -0.8673 0.0496 -0.4953
vn 0.8764 0.0545 -0.4785
vn 0.8237 0.0427 0.5654
vn -0.0000 0.0293 -0.9996
vn 0.0010 0.1961 -0.9806
vn -0.0003 -0.2118 0.9773
vn 0.0008 0.4223 0.9065
vn -0.0000 -0.0171 0.9999
vn -0.0000 -0.0120 -0.9999
vn 0.4593 0.6752 -0.5772
vn 0.1021 -0.2233 0.9694
vn 0.0577 -0.0101 -0.9983
vn 0.0400 0.0339 -0.9986
vn 0.4076 0.6801 0.6094
vn 0.0622 -0.0148 0.9980
vn -0.0387 0.0338 -0.9987
vn -0.4153 0.6694 0.6160
vn -0.0607 -0.0155 0.9980
vn -0.4616 0.6606 -0.5920
vn -0.1007 -0.2235 0.9695
vn -0.0561 -0.0109 -0.9984
vn -0.8374 0.2335 0.4942
vn -0.8414 0.0577 -0.5374
vn 0.8442 0.0682 -0.5316
vn 0.8370 0.2418 0.4909
vn -0.0000 0.3041 0.9526
vn -0.0000 0.0574 -0.9984
vn 0.1013 0.3244 0.9405
vn 0.0686 0.0714 -0.9951
vn -0.0683 0.0695 -0.9952
vn -0.1012 0.3221 0.9413
vn -0.9962 0.0706 -0.0509
vn -0.8285 0.3454 0.4408
vn -0.8575 0.5101 0.0672
vn -0.8489 0.0768 -0.5230
vn -0.2802 0.0533 -0.9585
vn 0.5443 0.6338 -0.5496
vn 0.8600 0.0780 -0.5044
vn 0.9964 0.0708 -0.0476
vn 0.8454 0.5294 0.0708
vn 0.8471 -0.0487 0.5293
vn 0.4426 -0.1934 0.8756
vn -0.5229 0.6330 0.5709
vn -0.8356 -0.0542 0.5466
vn -0.8602 0.0283 -0.5091
vn 0.8672 0.0368 -0.4966
vn 0.8297 0.1593 0.5351
vn -0.3067 -0.0045 0.9518
vn 0.9967 0.0718 0.0381
vn 0.3501 0.0082 -0.9367
vn -0.9969 0.0690 0.0389
vn -0.0038 0.0297 -0.9996
vn -0.2492 0.2801 -0.9271
vn -0.0285 -0.2150 0.9762
vn 0.2391 0.4737 0.8476
vn 0.0033 -0.0169 0.9999
vn -0.0002 -0.0121 -0.9999
vn -0.0000 0.0177 -0.9998
vn -0.0002 -0.1610 0.9869
vn -0.0000 0.1562 0.9877
vn -0.0000 -0.0126 -0.9999
vn 0.2580 0.2854 -0.9230
vn 0.0275 -0.2150 0.9762
vn 0.0001 -0.0121 -0.9999
vn 0.2864 0.0535 -0.9566
vn 0.5080 0.6462 0.5695
vn 0.3131 -0.0018 0.9497
vn 0.0649 0.1626 0.9846
vn 0.5140 0.8335 0.2027
vn 0.0843 -0.1656 0.9826
vn 0.0510 0.0217 -0.9985
vn 0.0575 -0.0115 -0.9983
vn 0.0039 0.0297 -0.9996
vn -0.2301 0.4695 0.8524
vn -0.0034 -0.0169 0.9999
vn -0.5569 0.6171 -0.5559
vn -0.4307 -0.1958 0.8810
vn -0.3422 0.0045 -0.9396
vn -0.0563 -0.0128 -0.9983
vn -0.0495 0.0214 -0.9985
vn -0.0828 -0.1660 0.9826
vn -0.5341 0.8213 0.2005
vn -0.0642 0.1613 0.9848
vn -0.8241 0.1528 0.5455
vn -0.8249 0.2300 -0.5164
vn 0.8216 0.2435 -0.5154
vn 0.8224 0.3571 0.4429
vn 0.0004 0.3905 0.9206
vn 0.0006 0.1519 -0.9884
vn 0.2316 0.4639 0.8551
vn 0.1927 0.2600 -0.9462
vn -0.1913 0.2546 -0.9479
vn -0.2295 0.4586 0.8585
vn -0.0198 0.3108 0.9503
vn -0.3216 0.0655 -0.9446
vn 0.0097 0.0634 -0.9979
vn 0.3984 0.3223 0.8587
vn -0.0094 0.0631 -0.9980
vn 0.0199 0.3112 0.9501
vn -0.3975 0.3159 0.8615
vn 0.9942 0.1052 0.0209
vn 0.3234 0.0713 -0.9436
vn -0.9949 0.0986 0.0190
vn -0.9799 0.1989 0.0185
vn 0.3866 0.2648 -0.8834
vn 0.9771 0.2116 0.0208
vn -0.4668 0.4491 0.7618
vn -0.6032 0.7832 0.1506
vn -0.3579 -0.1469 0.9222
vn 0.9978 0.0610 0.0252
vn 0.3334 0.0422 -0.9418
vn -0.9979 0.0595 0.0259
vn 0.0023 0.0179 -0.9998
vn 0.0173 -0.1632 0.9864
vn 0.0944 0.4123 0.9061
vn -0.0957 0.1828 -0.9785
vn 0.4609 0.4581 0.7601
vn 0.5814 0.7985 0.1559
vn 0.3667 -0.1447 0.9190
vn -0.0022 0.0179 -0.9998
vn 0.0992 0.1850 -0.9777
vn -0.3902 0.2568 -0.8842
vn -0.3251 0.0411 -0.9448
vn -0.0179 -0.1633 0.9864
vn -0.0916 0.4105 0.9072
vn -0.0022 0.1590 0.9873
vn -0.3316 -0.0077 -0.9434
vn 0.0003 -0.0124 -0.9999
vn 0.3376 0.1729 0.9253
vn -0.0003 -0.0124 -0.9999
vn 0.0023 0.1590 0.9873
vn -0.3334 0.1684 0.9276
vn 0.9960 0.0849 0.0292
vn 0.3370 -0.0022 -0.9415
vn -0.9963 0.0805 0.0285
vn -0.8305 0.0238 0.5566
vn -0.8338 0.0033 -0.5520
vn 0.8430 0.0600 0.5345
vn 0.8488 0.0422 -0.5270
vn -0.0206 -0.2471 -0.9688
vn -0.0214 -0.2140 0.9766
vn 0.0923 -0.1614 0.9826
vn 0.1004 -0.1967 -0.9753
vn -0.1269 -0.2557 -0.9584
vn -0.1213 -0.2240 0.9670
vn 0.0586 -0.3066 0.9500
vn 0.8691 -0.1489 0.4717
vn 0.8713 -0.1615 -0.4633
vn 0.0664 -0.3311 -0.9413
vn -0.9392 -0.1971 0.2812
vn -0.9314 -0.2034 -0.3020
vn -0.8220 -0.1189 0.5570
vn -0.0494 -0.2091 0.9766
vn -0.0629 -0.2539 -0.9652
vn -0.8368 -0.1424 -0.5287
vn 0.9350 -0.2063 -0.2885
vn 0.9436 -0.1961 0.2668
vn -0.7956 -0.0330 0.6049
vn -0.7838 -0.0460 -0.6194
vn 0.8100 -0.0220 0.5860
vn 0.7997 -0.0339 -0.5995
vn -0.0016 -0.3145 -0.9493
vn -0.0017 -0.3024 0.9532
vn 0.1405 -0.2860 0.9479
vn 0.1397 -0.2981 -0.9443
vn -0.1410 -0.3054 -0.9417
vn -0.1419 -0.2936 0.9453
vn 0.8147 -0.0489 0.5778
vn 0.0698 -0.2384 -0.9687
vn -0.0318 -0.5338 -0.8450
vn 0.0588 -0.1985 0.9783
vn 0.8155 -0.0772 -0.5735
vn -0.0267 -0.5619 0.8267
vn -0.0917 -0.2014 0.9752
vn -0.8011 -0.0767 -0.5936
vn -0.8023 -0.0467 0.5951
vn -0.1026 -0.2458 -0.9639
vn -0.9907 0.1351 0.0148
vn -0.3982 -0.1879 -0.8978
vn 0.9902 0.1386 0.0155
vn 0.3818 -0.0963 0.9192
vn 0.0164 -0.2232 -0.9746
vn -0.0491 -0.2261 0.9729
vn 0.0096 -0.1886 0.9820
vn 0.3884 -0.1281 -0.9125
vn -0.0544 -0.2584 -0.9645
vn -0.3954 -0.1589 0.9046
vn 0.8196 0.0342 0.5718
vn 0.0777 -0.1815 -0.9803
vn -0.0420 -0.3163 -0.9477
vn -0.1083 -0.1973 0.9743
vn -0.8153 -0.0236 -0.5786
vn 0.0608 -0.2778 0.9587
vn 0.8073 -0.1590 -0.5684
vn -0.8713 -0.3437 0.3503
vn -0.9883 -0.1523 -0.0117
vn 0.9956 -0.0932 0.0053
vn -0.4295 -0.3342 -0.8389
vn -0.4463 -0.3140 0.8380
vn 0.4147 -0.2604 0.8719
vn 0.4093 -0.2853 -0.8667
vn -0.7971 -0.1005 0.5954
vn -0.0802 -0.2532 -0.9641
vn 0.9867 -0.1619 -0.0155
vn 0.4214 -0.2591 0.8691
vn -0.9958 -0.0908 0.0077
vn 0.4158 -0.2970 -0.8596
vn -0.3542 -0.1706 0.9195
vn -0.3679 -0.2131 -0.9051
vn -0.9878 0.1553 0.0139
vn -0.3451 -0.2501 -0.9046
vn 0.9879 0.1547 0.0141
vn 0.3666 -0.2265 0.9024
vn 0.0523 -0.3111 -0.9489
vn -0.0545 -0.3034 0.9513
vn 0.0503 -0.2991 0.9529
vn 0.3517 -0.2409 -0.9046
vn -0.0566 -0.3153 -0.9473
vn -0.3600 -0.2359 0.9026
vn -0.0061 -0.2677 0.9635
vn 0.1267 -0.2437 0.9615
vn 0.1289 -0.2632 -0.9561
vn -0.0058 -0.2870 -0.9579
vn -0.1373 -0.2890 -0.9474
vn -0.8514 0.0098 -0.5245
vn 0.8647 0.0330 -0.5012
vn -0.1359 -0.2712 0.9529
vn 0.8614 0.0413 0.5063
vn -0.8492 0.0199 0.5276
vn 0.8191 -0.1344 0.5577
vn 0.0695 -0.3070 -0.9492
vn -0.8281 -0.3543 -0.4344
vn 0.0660 -0.1374 0.9883
vn 0.8274 0.0075 -0.5616
vn -0.0428 -0.2875 0.9568
vn 0.3589 -0.1812 -0.9156
vn 0.3473 -0.1429 0.9268
vn -0.1546 -0.3081 0.9387
vn -0.1327 -0.3345 -0.9330
vn 0.9999 0.0155 0.0023
vn -0.0189 -0.9872 -0.1582
vn -0.0674 -0.2087 0.9756
vn -0.7880 -0.1312 -0.6016
vn -0.8115 0.0040 0.5844
vn -0.1173 -0.2391 -0.9639
vn -0.3587 -0.1901 -0.9139
vn -0.3517 -0.1469 0.9245
vn -0.9999 0.0155 0.0020
vn 0.0696 -0.3436 -0.9365
vn 0.8322 -0.3608 -0.4210
vn 0.8794 -0.3437 0.3293
vn 0.0942 -0.3149 0.9444
vn -0.9605 -0.2753 -0.0413
vn 0.9979 -0.0638 -0.0086
vn -0.2455 -0.3822 -0.8909
vn -0.2755 -0.3639 0.8898
vn 0.3731 -0.2295 0.8990
vn 0.3711 -0.2595 -0.8916
vn 0.9559 -0.2901 -0.0448
vn 0.2497 -0.3179 0.9147
vn -0.9981 -0.0618 -0.0086
vn 0.2147 -0.3526 -0.9108
vn -0.3424 -0.1644 0.9250
vn -0.3468 -0.2083 -0.9145
vn 0.0390 -0.2582 0.9653
vn 0.0425 -0.2778 -0.9597
vn -0.4246 -0.2079 -0.8812
vn 0.4281 -0.1811 -0.8854
vn -0.0520 -0.2750 0.9600
vn 0.9884 0.1512 0.0164
vn -0.0550 -0.2937 -0.9543
vn 0.4295 -0.1643 0.8880
vn -0.4274 -0.1924 0.8834
vn -0.9885 0.1503 0.0162
vn 0.3566 -0.1205 -0.9264
vn 0.3420 -0.0796 0.9363
vn -0.0550 -0.2056 0.9771
vn -0.0426 -0.2439 -0.9689
vn 0.9952 0.0973 0.0119
vn -0.3745 -0.1788 -0.9098
vn -0.3671 -0.1392 0.9197
vn -0.0164 -0.2838 -0.9588
vn -0.9955 0.0941 0.0113
vn -0.0052 -0.2480 0.9687
vn -0.0000 0.1524 0.9883
vn -0.0000 0.0269 0.9996
vn -0.0000 0.1390 0.9903
vn -0.0000 0.0401 0.9992
vn -0.0000 0.1076 0.9942
vn -0.0000 0.0714 0.9974
vn -0.8069 0.1766 -0.5636
vn 0.5177 -0.5338 0.6687
vn -0.6485 -0.5095 0.5655
vn 0.3615 -0.4927 -0.7915
vn -0.9048 0.4248 -0.0282
vn 0.0603 0.7393 0.6706
vn -0.6845 -0.7278 -0.0418
vn -0.0341 0.5969 -0.8016
vn -0.7343 0.1985 0.6491
vn 0.6256 -0.7801 0.0057
vn -0.7222 -0.5554 -0.4124
vn -0.0133 0.9999 0.0037
vn 0.1496 -0.6115 0.7770
vn 0.0487 -0.7118 -0.7007
vn -0.2391 0.5766 -0.7813
vn -0.1393 0.6572 0.7408
vn -0.2891 0.9573 -0.0007
vn 0.1136 -0.9935 -0.0036
vn 0.3551 -0.5866 0.7279
vn 0.2207 -0.5846 -0.7807
vn -0.1838 0.5718 -0.7995
vn -0.1019 0.6949 0.7118
vn -0.2650 0.9642 0.0007
vn 0.3934 -0.9194 0.0005
vn -0.7488 -0.3242 0.5781
vn 0.2122 0.0739 -0.9744
vn -0.7784 -0.3421 -0.5263
vn 0.3929 0.1359 0.9095
vn 0.9484 0.3143 -0.0431
vn 0.0563 0.0212 0.9982
vn -0.0723 -0.0306 -0.9969
vn 0.1311 0.0449 0.9904
vn -0.0073 -0.0042 -1.0000
vn -0.3510 0.3846 0.8538
vn 0.4278 -0.5482 0.7187
vn 0.5767 -0.7008 -0.4199
vn -0.8119 -0.5682 0.1342
vn -0.7718 -0.2421 0.5879
vn 0.1335 0.2607 -0.9561
vn -0.9446 0.2024 -0.2583
vn -0.6757 -0.2459 0.6950
vn 0.0414 0.9401 0.3385
vn -0.7907 -0.5797 -0.1968
vn -0.7383 -0.2999 -0.6041
vn 0.4792 -0.1137 0.8703
vn -0.2320 -0.9726 -0.0142
vn 0.6294 -0.6923 0.3530
vn -0.2071 -0.5492 0.8096
vn -0.0007 0.9106 -0.4133
vn 0.6057 0.7955 -0.0194
vn -0.5032 0.3254 -0.8006
vn -0.3731 0.9278 -0.0074
vn -0.3484 -0.6613 -0.6643
vn -0.9536 0.2089 0.2167
vn 0.1732 -0.6427 -0.7463
vn -0.2136 0.5728 -0.7914
vn -0.1374 0.6726 0.7272
vn -0.2805 0.9599 -0.0003
vn 0.3192 -0.9477 -0.0007
vn 0.1393 -0.9679 0.2094
vn -0.3020 0.9309 -0.2056
vn 0.0935 -0.1707 0.9809
vn -0.2678 0.9453 0.1860
vn -0.1241 0.1501 -0.9809
vn 0.1020 -0.9791 -0.1761
vn 0.2749 -0.5918 0.7578
vn 0.2698 -0.5259 -0.8066
vn -0.1232 0.5745 -0.8091
vn -0.0244 0.7071 0.7067
vn -0.2184 0.9759 0.0020
vn 0.4442 -0.8959 0.0020
vn 0.4067 -0.8961 0.1778
vn -0.2702 0.9389 -0.2135
vn 0.2053 -0.1481 0.9674
vn -0.2441 0.9543 0.1725
vn -0.0632 0.1641 -0.9844
vn 0.3720 -0.9057 -0.2034
vn 0.2929 -0.1284 -0.9475
vn -0.7950 -0.2991 -0.5278
vn 0.2960 0.3639 0.8831
vn 0.9675 -0.2520 -0.0192
vn 0.0041 0.2095 0.9778
vn -0.0322 -0.2322 -0.9721
vn 0.0626 0.2402 0.9687
vn 0.0572 -0.1752 -0.9829
vn -0.0373 -0.0162 -0.9992
vn 0.0773 0.0275 0.9966
vn -0.9070 -0.4163 -0.0642
vn -0.2743 -0.1032 -0.9561
vn 0.5858 0.1951 -0.7866
vn 0.7219 0.2438 0.6476
vn -0.1555 -0.0499 0.9866
vn 0.2213 0.0758 0.9723
vn 0.0533 0.0179 -0.9984
vn 0.4255 -0.8792 -0.2143
vn -0.0030 0.1755 -0.9845
vn -0.1959 0.9651 0.1739
vn 0.2946 -0.1245 0.9475
vn -0.1402 -0.1754 0.9745
vn 0.7895 -0.1865 0.5847
vn 0.6744 -0.1798 -0.7161
vn 0.0226 -0.2023 -0.9791
vn -0.2216 0.9507 -0.2171
vn 0.4562 -0.8724 0.1757
vn -0.3415 0.0445 -0.9388
vn 0.0153 0.2196 0.9755
vn -0.3688 0.9010 0.2283
vn -0.2172 -0.9553 0.2004
vn -0.9321 -0.3597 -0.0420
vn -0.4301 0.8744 -0.2245
vn 0.3339 -0.9224 0.1943
vn -0.2893 0.9337 -0.2109
vn 0.1414 -0.1603 0.9769
vn -0.2621 0.9487 0.1771
vn -0.0932 0.1590 -0.9829
vn 0.2986 -0.9355 -0.1892
vn -0.2565 -0.9496 -0.1800
vn -0.9426 -0.3304 -0.0480
vn -0.2753 -0.2671 -0.9235
vn 0.4014 0.5242 -0.7511
vn 0.5000 0.6123 0.6124
vn -0.2249 0.0661 0.9721
vn 0.1481 0.2704 0.9513
vn 0.1147 -0.1425 -0.9831
vn 0.5217 -0.5366 0.6633
vn 0.3651 -0.4928 -0.7898
vn 0.0619 0.7440 0.6653
vn -0.0321 0.6007 -0.7988
vn 0.6258 -0.7800 0.0059
vn -0.0133 0.9999 0.0039
vn 0.4047 -0.5331 0.7430
vn 0.2646 -0.5543 -0.7891
vn -0.1522 0.6281 -0.7631
vn -0.0317 0.6910 0.7222
vn -0.2458 0.9693 0.0071
vn 0.4192 -0.9079 0.0072
vn 0.2141 0.0747 -0.9739
vn 0.3964 0.1372 0.9078
vn 0.2138 0.0830 0.9734
vn 0.0350 0.0190 -0.9992
vn 0.4457 -0.5572 0.7006
vn 0.5774 -0.7006 -0.4193
vn 0.1355 0.2623 -0.9554
vn 0.0416 0.9403 0.3378
vn 0.4830 -0.1141 0.8681
vn 0.6297 -0.6923 0.3525
vn -0.0003 0.9109 -0.4126
vn 0.2844 -0.5222 -0.8040
vn -0.1121 0.5874 -0.8015
vn -0.0136 0.7246 0.6891
vn -0.2146 0.9767 0.0029
vn 0.4484 -0.8938 0.0031
vn 0.4352 -0.8806 0.1873
vn -0.2457 0.9512 -0.1865
vn 0.2753 -0.0898 0.9572
vn -0.2167 0.9587 0.1843
vn -0.0254 0.2060 -0.9782
vn 0.4075 -0.8933 -0.1895
vn 0.2950 -0.1280 -0.9469
vn 0.2991 0.3669 0.8808
vn 0.1459 0.2743 0.9505
vn 0.0964 -0.1414 -0.9853
vn 0.2479 0.0857 0.9650
vn 0.0668 0.0232 -0.9975
vn 0.4333 -0.8762 -0.2109
vn 0.0106 0.1832 -0.9830
vn -0.1911 0.9670 0.1687
vn 0.3222 -0.1250 0.9384
vn -0.2156 0.9534 -0.2110
vn 0.4608 -0.8710 0.1702
vn 0.1720 0.2884 0.9420
vn 0.1287 -0.1382 -0.9820
vn 0.8076 0.1737 -0.5635
vn -0.5203 -0.5314 0.6685
vn 0.6461 -0.5125 0.5656
vn -0.3639 -0.4911 -0.7914
vn 0.9067 0.4209 -0.0282
vn -0.0568 0.7397 0.6706
vn 0.6810 -0.7311 -0.0418
vn 0.0369 0.5968 -0.8016
vn 0.7351 0.1958 0.6490
vn -0.6293 -0.7772 0.0057
vn 0.7195 -0.5587 -0.4125
vn 0.0181 0.9998 0.0037
vn -0.1525 -0.6108 0.7770
vn -0.0521 -0.7116 -0.7007
vn 0.2418 0.5755 -0.7813
vn 0.1424 0.6565 0.7407
vn 0.2936 0.9559 -0.0007
vn -0.1183 -0.9930 -0.0036
vn -0.3579 -0.5849 0.7279
vn -0.2235 -0.5836 -0.7807
vn 0.1865 0.5710 -0.7995
vn 0.1052 0.6945 0.7118
vn 0.2695 0.9630 0.0007
vn -0.3977 -0.9175 0.0005
vn 0.7472 -0.3277 0.5782
vn -0.2118 0.0749 -0.9744
vn 0.7768 -0.3458 -0.5263
vn -0.3922 0.1377 0.9095
vn -0.9469 0.3185 -0.0431
vn -0.0562 0.0215 0.9982
vn 0.0722 -0.0309 -0.9969
vn -0.1308 0.0455 0.9904
vn 0.0072 -0.0042 -1.0000
vn 0.3529 0.3829 0.8537
vn -0.4304 -0.5461 0.7187
vn -0.5801 -0.6981 -0.4198
vn 0.8092 -0.5720 0.1342
vn 0.7707 -0.2457 0.5879
vn -0.1321 0.2613 -0.9562
vn 0.9453 0.1992 -0.2582
vn 0.6743 -0.2487 0.6953
vn -0.0369 0.9403 0.3383
vn 0.7879 -0.5834 -0.1968
vn 0.7368 -0.3032 -0.6043
vn -0.4799 -0.1117 0.8702
vn 0.2274 -0.9737 -0.0142
vn -0.6327 -0.6893 0.3530
vn 0.2041 -0.5503 0.8097
vn 0.0051 0.9106 -0.4132
vn -0.6017 0.7985 -0.0194
vn 0.5048 0.3232 -0.8005
vn 0.3775 0.9260 -0.0074
vn 0.3450 -0.6631 -0.6643
vn 0.9543 0.2057 0.2167
vn -0.1763 -0.6419 -0.7463
vn 0.2163 0.5718 -0.7914
vn 0.1406 0.6719 0.7271
vn 0.2850 0.9585 -0.0003
vn -0.3236 -0.9462 -0.0007
vn -0.1440 -0.9672 0.2094
vn 0.3064 0.9294 -0.2056
vn -0.0943 -0.1703 0.9809
vn 0.2723 0.9441 0.1860
vn 0.1248 0.1496 -0.9808
vn -0.1067 -0.9786 -0.1761
vn -0.2777 -0.5905 0.7578
vn -0.2723 -0.5246 -0.8066
vn 0.1260 0.5740 -0.8091
vn 0.0278 0.7071 0.7066
vn 0.2230 0.9748 0.0020
vn -0.4484 -0.8938 0.0020
vn -0.4109 -0.8942 0.1778
vn 0.2746 0.9376 -0.2135
vn -0.2061 -0.1472 0.9674
vn 0.2486 0.9531 0.1725
vn 0.0640 0.1638 -0.9844
vn -0.3762 -0.9039 -0.2034
vn -0.2936 -0.1271 -0.9474
vn 0.7936 -0.3028 -0.5277
vn -0.2942 0.3652 0.8832
vn -0.9686 -0.2480 -0.0192
vn -0.0031 0.2096 0.9778
vn 0.0311 -0.2323 -0.9721
vn -0.0615 0.2405 0.9687
vn -0.0581 -0.1750 -0.9829
vn 0.0373 -0.0164 -0.9992
vn -0.0772 0.0279 0.9966
vn 0.9050 -0.4205 -0.0642
vn 0.2738 -0.1043 -0.9561
vn -0.5847 0.1977 -0.7868
vn -0.7207 0.2471 0.6477
vn 0.1552 -0.0505 0.9866
vn -0.2210 0.0768 0.9723
vn -0.0533 0.0181 -0.9984
vn -0.4296 -0.8772 -0.2143
vn 0.0039 0.1755 -0.9845
vn 0.2004 0.9642 0.1739
vn -0.2952 -0.1233 0.9474
vn 0.1390 -0.1759 0.9745
vn -0.7905 -0.1834 0.5843
vn -0.6754 -0.1771 -0.7158
vn -0.0236 -0.2023 -0.9790
vn 0.2261 0.9496 -0.2171
vn -0.4603 -0.8702 0.1757
vn 0.3416 0.0433 -0.9388
vn -0.0143 0.2197 0.9755
vn 0.3731 0.8992 0.2283
vn 0.2126 -0.9564 0.2004
vn 0.9304 -0.3641 -0.0420
vn 0.4343 0.8723 -0.2245
vn -0.3382 -0.9208 0.1943
vn 0.2937 0.9323 -0.2109
vn -0.1421 -0.1597 0.9769
vn 0.2665 0.9474 0.1771
vn 0.0940 0.1586 -0.9829
vn -0.3030 -0.9340 -0.1892
vn 0.2519 -0.9509 -0.1800
vn 0.9411 -0.3347 -0.0480
vn 0.2738 -0.2683 -0.9236
vn -0.3988 0.5261 -0.7511
vn -0.4970 0.6148 0.6124
vn 0.2252 0.0652 0.9721
vn -0.1468 0.2711 0.9513
vn -0.1154 -0.1420 -0.9831
vn -0.5243 -0.5342 0.6631
vn -0.3676 -0.4912 -0.7897
vn -0.0583 0.7443 0.6653
vn 0.0349 0.6005 -0.7989
vn -0.6295 -0.7770 0.0059
vn 0.0180 0.9998 0.0039
vn -0.4071 -0.5310 0.7431
vn -0.2672 -0.5529 -0.7893
vn 0.1552 0.6276 -0.7629
vn 0.0350 0.6909 0.7221
vn 0.2503 0.9681 0.0071
vn -0.4234 -0.9059 0.0072
vn -0.2137 0.0757 -0.9740
vn -0.3957 0.1391 0.9078
vn -0.2133 0.0841 0.9734
vn -0.0349 0.0193 -0.9992
vn -0.4484 -0.5551 0.7006
vn -0.5807 -0.6978 -0.4193
vn -0.1341 0.2628 -0.9555
vn -0.0370 0.9405 0.3377
vn -0.4837 -0.1121 0.8680
vn -0.6330 -0.6893 0.3525
vn 0.0047 0.9109 -0.4125
vn -0.2869 -0.5209 -0.8040
vn 0.1149 0.5870 -0.8014
vn 0.0171 0.7246 0.6890
vn 0.2192 0.9757 0.0029
vn -0.4526 -0.8917 0.0031
vn -0.4394 -0.8786 0.1873
vn 0.2502 0.9501 -0.1865
vn -0.2757 -0.0884 0.9572
vn 0.2212 0.9577 0.1843
vn 0.0265 0.2062 -0.9782
vn -0.4117 -0.8914 -0.1896
vn -0.2957 -0.1268 -0.9468
vn -0.2973 0.3683 0.8809
vn -0.1445 0.2752 0.9504
vn -0.0970 -0.1408 -0.9853
vn -0.2475 0.0868 0.9650
vn -0.0667 0.0235 -0.9975
vn -0.4374 -0.8742 -0.2109
vn -0.0097 0.1832 -0.9830
vn 0.1957 0.9661 0.1686
vn -0.3229 -0.1236 0.9383
vn 0.2201 0.9524 -0.2110
vn -0.4649 -0.8688 0.1702
vn -0.1706 0.2892 0.9420
vn -0.1294 -0.1376 -0.9820
vt 0.190412 0.731526
vt 0.190942 0.732354
vt 0.189686 0.733176
vt 0.189091 0.731315
vt 0.191488 0.733171
vt 0.191154 0.734466
vt 0.189894 0.739013
vt 0.185189 0.736119
vt 0.184420 0.730650
vt 0.194344 0.724154
vt 0.199048 0.727048
vt 0.194552 0.729991
vt 0.193084 0.728701
vt 0.199818 0.732517
vt 0.195147 0.731853
vt 0.193826 0.731641
vt 0.193295 0.730814
vt 0.192749 0.729996
vt 0.191378 0.730453
vt 0.192119 0.731584
vt 0.191501 0.731988
vt 0.190804 0.731005
vt 0.192859 0.732715
vt 0.192124 0.733020
vt 0.188117 0.725469
vt 0.190831 0.724186
vt 0.191682 0.728519
vt 0.190419 0.728987
vt 0.192114 0.730147
vt 0.196121 0.737698
vt 0.193407 0.738981
vt 0.192555 0.734649
vt 0.193818 0.734180
vt 0.198383 0.735724
vt 0.194753 0.733210
vt 0.193433 0.732163
vt 0.185854 0.727443
vt 0.189485 0.729957
vt 0.192737 0.731179
vt 0.177908 0.732085
vt 0.178242 0.730790
vt 0.179710 0.732080
vt 0.178454 0.732902
vt 0.180305 0.733941
vt 0.178984 0.733729
vt 0.184207 0.729136
vt 0.184976 0.734605
vt 0.179502 0.726243
vt 0.169578 0.732739
vt 0.174249 0.733403
vt 0.174844 0.735265
vt 0.170348 0.738208
vt 0.176312 0.736555
vt 0.175052 0.741102
vt 0.176101 0.734442
vt 0.176647 0.735259
vt 0.175570 0.733615
vt 0.176537 0.732541
vt 0.177272 0.732236
vt 0.177895 0.733268
vt 0.177277 0.733672
vt 0.178592 0.734251
vt 0.178017 0.734803
vt 0.173275 0.727558
vt 0.175577 0.731076
vt 0.174643 0.732046
vt 0.171013 0.729532
vt 0.175963 0.733093
vt 0.181279 0.739786
vt 0.178977 0.736269
vt 0.179911 0.735299
vt 0.183542 0.737813
vt 0.177714 0.736737
vt 0.178565 0.741070
vt 0.177282 0.735109
vt 0.176840 0.730607
vt 0.175989 0.726274
vt 0.176659 0.734077
vt 0.122001 0.683569
vt 0.123797 0.685748
vt 0.122641 0.686852
vt 0.120707 0.684518
vt 0.125924 0.687651
vt 0.124811 0.688898
vt 0.123387 0.690450
vt 0.121132 0.688302
vt 0.119013 0.685896
vt 0.128241 0.689569
vt 0.127140 0.690890
vt 0.130638 0.691538
vt 0.129552 0.692882
vt 0.128211 0.694526
vt 0.125759 0.692508
vt 0.123890 0.694662
vt 0.121437 0.692559
vt 0.126405 0.696721
vt 0.124345 0.699222
vt 0.121771 0.697125
vt 0.119242 0.695007
vt 0.119053 0.690381
vt 0.116685 0.687993
vt 0.116735 0.692855
vt 0.114174 0.690622
vt 0.132979 0.693484
vt 0.131929 0.694819
vt 0.134971 0.695148
vt 0.133986 0.696464
vt 0.132770 0.698121
vt 0.130642 0.696473
vt 0.137530 0.697162
vt 0.138709 0.697955
vt 0.138041 0.699282
vt 0.136743 0.698467
vt 0.140341 0.698573
vt 0.139811 0.700028
vt 0.138978 0.701970
vt 0.137102 0.701046
vt 0.135706 0.700176
vt 0.135623 0.703544
vt 0.134175 0.702577
vt 0.137531 0.704695
vt 0.135555 0.707761
vt 0.133713 0.706398
vt 0.132263 0.705324
vt 0.128910 0.698703
vt 0.131113 0.700388
vt 0.129165 0.702981
vt 0.126907 0.701246
vt 0.124864 0.703816
vt 0.122264 0.701755
vt 0.127148 0.705583
vt 0.125146 0.708167
vt 0.122826 0.706403
vt 0.120180 0.704301
vt 0.131590 0.709148
vt 0.130200 0.708015
vt 0.133281 0.710663
vt 0.130893 0.713197
vt 0.129429 0.711645
vt 0.128123 0.710534
vt 0.127423 0.713858
vt 0.126174 0.712910
vt 0.128633 0.715234
vt 0.127100 0.716606
vt 0.125881 0.716044
vt 0.124486 0.715359
vt 0.120803 0.709051
vt 0.118075 0.706926
vt 0.123190 0.710772
vt 0.121224 0.713509
vt 0.118730 0.711868
vt 0.115914 0.709755
vt 0.114523 0.695426
vt 0.111848 0.693389
vt 0.117085 0.697505
vt 0.114981 0.699968
vt 0.112486 0.697950
vt 0.109875 0.696172
vt 0.119652 0.699624
vt 0.117538 0.702117
vt 0.115385 0.704661
vt 0.112879 0.702410
vt 0.113168 0.707398
vt 0.110700 0.704936
vt 0.110590 0.700352
vt 0.108341 0.698809
vt 0.108680 0.702575
vt 0.107413 0.700848
vt 0.101358 0.703164
vt 0.105254 0.701480
vt 0.106332 0.704725
vt 0.103515 0.707355
vt 0.108319 0.707833
vt 0.105381 0.712025
vt 0.110884 0.710576
vt 0.108600 0.714455
vt 0.113688 0.712972
vt 0.111383 0.716828
vt 0.116544 0.715010
vt 0.114185 0.718849
vt 0.119143 0.716607
vt 0.116716 0.721082
vt 0.122003 0.721826
vt 0.123137 0.718228
vt 0.124990 0.718717
vt 0.124340 0.722168
vt 0.127106 0.718770
vt 0.127015 0.722841
vt 0.119326 0.677197
vt 0.120583 0.680667
vt 0.119007 0.681573
vt 0.117339 0.678165
vt 0.116971 0.682955
vt 0.114632 0.678936
vt 0.114246 0.685254
vt 0.111161 0.681868
vt 0.111354 0.688127
vt 0.107862 0.685123
vt 0.108828 0.691319
vt 0.105124 0.688915
vt 0.106806 0.694648
vt 0.102354 0.693077
vt 0.105556 0.698088
vt 0.101828 0.698011
vt 0.144576 0.691133
vt 0.141556 0.693121
vt 0.140611 0.691889
vt 0.143526 0.689536
vt 0.139543 0.694612
vt 0.138592 0.693625
vt 0.137295 0.692343
vt 0.139289 0.690376
vt 0.142071 0.687718
vt 0.137296 0.688397
vt 0.139906 0.685490
vt 0.135387 0.690553
vt 0.133052 0.688523
vt 0.134841 0.686227
vt 0.137244 0.683122
vt 0.132214 0.684166
vt 0.134370 0.680882
vt 0.130598 0.686549
vt 0.128154 0.684774
vt 0.129482 0.682386
vt 0.131249 0.678981
vt 0.126684 0.681020
vt 0.127763 0.677527
vt 0.125881 0.683296
vt 0.124319 0.682222
vt 0.124125 0.680225
vt 0.123855 0.676282
vt 0.129756 0.717680
vt 0.130864 0.721274
vt 0.132728 0.715688
vt 0.135109 0.719579
vt 0.135568 0.712915
vt 0.138231 0.715587
vt 0.138160 0.709696
vt 0.141200 0.712004
vt 0.140345 0.706229
vt 0.143718 0.708112
vt 0.141885 0.703024
vt 0.146205 0.704135
vt 0.146338 0.699097
vt 0.142893 0.698902
vt 0.143084 0.697225
vt 0.146272 0.696962
vt 0.140800 0.697229
vt 0.141253 0.696192
vt 0.143024 0.695677
vt 0.146610 0.694604
vt 0.111682 0.723411
vt 0.109150 0.721357
vt 0.113666 0.724668
vt 0.111624 0.727401
vt 0.109792 0.727238
vt 0.107511 0.725231
vt 0.106874 0.718772
vt 0.105318 0.716816
vt 0.105742 0.722103
vt 0.105006 0.719592
vt 0.100928 0.710388
vt 0.100001 0.707528
vt 0.101933 0.713360
vt 0.099859 0.714479
vt 0.099113 0.712777
vt 0.098951 0.710285
vt 0.100802 0.685709
vt 0.103380 0.681412
vt 0.099312 0.689418
vt 0.096946 0.686633
vt 0.097158 0.682782
vt 0.099283 0.678090
vt 0.106742 0.678216
vt 0.109569 0.676347
vt 0.102698 0.675347
vt 0.105796 0.674693
vt 0.097426 0.698529
vt 0.098035 0.694682
vt 0.097044 0.702467
vt 0.094132 0.702149
vt 0.093919 0.699173
vt 0.095042 0.696004
vt 0.116744 0.670367
vt 0.114298 0.671757
vt 0.113318 0.668668
vt 0.115675 0.667155
vt 0.112611 0.673424
vt 0.111746 0.670467
vt 0.111650 0.668316
vt 0.112750 0.666387
vt 0.114926 0.664728
vt 0.137037 0.669111
vt 0.132854 0.667255
vt 0.135964 0.660861
vt 0.140570 0.662504
vt 0.129260 0.666057
vt 0.132332 0.660181
vt 0.134953 0.656274
vt 0.138537 0.655434
vt 0.143623 0.656438
vt 0.144136 0.674251
vt 0.140751 0.671526
vt 0.144754 0.665316
vt 0.148484 0.668613
vt 0.148275 0.659568
vt 0.152344 0.663523
vt 0.150004 0.679677
vt 0.147338 0.677033
vt 0.152028 0.671806
vt 0.155032 0.674762
vt 0.156204 0.667211
vt 0.159518 0.670517
vt 0.153323 0.684283
vt 0.151886 0.682035
vt 0.157224 0.677455
vt 0.158813 0.680065
vt 0.161992 0.673547
vt 0.163646 0.676558
vt 0.147347 0.686207
vt 0.148582 0.688160
vt 0.145697 0.684102
vt 0.143291 0.681661
vt 0.140371 0.679105
vt 0.137261 0.676677
vt 0.133837 0.674514
vt 0.129944 0.672814
vt 0.126439 0.671605
vt 0.121760 0.670737
vt 0.119534 0.670242
vt 0.118454 0.667156
vt 0.120671 0.667816
vt 0.117603 0.664849
vt 0.119544 0.665851
vt 0.142539 0.700680
vt 0.146177 0.701305
vt 0.122191 0.680209
vt 0.121413 0.676890
vt 0.123248 0.682813
vt 0.140437 0.695533
vt 0.139378 0.696709
vt 0.138337 0.695908
vt 0.134047 0.692147
vt 0.131734 0.690183
vt 0.135979 0.693843
vt 0.129341 0.688230
vt 0.127013 0.686392
vt 0.124897 0.684682
vt 0.120539 0.673502
vt 0.122564 0.673753
vt 0.118012 0.673721
vt 0.115731 0.674932
vt 0.114062 0.676279
vt 0.131792 0.725607
vt 0.128722 0.726615
vt 0.134831 0.724471
vt 0.134578 0.727540
vt 0.132405 0.728998
vt 0.129997 0.729245
vt 0.146907 0.716654
vt 0.149337 0.712837
vt 0.151992 0.715421
vt 0.149847 0.719120
vt 0.150646 0.709769
vt 0.152843 0.712538
vt 0.154136 0.714719
vt 0.154026 0.717406
vt 0.152192 0.721082
vt 0.140153 0.722431
vt 0.143406 0.720095
vt 0.146059 0.722325
vt 0.142528 0.724347
vt 0.148160 0.724022
vt 0.144747 0.725224
vt 0.154696 0.699786
vt 0.154238 0.697336
vt 0.158003 0.697494
vt 0.158608 0.699924
vt 0.153407 0.695509
vt 0.156911 0.695694
vt 0.159218 0.696037
vt 0.160678 0.697495
vt 0.161439 0.699919
vt 0.153244 0.704089
vt 0.154141 0.702242
vt 0.157767 0.702370
vt 0.156513 0.704194
vt 0.160354 0.702375
vt 0.158732 0.703877
vt 0.150137 0.701848
vt 0.149705 0.703738
vt 0.150429 0.699431
vt 0.150131 0.697019
vt 0.149683 0.695183
vt 0.123366 0.726109
vt 0.120945 0.726206
vt 0.125159 0.725952
vt 0.123995 0.728268
vt 0.122460 0.729283
vt 0.120142 0.729916
vt 0.140833 0.717877
vt 0.137939 0.720478
vt 0.144061 0.714290
vt 0.146628 0.710356
vt 0.148286 0.707087
vt 0.119659 0.721308
vt 0.118481 0.725942
vt 0.116578 0.725573
vt 0.117802 0.729765
vt 0.116509 0.728763
vt 0.137319 0.695026
vt 0.136401 0.696303
vt 0.145491 0.692785
vt 0.149693 0.690129
vt 0.150591 0.691700
vt 0.154520 0.686458
vt 0.155390 0.688122
vt 0.159810 0.682509
vt 0.160343 0.684292
vt 0.164158 0.679423
vt 0.163523 0.681562
vt 0.142404 0.694355
vt 0.121297 0.717562
vt 0.123053 0.714584
vt 0.126818 0.709469
vt 0.124884 0.711976
vt 0.130861 0.704273
vt 0.128834 0.706914
vt 0.134375 0.699284
vt 0.132784 0.701610
vt 0.135505 0.697608
vt 0.214047 0.694236
vt 0.212922 0.695396
vt 0.210922 0.693173
vt 0.212164 0.692173
vt 0.211318 0.696893
vt 0.209265 0.694463
vt 0.207472 0.691938
vt 0.209214 0.690740
vt 0.210600 0.689809
vt 0.207556 0.688132
vt 0.209018 0.687226
vt 0.205756 0.689279
vt 0.204083 0.686529
vt 0.205909 0.685420
vt 0.207390 0.684535
vt 0.205097 0.693589
vt 0.203348 0.690845
vt 0.202358 0.695434
vt 0.200604 0.692619
vt 0.198866 0.689742
vt 0.201642 0.688028
vt 0.208883 0.698890
vt 0.206914 0.696252
vt 0.205931 0.700992
vt 0.204124 0.698201
vt 0.204313 0.682741
vt 0.205786 0.681889
vt 0.202484 0.683798
vt 0.201141 0.681413
vt 0.202970 0.680422
vt 0.204419 0.679627
vt 0.202807 0.676762
vt 0.201391 0.677364
vt 0.200771 0.675976
vt 0.202194 0.675493
vt 0.199527 0.678180
vt 0.198862 0.676686
vt 0.198200 0.674721
vt 0.200280 0.674138
vt 0.201820 0.673808
vt 0.196893 0.679407
vt 0.196137 0.677855
vt 0.193869 0.680965
vt 0.193008 0.679402
vt 0.191918 0.677436
vt 0.195251 0.675842
vt 0.200010 0.685225
vt 0.197194 0.686884
vt 0.195768 0.684375
vt 0.198633 0.682766
vt 0.196066 0.691471
vt 0.194357 0.688575
vt 0.193272 0.693193
vt 0.191519 0.690248
vt 0.190059 0.687679
vt 0.192899 0.686042
vt 0.190885 0.682671
vt 0.189959 0.681159
vt 0.188091 0.684399
vt 0.187170 0.682971
vt 0.185845 0.681338
vt 0.188708 0.679315
vt 0.185490 0.686004
vt 0.184717 0.684652
vt 0.182883 0.687337
vt 0.182380 0.685874
vt 0.181979 0.684605
vt 0.183528 0.683287
vt 0.190424 0.694914
vt 0.188650 0.691887
vt 0.187420 0.696631
vt 0.185655 0.693534
vt 0.184316 0.690825
vt 0.187235 0.689258
vt 0.202895 0.702895
vt 0.201281 0.700034
vt 0.199910 0.704453
vt 0.198532 0.701699
vt 0.196888 0.698976
vt 0.199591 0.697233
vt 0.197838 0.694385
vt 0.195100 0.696141
vt 0.194239 0.700697
vt 0.192335 0.697911
vt 0.191519 0.702459
vt 0.189412 0.699689
vt 0.197152 0.705582
vt 0.195953 0.703201
vt 0.195061 0.706191
vt 0.193561 0.704738
vt 0.191939 0.711738
vt 0.188284 0.708996
vt 0.191176 0.706685
vt 0.194150 0.708172
vt 0.183836 0.706701
vt 0.188407 0.704351
vt 0.182012 0.703162
vt 0.186076 0.701454
vt 0.180067 0.700057
vt 0.184076 0.698336
vt 0.178354 0.697083
vt 0.182370 0.695239
vt 0.176225 0.694373
vt 0.181048 0.692468
vt 0.176292 0.688977
vt 0.176176 0.686639
vt 0.179657 0.686406
vt 0.179930 0.688292
vt 0.175610 0.683876
vt 0.179844 0.684314
vt 0.219956 0.697699
vt 0.218726 0.699632
vt 0.215576 0.697482
vt 0.216699 0.696009
vt 0.217669 0.702428
vt 0.213903 0.699338
vt 0.213907 0.705184
vt 0.211170 0.701666
vt 0.210267 0.707757
vt 0.207927 0.704037
vt 0.206350 0.709914
vt 0.204488 0.706069
vt 0.202014 0.712443
vt 0.200972 0.707643
vt 0.197003 0.711929
vt 0.197472 0.708356
vt 0.210032 0.670897
vt 0.211374 0.672246
vt 0.208517 0.674624
vt 0.207466 0.673486
vt 0.212858 0.673995
vt 0.209780 0.676191
vt 0.207534 0.677781
vt 0.206464 0.676294
vt 0.205645 0.675198
vt 0.214627 0.676472
vt 0.211403 0.678481
vt 0.216478 0.679408
vt 0.213151 0.681231
vt 0.210676 0.682613
vt 0.209014 0.679976
vt 0.218205 0.682480
vt 0.214787 0.684098
vt 0.219629 0.685696
vt 0.216158 0.686995
vt 0.213690 0.687989
vt 0.212278 0.685336
vt 0.220663 0.689198
vt 0.217147 0.689889
vt 0.221650 0.693211
vt 0.217624 0.692509
vt 0.215682 0.692085
vt 0.214840 0.690416
vt 0.177907 0.680285
vt 0.181279 0.681858
vt 0.180028 0.676205
vt 0.183643 0.679210
vt 0.184648 0.673908
vt 0.186830 0.676807
vt 0.188546 0.671558
vt 0.190370 0.674686
vt 0.192605 0.669474
vt 0.194082 0.672909
vt 0.196877 0.667007
vt 0.197515 0.671687
vt 0.202173 0.667742
vt 0.204387 0.668088
vt 0.203609 0.671281
vt 0.201873 0.671231
vt 0.207008 0.667935
vt 0.205170 0.671573
vt 0.204351 0.673261
vt 0.203238 0.673548
vt 0.175516 0.701582
vt 0.173912 0.699106
vt 0.171941 0.702549
vt 0.170517 0.700512
vt 0.170451 0.698998
vt 0.172843 0.697302
vt 0.179157 0.706354
vt 0.177537 0.704176
vt 0.176179 0.706280
vt 0.174168 0.704748
vt 0.187736 0.712261
vt 0.185175 0.711027
vt 0.185085 0.712791
vt 0.182935 0.712431
vt 0.181526 0.711719
vt 0.182561 0.709980
vt 0.213043 0.712355
vt 0.208950 0.714177
vt 0.215416 0.716328
vt 0.211216 0.717614
vt 0.207887 0.717531
vt 0.205446 0.715314
vt 0.218487 0.707687
vt 0.216320 0.709867
vt 0.219137 0.711267
vt 0.218151 0.713804
vt 0.199495 0.716008
vt 0.195867 0.715885
vt 0.197733 0.718392
vt 0.194852 0.718855
vt 0.192335 0.718379
vt 0.192307 0.715817
vt 0.226139 0.701014
vt 0.228897 0.702404
vt 0.227240 0.704295
vt 0.224568 0.703141
vt 0.230940 0.703368
vt 0.229194 0.705023
vt 0.227377 0.705733
vt 0.225495 0.705486
vt 0.222925 0.704572
vt 0.229481 0.681453
vt 0.235885 0.679109
vt 0.236795 0.683308
vt 0.230709 0.685401
vt 0.241507 0.677217
vt 0.241755 0.681661
vt 0.240601 0.684659
vt 0.236938 0.686563
vt 0.231415 0.688699
vt 0.225784 0.674386
vt 0.231568 0.671335
vt 0.233946 0.675093
vt 0.227764 0.677821
vt 0.236664 0.668694
vt 0.239452 0.672819
vt 0.221894 0.668204
vt 0.227269 0.664541
vt 0.229317 0.667701
vt 0.223788 0.671056
vt 0.231796 0.661269
vt 0.234132 0.664708
vt 0.218468 0.664334
vt 0.223368 0.660304
vt 0.225322 0.662173
vt 0.220166 0.666086
vt 0.227218 0.656885
vt 0.229529 0.658696
vt 0.213844 0.667817
vt 0.215380 0.669370
vt 0.216995 0.671298
vt 0.218828 0.673965
vt 0.220735 0.677090
vt 0.222550 0.680321
vt 0.224120 0.683753
vt 0.225299 0.687516
vt 0.226124 0.690800
vt 0.226691 0.696139
vt 0.229124 0.697767
vt 0.229316 0.699924
vt 0.226701 0.698403
vt 0.230591 0.699180
vt 0.231188 0.701025
vt 0.199857 0.667573
vt 0.200009 0.671336
vt 0.220588 0.695611
vt 0.217379 0.694439
vt 0.214960 0.693081
vt 0.204174 0.676159
vt 0.203538 0.675020
vt 0.204877 0.674168
vt 0.208873 0.683653
vt 0.207256 0.681036
vt 0.205856 0.678831
vt 0.211980 0.688903
vt 0.210480 0.686330
vt 0.213358 0.691219
vt 0.223938 0.694832
vt 0.223769 0.696943
vt 0.223161 0.699409
vt 0.221721 0.701539
vt 0.220264 0.703152
vt 0.172625 0.681281
vt 0.174099 0.678789
vt 0.170686 0.679697
vt 0.171279 0.677745
vt 0.172778 0.676086
vt 0.175522 0.676168
vt 0.185002 0.665933
vt 0.183193 0.663125
vt 0.186612 0.661610
vt 0.188676 0.664083
vt 0.181795 0.660934
vt 0.185080 0.659734
vt 0.187370 0.659854
vt 0.189186 0.661047
vt 0.191515 0.663035
vt 0.178661 0.670997
vt 0.177565 0.668632
vt 0.179919 0.665988
vt 0.181407 0.668597
vt 0.177272 0.666636
vt 0.178821 0.663974
vt 0.202522 0.659633
vt 0.202865 0.656067
vt 0.204969 0.656882
vt 0.204775 0.660329
vt 0.203203 0.653551
vt 0.205226 0.654519
vt 0.206323 0.655976
vt 0.206490 0.658047
vt 0.206451 0.661269
vt 0.198238 0.660311
vt 0.198751 0.657383
vt 0.200575 0.656522
vt 0.200138 0.659801
vt 0.199438 0.655512
vt 0.200935 0.654256
vt 0.197933 0.663680
vt 0.199917 0.663615
vt 0.202344 0.663691
vt 0.204691 0.664244
vt 0.206515 0.664824
vt 0.172080 0.689499
vt 0.172386 0.687303
vt 0.168751 0.689805
vt 0.169534 0.687888
vt 0.170516 0.686608
vt 0.172633 0.685593
vt 0.179850 0.673371
vt 0.182954 0.671202
vt 0.186779 0.668702
vt 0.190716 0.666648
vt 0.193899 0.665178
vt 0.172008 0.693546
vt 0.172000 0.691762
vt 0.176493 0.691357
vt 0.169235 0.693084
vt 0.168574 0.691821
vt 0.204887 0.677304
vt 0.203487 0.678013
vt 0.211040 0.665115
vt 0.212283 0.666327
vt 0.208600 0.669609
vt 0.215451 0.661621
vt 0.216777 0.662754
vt 0.219949 0.658080
vt 0.221450 0.658907
vt 0.222982 0.655984
vt 0.224941 0.655927
vt 0.206390 0.672427
vt 0.180362 0.690203
vt 0.183471 0.688859
vt 0.186251 0.687404
vt 0.188977 0.685832
vt 0.191794 0.684170
vt 0.194720 0.682496
vt 0.197658 0.680922
vt 0.200218 0.679633
vt 0.202058 0.678723
vt 0.105430 0.723312
vt 0.104783 0.719721
vt 0.107004 0.726802
vt 0.172946 0.705325
vt 0.170587 0.703075
vt 0.175851 0.707016
vt 0.109211 0.728843
vt 0.111661 0.728365
vt 0.169193 0.700983
vt 0.169662 0.698937
vt 0.114281 0.725428
vt 0.115906 0.723155
vt 0.172170 0.696675
vt 0.174038 0.694973
vt 0.104915 0.716310
vt 0.104469 0.713725
vt 0.179307 0.707506
vt 0.181772 0.707547
vt 0.098283 0.713720
vt 0.098405 0.710262
vt 0.099499 0.715455
vt 0.182110 0.713061
vt 0.180710 0.711955
vt 0.185088 0.713280
vt 0.099487 0.706678
vt 0.099793 0.704228
vt 0.188499 0.712990
vt 0.190727 0.713284
vt 0.102100 0.714689
vt 0.181361 0.709740
vt 0.101171 0.674113
vt 0.105589 0.673890
vt 0.097621 0.676759
vt 0.218923 0.715216
vt 0.216330 0.717852
vt 0.219703 0.711526
vt 0.095621 0.681753
vt 0.096082 0.686943
vt 0.211949 0.718956
vt 0.207557 0.718221
vt 0.098720 0.690640
vt 0.100626 0.692531
vt 0.204235 0.715965
vt 0.202340 0.714510
vt 0.110357 0.675546
vt 0.113637 0.677581
vt 0.219401 0.707060
vt 0.219089 0.703588
vt 0.092477 0.699428
vt 0.094449 0.695347
vt 0.093315 0.703067
vt 0.194487 0.720008
vt 0.191492 0.718952
vt 0.198244 0.718993
vt 0.098105 0.693319
vt 0.200869 0.716357
vt 0.096681 0.704038
vt 0.190856 0.716009
vt 0.112338 0.665497
vt 0.114590 0.663679
vt 0.111102 0.668252
vt 0.229936 0.705447
vt 0.227395 0.706178
vt 0.231800 0.703756
vt 0.123321 0.673796
vt 0.123823 0.674623
vt 0.122696 0.670927
vt 0.224280 0.693934
vt 0.226763 0.695122
vt 0.223438 0.693638
vt 0.110955 0.671152
vt 0.111827 0.674148
vt 0.224851 0.706081
vt 0.222242 0.705203
vt 0.163999 0.672045
vt 0.165704 0.675206
vt 0.161420 0.668830
vt 0.231133 0.657439
vt 0.233543 0.660040
vt 0.228641 0.655638
vt 0.157951 0.665278
vt 0.153869 0.661372
vt 0.235966 0.663552
vt 0.238594 0.667642
vt 0.149639 0.657130
vt 0.144802 0.653900
vt 0.241502 0.671916
vt 0.243568 0.676487
vt 0.139402 0.653196
vt 0.134670 0.655289
vt 0.243538 0.681170
vt 0.241282 0.685042
vt 0.130970 0.659724
vt 0.127798 0.665547
vt 0.237026 0.687816
vt 0.231623 0.690018
vt 0.151125 0.692262
vt 0.148201 0.693973
vt 0.155880 0.688843
vt 0.210516 0.664475
vt 0.214818 0.661140
vt 0.207744 0.666196
vt 0.125155 0.671076
vt 0.226528 0.692071
vt 0.160831 0.684960
vt 0.164438 0.681445
vt 0.219327 0.657642
vt 0.223148 0.655320
vt 0.117405 0.663806
vt 0.119927 0.665423
vt 0.231988 0.701315
vt 0.230933 0.698914
vt 0.121625 0.667927
vt 0.229163 0.696831
vt 0.113345 0.676752
vt 0.219788 0.703951
vt 0.132645 0.730392
vt 0.129540 0.730164
vt 0.135265 0.728017
vt 0.170210 0.677338
vt 0.172486 0.675404
vt 0.169907 0.679926
vt 0.127593 0.727257
vt 0.126682 0.724629
vt 0.171835 0.682188
vt 0.173647 0.683807
vt 0.135992 0.724252
vt 0.135765 0.721116
vt 0.175825 0.675011
vt 0.178581 0.674954
vt 0.148894 0.724872
vt 0.144386 0.725961
vt 0.153164 0.721907
vt 0.178254 0.663243
vt 0.181227 0.660031
vt 0.176630 0.666810
vt 0.154962 0.718086
vt 0.154712 0.714517
vt 0.184588 0.658909
vt 0.187571 0.659412
vt 0.153287 0.711434
vt 0.151158 0.708534
vt 0.190163 0.660722
vt 0.192638 0.662580
vt 0.136834 0.721339
vt 0.138788 0.723294
vt 0.178548 0.674000
vt 0.177555 0.671896
vt 0.161409 0.702569
vt 0.158965 0.704424
vt 0.162629 0.699919
vt 0.200935 0.653357
vt 0.203343 0.652528
vt 0.199055 0.655284
vt 0.161774 0.697307
vt 0.159510 0.695504
vt 0.205472 0.653617
vt 0.206754 0.655803
vt 0.156575 0.694823
vt 0.153089 0.694665
vt 0.207218 0.658454
vt 0.207256 0.661651
vt 0.149597 0.704482
vt 0.147748 0.704383
vt 0.152872 0.704931
vt 0.197016 0.663530
vt 0.197359 0.660497
vt 0.196529 0.665173
vt 0.149611 0.694428
vt 0.207407 0.664895
vt 0.156101 0.705077
vt 0.197922 0.657638
vt 0.117436 0.731293
vt 0.115960 0.729451
vt 0.119839 0.731453
vt 0.167267 0.691934
vt 0.167453 0.689894
vt 0.168607 0.693450
vt 0.115731 0.725747
vt 0.171753 0.694328
vt 0.125811 0.726176
vt 0.124253 0.728827
vt 0.172442 0.684849
vt 0.170096 0.686351
vt 0.148874 0.705921
vt 0.195021 0.664443
vt 0.141148 0.725208
vt 0.176580 0.669590
vt 0.166026 0.678326
vt 0.226104 0.654775
vt 0.122250 0.730619
vt 0.168427 0.687968
vt 0.180184 0.835261
vt 0.186041 0.841794
vt 0.188603 0.856825
vt 0.182189 0.853968
vt 0.191109 0.847454
vt 0.194337 0.858210
vt 0.167619 0.758987
vt 0.170241 0.754481
vt 0.179145 0.754902
vt 0.180990 0.758004
vt 0.164412 0.764284
vt 0.181955 0.762546
vt 0.206753 0.750128
vt 0.203619 0.744952
vt 0.208675 0.743118
vt 0.211484 0.747523
vt 0.200643 0.737906
vt 0.207108 0.737049
vt 0.211552 0.735333
vt 0.213506 0.738389
vt 0.217115 0.741315
vt 0.220486 0.726955
vt 0.226656 0.726522
vt 0.215236 0.727218
vt 0.227753 0.815626
vt 0.229351 0.821349
vt 0.218501 0.818594
vt 0.212660 0.813750
vt 0.224629 0.809351
vt 0.205887 0.808185
vt 0.184934 0.822993
vt 0.191955 0.830660
vt 0.187759 0.834479
vt 0.181382 0.826810
vt 0.200506 0.840644
vt 0.194632 0.844143
vt 0.259183 0.884460
vt 0.260692 0.889575
vt 0.256957 0.891485
vt 0.255424 0.886165
vt 0.260596 0.896686
vt 0.256804 0.898453
vt 0.254366 0.775404
vt 0.255907 0.783177
vt 0.253170 0.786032
vt 0.251122 0.781628
vt 0.249319 0.771573
vt 0.246073 0.778033
vt 0.186295 0.746618
vt 0.182655 0.751830
vt 0.172091 0.749261
vt 0.173649 0.744008
vt 0.200293 0.857428
vt 0.206118 0.855710
vt 0.162792 0.807318
vt 0.170108 0.810194
vt 0.168072 0.815465
vt 0.161249 0.815282
vt 0.174503 0.812740
vt 0.172220 0.816654
vt 0.170215 0.825671
vt 0.165425 0.825585
vt 0.159528 0.827753
vt 0.233675 0.754718
vt 0.228933 0.751477
vt 0.242187 0.731065
vt 0.246092 0.735285
vt 0.225055 0.747752
vt 0.238217 0.727684
vt 0.220028 0.792544
vt 0.219513 0.797915
vt 0.195866 0.798644
vt 0.195563 0.793853
vt 0.221164 0.786754
vt 0.197455 0.787807
vt 0.222251 0.769723
vt 0.217501 0.764816
vt 0.221705 0.760307
vt 0.226655 0.764273
vt 0.213550 0.759860
vt 0.218036 0.756164
vt 0.165189 0.850104
vt 0.159528 0.851498
vt 0.170525 0.849351
vt 0.161357 0.780185
vt 0.160163 0.775113
vt 0.184085 0.772558
vt 0.185628 0.777711
vt 0.163323 0.785524
vt 0.186323 0.783347
vt 0.205209 0.780019
vt 0.203077 0.773570
vt 0.207490 0.771994
vt 0.210088 0.778923
vt 0.200444 0.767792
vt 0.204297 0.765847
vt 0.207120 0.764272
vt 0.210897 0.770506
vt 0.216681 0.780147
vt 0.177477 0.791946
vt 0.180675 0.799136
vt 0.176826 0.801306
vt 0.172037 0.794238
vt 0.183368 0.803416
vt 0.180520 0.805762
vt 0.178434 0.807753
vt 0.173936 0.803480
vt 0.163681 0.793856
vt 0.211432 0.837138
vt 0.214517 0.835118
vt 0.216861 0.839413
vt 0.214646 0.840614
vt 0.221079 0.834187
vt 0.221096 0.840023
vt 0.221611 0.842856
vt 0.219448 0.842653
vt 0.217571 0.843840
vt 0.296471 0.784012
vt 0.298750 0.777093
vt 0.301414 0.780333
vt 0.299323 0.787204
vt 0.301829 0.772655
vt 0.304634 0.775617
vt 0.255234 0.772258
vt 0.248676 0.771305
vt 0.251146 0.764444
vt 0.257650 0.765620
vt 0.262172 0.767869
vt 0.262503 0.763991
vt 0.193928 0.813507
vt 0.201788 0.820304
vt 0.198969 0.823227
vt 0.191499 0.816367
vt 0.212023 0.828583
vt 0.205923 0.829633
vt 0.203361 0.831644
vt 0.196812 0.825361
vt 0.189561 0.818399
vt 0.194637 0.757404
vt 0.191326 0.752346
vt 0.194777 0.750118
vt 0.198010 0.755222
vt 0.191637 0.745182
vt 0.194507 0.743722
vt 0.197493 0.748594
vt 0.200640 0.753706
vt 0.205414 0.815879
vt 0.197531 0.809775
vt 0.215308 0.822368
vt 0.209562 0.726440
vt 0.203967 0.725410
vt 0.228735 0.827518
vt 0.227147 0.833591
vt 0.185705 0.796927
vt 0.185192 0.790093
vt 0.187054 0.801008
vt 0.213944 0.768083
vt 0.218862 0.773643
vt 0.209941 0.762431
vt 0.257531 0.922757
vt 0.256018 0.930770
vt 0.252187 0.929813
vt 0.253741 0.922762
vt 0.254266 0.936807
vt 0.250902 0.935337
vt 0.236475 0.807393
vt 0.230639 0.805263
vt 0.232834 0.801960
vt 0.238470 0.804068
vt 0.243659 0.804601
vt 0.243442 0.802873
vt 0.200073 0.746934
vt 0.203229 0.752086
vt 0.197045 0.741926
vt 0.187381 0.755925
vt 0.190084 0.760381
vt 0.286164 0.823846
vt 0.287345 0.817547
vt 0.291359 0.818053
vt 0.289898 0.823765
vt 0.289462 0.809507
vt 0.293152 0.810864
vt 0.265633 0.737151
vt 0.268737 0.744436
vt 0.267570 0.745506
vt 0.264850 0.740935
vt 0.259822 0.734299
vt 0.259074 0.738188
vt 0.196960 0.775278
vt 0.198178 0.781453
vt 0.194946 0.770094
vt 0.172022 0.806353
vt 0.164700 0.801963
vt 0.176639 0.809849
vt 0.231897 0.842901
vt 0.228476 0.845501
vt 0.240414 0.855702
vt 0.233694 0.853571
vt 0.230499 0.852410
vt 0.226314 0.847182
vt 0.194762 0.827659
vt 0.187640 0.820423
vt 0.201399 0.834390
vt 0.216324 0.847609
vt 0.216264 0.845519
vt 0.221411 0.851544
vt 0.220157 0.852727
vt 0.223126 0.850029
vt 0.229071 0.856631
vt 0.227079 0.857813
vt 0.224901 0.857458
vt 0.224888 0.848415
vt 0.230536 0.854706
vt 0.207739 0.846220
vt 0.209237 0.839928
vt 0.213307 0.842623
vt 0.213567 0.846806
vt 0.227081 0.867676
vt 0.215317 0.857833
vt 0.218285 0.854681
vt 0.225719 0.860747
vt 0.239376 0.862721
vt 0.234469 0.858399
vt 0.237081 0.865647
vt 0.232828 0.860843
vt 0.234016 0.867507
vt 0.230315 0.862124
vt 0.244487 0.793504
vt 0.239013 0.790545
vt 0.248969 0.795383
vt 0.238916 0.777733
vt 0.241948 0.776407
vt 0.235156 0.788326
vt 0.233309 0.786580
vt 0.229462 0.799273
vt 0.229195 0.795501
vt 0.252501 0.941143
vt 0.249574 0.939079
vt 0.249233 0.946871
vt 0.247201 0.944205
vt 0.227155 0.802331
vt 0.227371 0.796045
vt 0.252948 0.877207
vt 0.257380 0.880909
vt 0.253721 0.882489
vt 0.249498 0.878815
vt 0.244938 0.770082
vt 0.239699 0.773803
vt 0.259323 0.909498
vt 0.255506 0.910598
vt 0.251184 0.795044
vt 0.241434 0.956832
vt 0.239859 0.953616
vt 0.242938 0.870136
vt 0.239859 0.871900
vt 0.232471 0.784246
vt 0.232198 0.784460
vt 0.247159 0.762624
vt 0.250944 0.749395
vt 0.255180 0.750597
vt 0.246233 0.759586
vt 0.248697 0.749388
vt 0.252178 0.740201
vt 0.254851 0.737674
vt 0.261496 0.752557
vt 0.266260 0.754494
vt 0.304571 0.770106
vt 0.307388 0.772892
vt 0.309974 0.768429
vt 0.312601 0.771217
vt 0.244697 0.769248
vt 0.244038 0.762930
vt 0.292919 0.796489
vt 0.296164 0.799002
vt 0.267287 0.756206
vt 0.286564 0.834718
vt 0.285941 0.828291
vt 0.289517 0.827564
vt 0.289578 0.833096
vt 0.255444 0.733895
vt 0.251335 0.738540
vt 0.321885 0.765678
vt 0.324108 0.768511
vt 0.289583 0.846957
vt 0.292381 0.844646
vt 0.246507 0.750125
vt 0.246550 0.750474
vt 0.276362 0.955214
vt 0.255160 0.972203
vt 0.253177 0.969736
vt 0.267612 0.955421
vt 0.255984 0.854385
vt 0.279589 0.865778
vt 0.270880 0.867165
vt 0.254120 0.856869
vt 0.264158 0.870360
vt 0.250535 0.861385
vt 0.249368 0.965329
vt 0.260802 0.952770
vt 0.288839 0.889326
vt 0.286999 0.910215
vt 0.281175 0.909576
vt 0.282767 0.890843
vt 0.285620 0.931233
vt 0.279744 0.928720
vt 0.272598 0.926463
vt 0.274146 0.909528
vt 0.275560 0.893109
vt 0.284551 0.869409
vt 0.277857 0.872068
vt 0.286701 0.873382
vt 0.280279 0.875912
vt 0.272929 0.878910
vt 0.270491 0.875056
vt 0.283145 0.947042
vt 0.281213 0.951050
vt 0.274019 0.948912
vt 0.276292 0.944623
vt 0.266452 0.946357
vt 0.268760 0.941913
vt 0.285131 0.941445
vt 0.278706 0.938710
vt 0.271209 0.935822
vt 0.288858 0.878998
vt 0.282589 0.881386
vt 0.275205 0.884404
vt 0.289575 0.747902
vt 0.315609 0.746080
vt 0.316412 0.749038
vt 0.297118 0.752326
vt 0.270728 0.855544
vt 0.258238 0.831624
vt 0.266104 0.835324
vt 0.273496 0.854106
vt 0.273386 0.835584
vt 0.278747 0.851603
vt 0.318058 0.754565
vt 0.302129 0.757754
vt 0.255440 0.826054
vt 0.262845 0.826973
vt 0.255300 0.821783
vt 0.262498 0.822338
vt 0.270505 0.822852
vt 0.270803 0.827604
vt 0.259452 0.806116
vt 0.266383 0.786266
vt 0.271877 0.787871
vt 0.265750 0.806093
vt 0.272563 0.766302
vt 0.277480 0.769917
vt 0.283322 0.774722
vt 0.278427 0.790550
vt 0.273282 0.806857
vt 0.280429 0.752090
vt 0.283744 0.749288
vt 0.288922 0.754162
vt 0.285390 0.756722
vt 0.294609 0.759659
vt 0.291099 0.762230
vt 0.255795 0.815752
vt 0.262713 0.815821
vt 0.270804 0.816176
vt 0.276361 0.756652
vt 0.281209 0.761106
vt 0.286908 0.766611
vt 0.319867 0.760633
vt 0.306513 0.763570
vt 0.280759 0.835463
vt 0.284642 0.849242
vt 0.279273 0.828193
vt 0.279261 0.823469
vt 0.286271 0.793578
vt 0.282108 0.808099
vt 0.290424 0.779746
vt 0.300241 0.765437
vt 0.297111 0.768005
vt 0.279965 0.816822
vt 0.293447 0.772381
vt 0.244965 0.960848
vt 0.254139 0.949802
vt 0.257932 0.874060
vt 0.246636 0.866279
vt 0.266155 0.909326
vt 0.267447 0.895077
vt 0.264420 0.924188
vt 0.263117 0.878248
vt 0.265258 0.881980
vt 0.258511 0.943682
vt 0.260584 0.939078
vt 0.262817 0.932852
vt 0.267206 0.887278
vt 0.183178 0.812283
vt 0.181394 0.814200
vt 0.178967 0.816663
vt 0.182851 0.767501
vt 0.192581 0.765161
vt 0.197626 0.762475
vt 0.203801 0.758848
vt 0.206471 0.757184
vt 0.210028 0.755008
vt 0.199694 0.803149
vt 0.190957 0.804635
vt 0.187407 0.807738
vt 0.201147 0.760381
vt 0.185034 0.810340
vt 0.176006 0.820431
vt 0.174882 0.829293
vt 0.221119 0.744360
vt 0.232891 0.726412
vt 0.221334 0.803394
vt 0.214660 0.751883
vt 0.176085 0.850932
vt 0.161465 0.769788
vt 0.296986 0.909650
vt 0.301533 0.901010
vt 0.305698 0.906000
vt 0.303354 0.911440
vt 0.308478 0.896504
vt 0.310430 0.902621
vt 0.312582 0.906397
vt 0.310254 0.908865
vt 0.308382 0.912593
vt 0.317388 0.911028
vt 0.315988 0.914168
vt 0.318312 0.907838
vt 0.323525 0.909682
vt 0.324232 0.912507
vt 0.323469 0.915720
vt 0.297138 0.879792
vt 0.296986 0.870355
vt 0.303875 0.871697
vt 0.303769 0.878512
vt 0.301841 0.860985
vt 0.307409 0.865271
vt 0.310082 0.867974
vt 0.307516 0.872761
vt 0.307709 0.877641
vt 0.325225 0.880474
vt 0.320326 0.882408
vt 0.319972 0.880512
vt 0.323675 0.879136
vt 0.314933 0.881898
vt 0.315871 0.880189
vt 0.316905 0.879025
vt 0.319656 0.878871
vt 0.322266 0.878311
vt 0.335794 0.890075
vt 0.323241 0.896504
vt 0.321752 0.889670
vt 0.330497 0.885601
vt 0.308419 0.895064
vt 0.311801 0.888290
vt 0.313302 0.884972
vt 0.321104 0.885703
vt 0.328069 0.882990
vt 0.313977 0.853577
vt 0.316051 0.860261
vt 0.327950 0.853616
vt 0.325128 0.860634
vt 0.323927 0.863914
vt 0.316749 0.864097
vt 0.319092 0.903235
vt 0.326394 0.907656
vt 0.319921 0.896706
vt 0.330277 0.902871
vt 0.307620 0.919096
vt 0.313244 0.920259
vt 0.312559 0.924803
vt 0.304779 0.921466
vt 0.319504 0.920975
vt 0.321862 0.924314
vt 0.324180 0.929995
vt 0.312129 0.931232
vt 0.301302 0.926654
vt 0.328643 0.912408
vt 0.328227 0.916877
vt 0.334408 0.910563
vt 0.334413 0.918649
vt 0.330103 0.872573
vt 0.327873 0.867014
vt 0.330605 0.864342
vt 0.334131 0.871666
vt 0.336294 0.860095
vt 0.340686 0.870405
vt 0.330407 0.878536
vt 0.333973 0.879806
vt 0.340686 0.881405
vt 0.321888 0.918746
vt 0.326512 0.920988
vt 0.330892 0.925490
vt 0.326755 0.873320
vt 0.326998 0.877305
vt 0.325033 0.876830
vt 0.324740 0.873766
vt 0.322702 0.876791
vt 0.322403 0.874291
vt 0.300508 0.888211
vt 0.306452 0.884299
vt 0.309292 0.881884
vt 0.307211 0.916281
vt 0.314426 0.917221
vt 0.296986 0.919436
vt 0.302690 0.917064
vt 0.325269 0.869589
vt 0.326469 0.868445
vt 0.328228 0.872998
vt 0.322340 0.867373
vt 0.323091 0.865827
vt 0.310937 0.876941
vt 0.312076 0.879797
vt 0.310797 0.880730
vt 0.309499 0.877246
vt 0.314201 0.883233
vt 0.320689 0.883810
vt 0.326570 0.881571
vt 0.317239 0.867515
vt 0.317014 0.866062
vt 0.312643 0.870212
vt 0.311477 0.869250
vt 0.328574 0.877843
vt 0.310845 0.873598
vt 0.309328 0.873230
vt 0.315200 0.875963
vt 0.315072 0.873732
vt 0.318371 0.872851
vt 0.318778 0.875123
vt 0.315582 0.872095
vt 0.318072 0.871100
vt 0.320578 0.870562
vt 0.321616 0.871830
vt 0.315863 0.877919
vt 0.319265 0.877294
vt 0.323690 0.870828
vt 0.321491 0.869226
vt 0.312834 0.873933
vt 0.312894 0.876507
vt 0.314194 0.871412
vt 0.317693 0.869430
vt 0.313712 0.878695
vt 0.296986 0.952815
vt 0.303354 0.951025
vt 0.305698 0.956465
vt 0.301533 0.961455
vt 0.310430 0.959844
vt 0.308478 0.965961
vt 0.310254 0.953600
vt 0.312582 0.956068
vt 0.308382 0.949872
vt 0.315988 0.948297
vt 0.317388 0.951437
vt 0.318312 0.954627
vt 0.324232 0.949958
vt 0.323525 0.952783
vt 0.323469 0.946745
vt 0.340534 0.836865
vt 0.333903 0.835585
vt 0.333797 0.828770
vt 0.340686 0.827427
vt 0.330263 0.822344
vt 0.335831 0.818057
vt 0.330156 0.829834
vt 0.327590 0.825047
vt 0.329964 0.834714
vt 0.312448 0.837547
vt 0.313998 0.836209
vt 0.317700 0.837585
vt 0.317346 0.839480
vt 0.321801 0.837262
vt 0.322739 0.838970
vt 0.318017 0.835944
vt 0.320767 0.836098
vt 0.315407 0.835384
vt 0.301879 0.847148
vt 0.307175 0.842674
vt 0.315920 0.846743
vt 0.314432 0.853577
vt 0.325872 0.845362
vt 0.329253 0.852136
vt 0.316569 0.842775
vt 0.324370 0.842045
vt 0.309603 0.840062
vt 0.321621 0.817333
vt 0.323695 0.810649
vt 0.312544 0.817706
vt 0.309723 0.810688
vt 0.320923 0.821170
vt 0.313746 0.820986
vt 0.326394 0.954809
vt 0.319092 0.959230
vt 0.319921 0.965759
vt 0.330277 0.959594
vt 0.307620 0.943369
vt 0.304778 0.940999
vt 0.312559 0.937662
vt 0.313244 0.942206
vt 0.321862 0.938151
vt 0.319504 0.941490
vt 0.324180 0.932470
vt 0.301302 0.935811
vt 0.328227 0.945588
vt 0.328643 0.950057
vt 0.334408 0.951902
vt 0.334413 0.943816
vt 0.307569 0.829646
vt 0.303541 0.828738
vt 0.307067 0.821414
vt 0.309799 0.824087
vt 0.301379 0.817168
vt 0.296986 0.827477
vt 0.303699 0.836879
vt 0.307266 0.835608
vt 0.296986 0.838477
vt 0.326512 0.941477
vt 0.321888 0.943719
vt 0.330892 0.936974
vt 0.310917 0.830393
vt 0.312932 0.830839
vt 0.312640 0.833903
vt 0.310674 0.834378
vt 0.314971 0.833864
vt 0.315269 0.831364
vt 0.331221 0.841372
vt 0.337164 0.845283
vt 0.328380 0.838956
vt 0.314426 0.945244
vt 0.307211 0.946183
vt 0.302690 0.945401
vt 0.296986 0.943029
vt 0.309445 0.830071
vt 0.311204 0.825517
vt 0.312404 0.826662
vt 0.314581 0.822899
vt 0.315332 0.824446
vt 0.326735 0.834014
vt 0.328173 0.834318
vt 0.326875 0.837803
vt 0.325597 0.836869
vt 0.323471 0.840306
vt 0.316984 0.840883
vt 0.311103 0.838643
vt 0.320658 0.823135
vt 0.320433 0.824588
vt 0.326196 0.826323
vt 0.325029 0.827285
vt 0.309098 0.834916
vt 0.328345 0.830303
vt 0.326827 0.830670
vt 0.322472 0.833036
vt 0.318894 0.832195
vt 0.319301 0.829924
vt 0.322600 0.830805
vt 0.319601 0.828172
vt 0.322090 0.829167
vt 0.316056 0.828903
vt 0.317095 0.827634
vt 0.318407 0.834367
vt 0.321809 0.834991
vt 0.316181 0.826298
vt 0.313982 0.827901
vt 0.324778 0.833580
vt 0.324838 0.831006
vt 0.323478 0.828484
vt 0.319979 0.826502
vt 0.323960 0.835767
vt 0.325250 0.739568
vt 0.328574 0.737545
vt 0.331521 0.742893
vt 0.325052 0.744441
vt 0.332613 0.734286
vt 0.337123 0.738752
vt 0.255058 0.728171
vt 0.237820 0.719273
vt 0.247466 0.700885
vt 0.263603 0.712800
vt 0.270316 0.733816
vt 0.275767 0.720295
vt 0.335972 0.730321
vt 0.341170 0.733100
vt 0.337880 0.727076
vt 0.342458 0.726720
vt 0.331214 0.680724
vt 0.332570 0.688281
vt 0.325054 0.689454
vt 0.323138 0.682498
vt 0.329258 0.672419
vt 0.320431 0.674346
vt 0.316063 0.685137
vt 0.312302 0.677580
vt 0.318778 0.690982
vt 0.314527 0.692567
vt 0.309627 0.689576
vt 0.305001 0.682209
vt 0.274468 0.702341
vt 0.282297 0.710994
vt 0.263626 0.687582
vt 0.280977 0.679768
vt 0.288677 0.697109
vt 0.288040 0.705949
vt 0.324614 0.718510
vt 0.322958 0.720469
vt 0.321086 0.717630
vt 0.323592 0.715384
vt 0.320857 0.722551
vt 0.318705 0.719985
vt 0.316805 0.717010
vt 0.318595 0.714486
vt 0.320248 0.712270
vt 0.318638 0.724646
vt 0.315986 0.722375
vt 0.316479 0.726353
vt 0.313246 0.725099
vt 0.310293 0.720736
vt 0.313256 0.719045
vt 0.310977 0.715119
vt 0.313333 0.713605
vt 0.308853 0.716289
vt 0.308566 0.713638
vt 0.309766 0.712456
vt 0.311413 0.711298
vt 0.315170 0.711851
vt 0.316549 0.710279
vt 0.311381 0.711383
vt 0.312895 0.710212
vt 0.314236 0.709469
vt 0.307182 0.713128
vt 0.308506 0.711181
vt 0.309734 0.712471
vt 0.304792 0.712815
vt 0.306414 0.709980
vt 0.308751 0.707924
vt 0.310172 0.709859
vt 0.311326 0.711335
vt 0.298331 0.711297
vt 0.293277 0.708959
vt 0.296694 0.703179
vt 0.301290 0.706796
vt 0.299001 0.690521
vt 0.302851 0.698615
vt 0.305655 0.703320
vt 0.309626 0.696875
vt 0.310557 0.701511
vt 0.314760 0.696775
vt 0.314948 0.700907
vt 0.311939 0.708790
vt 0.312856 0.710217
vt 0.311459 0.706638
vt 0.314367 0.706152
vt 0.314061 0.708192
vt 0.321094 0.707998
vt 0.323482 0.706505
vt 0.327743 0.712071
vt 0.321341 0.710187
vt 0.325366 0.702061
vt 0.332636 0.704357
vt 0.331536 0.721095
vt 0.327306 0.719180
vt 0.334774 0.715620
vt 0.319029 0.733567
vt 0.322254 0.737199
vt 0.318664 0.742236
vt 0.313286 0.737317
vt 0.284127 0.737388
vt 0.286324 0.724420
vt 0.297642 0.736861
vt 0.295616 0.725469
vt 0.289784 0.715295
vt 0.296247 0.717134
vt 0.307532 0.721758
vt 0.306822 0.716818
vt 0.304868 0.721120
vt 0.304286 0.717015
vt 0.325463 0.722521
vt 0.328825 0.724715
vt 0.325931 0.727839
vt 0.323149 0.725023
vt 0.335419 0.724215
vt 0.332336 0.727485
vt 0.329093 0.730905
vt 0.325592 0.734029
vt 0.322757 0.730726
vt 0.320571 0.727351
vt 0.317028 0.729286
vt 0.317321 0.708730
vt 0.317929 0.706776
vt 0.319697 0.696349
vt 0.319593 0.700990
vt 0.325882 0.695999
vt 0.333601 0.695971
vt 0.339939 0.720596
vt 0.300962 0.717398
vt 0.301915 0.712369
vt 0.302282 0.723831
vt 0.304129 0.708718
vt 0.307382 0.705946
vt 0.311122 0.704364
vt 0.314771 0.703808
vt 0.318871 0.704360
vt 0.309095 0.730044
vt 0.048239 0.755176
vt 0.046759 0.762374
vt 0.034282 0.775334
vt 0.033300 0.768950
vt 0.044476 0.769556
vt 0.035935 0.780296
vt 0.130838 0.811726
vt 0.127508 0.808755
vt 0.129546 0.798522
vt 0.132509 0.796561
vt 0.134839 0.815597
vt 0.136420 0.796626
vt 0.130782 0.773743
vt 0.126089 0.774836
vt 0.125965 0.770667
vt 0.129782 0.769725
vt 0.115810 0.774850
vt 0.119440 0.769383
vt 0.119235 0.765279
vt 0.122778 0.765144
vt 0.125916 0.762844
vt 0.112741 0.753781
vt 0.113774 0.748346
vt 0.111714 0.758135
vt 0.094868 0.773688
vt 0.093406 0.778754
vt 0.084371 0.768447
vt 0.081790 0.761381
vt 0.095544 0.767272
vt 0.079975 0.754270
vt 0.058793 0.750237
vt 0.057780 0.757594
vt 0.053201 0.757907
vt 0.054868 0.750596
vt 0.055024 0.772659
vt 0.049125 0.769124
vt 0.121489 0.792810
vt 0.127431 0.795083
vt 0.123515 0.807451
vt 0.118236 0.806704
vt 0.039548 0.783465
vt 0.045096 0.786068
vt 0.055046 0.730419
vt 0.057473 0.737139
vt 0.052874 0.739006
vt 0.048829 0.734326
vt 0.058668 0.741549
vt 0.054909 0.742418
vt 0.047376 0.745639
vt 0.044201 0.742659
vt 0.039147 0.740346
vt 0.139979 0.751812
vt 0.135582 0.753867
vt 0.121983 0.737334
vt 0.126720 0.736208
vt 0.131745 0.756388
vt 0.118029 0.739453
vt 0.101564 0.753608
vt 0.098158 0.756916
vt 0.080383 0.744708
vt 0.083412 0.741576
vt 0.105974 0.751057
vt 0.088350 0.739029
vt 0.150110 0.765313
vt 0.144391 0.767736
vt 0.141498 0.762671
vt 0.146473 0.760181
vt 0.139273 0.770051
vt 0.137019 0.765224
vt 0.026616 0.755567
vt 0.022081 0.753227
vt 0.030183 0.758713
vt 0.147977 0.819896
vt 0.143495 0.820445
vt 0.144959 0.798534
vt 0.149580 0.798385
vt 0.152528 0.818078
vt 0.154390 0.797535
vt 0.154846 0.780274
vt 0.148761 0.781590
vt 0.148068 0.777509
vt 0.154371 0.775790
vt 0.143245 0.782687
vt 0.142416 0.779017
vt 0.141677 0.776352
vt 0.147291 0.774577
vt 0.153589 0.772592
vt 0.072249 0.729993
vt 0.070118 0.736818
vt 0.066499 0.735966
vt 0.067166 0.728637
vt 0.069121 0.741252
vt 0.066114 0.740940
vt 0.063782 0.740903
vt 0.063645 0.735825
vt 0.063425 0.728459
vt 0.069214 0.749915
vt 0.070455 0.757234
vt 0.067046 0.756865
vt 0.066298 0.750053
vt 0.073639 0.772235
vt 0.068529 0.766394
vt 0.064403 0.765558
vt 0.064167 0.756717
vt 0.064000 0.750074
vt 0.134162 0.784826
vt 0.129752 0.786749
vt 0.128635 0.783501
vt 0.133197 0.781737
vt 0.122997 0.786059
vt 0.122343 0.782451
vt 0.127893 0.780722
vt 0.132511 0.779267
vt 0.075082 0.757284
vt 0.073136 0.750045
vt 0.079593 0.768313
vt 0.109097 0.761649
vt 0.105068 0.765555
vt 0.089760 0.782230
vt 0.084043 0.785287
vt 0.074673 0.738412
vt 0.078494 0.733548
vt 0.072795 0.741895
vt 0.146208 0.771599
vt 0.152348 0.769386
vt 0.140734 0.773634
vt 0.126970 0.778069
vt 0.131688 0.776832
vt 0.120914 0.779287
vt 0.131983 0.790223
vt 0.135618 0.788732
vt 0.149328 0.787583
vt 0.154861 0.786754
vt 0.144168 0.788096
vt 0.060926 0.736121
vt 0.059872 0.728844
vt 0.061542 0.741075
vt 0.061239 0.757037
vt 0.061712 0.750195
vt 0.060121 0.766625
vt 0.063884 0.745054
vt 0.061787 0.745163
vt 0.059037 0.745300
vt 0.140586 0.797647
vt 0.139573 0.788303
vt 0.138390 0.783659
vt 0.136836 0.777894
vt 0.136000 0.775404
vt 0.134835 0.772130
vt 0.079433 0.748756
vt 0.072457 0.745297
vt 0.068815 0.744987
vt 0.137528 0.780364
vt 0.066041 0.745035
vt 0.055370 0.745822
vt 0.048519 0.749639
vt 0.128708 0.759618
vt 0.115387 0.743257
vt 0.096360 0.761461
vt 0.133208 0.767738
vt 0.032202 0.763174
vt 0.139117 0.818847
vt 0.060720 0.675153
vt 0.061023 0.658719
vt 0.062059 0.658812
vt 0.062644 0.671021
vt 0.058696 0.691514
vt 0.058843 0.708174
vt 0.056969 0.703640
vt 0.057661 0.691346
vt 0.055211 0.701452
vt 0.055867 0.690999
vt 0.063863 0.658970
vt 0.064447 0.669332
vt 0.042961 0.712008
vt 0.031986 0.706303
vt 0.032727 0.704440
vt 0.042759 0.709698
vt 0.088623 0.676875
vt 0.076845 0.680329
vt 0.077018 0.678259
vt 0.087779 0.675083
vt 0.077399 0.676029
vt 0.086902 0.673261
vt 0.033506 0.702550
vt 0.042359 0.707168
vt 0.055839 0.712222
vt 0.054999 0.709206
vt 0.052722 0.713418
vt 0.052090 0.710741
vt 0.051192 0.707823
vt 0.053769 0.706338
vt 0.066949 0.680466
vt 0.063854 0.679194
vt 0.064771 0.676574
vt 0.067615 0.678168
vt 0.066042 0.674133
vt 0.068529 0.675681
vt 0.070785 0.681387
vt 0.071342 0.679192
vt 0.072116 0.676739
vt 0.048770 0.714055
vt 0.048241 0.711520
vt 0.047493 0.708655
vt 0.059691 0.691330
vt 0.060571 0.703479
vt 0.058978 0.670805
vt 0.060021 0.658772
vt 0.057247 0.669184
vt 0.058250 0.658864
vt 0.061442 0.690954
vt 0.062242 0.701400
vt 0.057793 0.678662
vt 0.056825 0.676037
vt 0.054544 0.679716
vt 0.053905 0.677450
vt 0.053151 0.675288
vt 0.055549 0.673829
vt 0.043840 0.679530
vt 0.032396 0.675981
vt 0.033264 0.674248
vt 0.043864 0.677524
vt 0.085632 0.705306
vt 0.075166 0.711075
vt 0.075188 0.708898
vt 0.084877 0.703517
vt 0.075165 0.706698
vt 0.084096 0.701729
vt 0.034155 0.672516
vt 0.043937 0.675502
vt 0.064817 0.712608
vt 0.061602 0.711699
vt 0.062464 0.708745
vt 0.065406 0.710061
vt 0.063670 0.706199
vt 0.066121 0.707620
vt 0.050181 0.680630
vt 0.049788 0.678426
vt 0.049435 0.676262
vt 0.069188 0.713203
vt 0.069565 0.710757
vt 0.069918 0.708335
vt 0.060794 0.683274
vt 0.063183 0.683541
vt 0.063019 0.685222
vt 0.060788 0.685031
vt 0.066226 0.684286
vt 0.065926 0.685886
vt 0.065595 0.687422
vt 0.062857 0.686789
vt 0.060785 0.686611
vt 0.053352 0.717576
vt 0.056396 0.716947
vt 0.056527 0.718667
vt 0.053606 0.719234
vt 0.058747 0.716721
vt 0.058749 0.718508
vt 0.058750 0.720080
vt 0.056656 0.720229
vt 0.053880 0.720775
vt 0.064027 0.717355
vt 0.068311 0.717832
vt 0.067873 0.719603
vt 0.063735 0.719180
vt 0.074906 0.715172
vt 0.074694 0.716719
vt 0.074454 0.718024
vt 0.067445 0.721105
vt 0.063469 0.720758
vt 0.042793 0.715759
vt 0.049255 0.718106
vt 0.049601 0.719711
vt 0.042898 0.717171
vt 0.050050 0.721156
vt 0.043149 0.718417
vt 0.055439 0.684062
vt 0.058474 0.683407
vt 0.058640 0.685187
vt 0.055792 0.685828
vt 0.058798 0.686779
vt 0.056127 0.687407
vt 0.077094 0.683858
vt 0.090035 0.680127
vt 0.090475 0.681304
vt 0.076938 0.685222
vt 0.030725 0.709656
vt 0.030244 0.710829
vt 0.029821 0.711778
vt 0.090803 0.682281
vt 0.076585 0.686439
vt 0.061020 0.716818
vt 0.060885 0.718639
vt 0.060760 0.720223
vt 0.070303 0.685080
vt 0.069901 0.686626
vt 0.069365 0.688039
vt 0.044069 0.683346
vt 0.051133 0.684864
vt 0.051657 0.686560
vt 0.044358 0.684835
vt 0.052190 0.688039
vt 0.044717 0.686123
vt 0.086988 0.708661
vt 0.087514 0.709855
vt 0.030889 0.679272
vt 0.030409 0.680487
vt 0.030048 0.681496
vt 0.087975 0.710821
vt 0.049047 0.716221
vt 0.053098 0.715667
vt 0.042896 0.714031
vt 0.070524 0.683326
vt 0.076963 0.682209
vt 0.066528 0.682486
vt 0.063406 0.681575
vt 0.060795 0.681013
vt 0.056220 0.714866
vt 0.058752 0.714340
vt 0.031311 0.708100
vt 0.089400 0.678607
vt 0.068760 0.715634
vt 0.075068 0.713228
vt 0.064373 0.715118
vt 0.050634 0.682835
vt 0.055039 0.681989
vt 0.043901 0.681524
vt 0.061206 0.714536
vt 0.031575 0.677715
vt 0.086348 0.707086
vt 0.058252 0.681259
vt 0.351270 0.593433
vt 0.986242 0.593433
vt 0.986242 0.659732
vt 0.351270 0.659732
vt 0.351270 0.434788
vt 0.986242 0.434788
vt 0.351270 0.251722
vt 0.986242 0.251722
vt 0.351270 0.093077
vt 0.986242 0.093077
vt 0.351270 0.023148
vt 0.986242 0.023148
vt 0.203989 0.918904
vt 0.204238 0.908539
vt 0.215158 0.905355
vt 0.218810 0.913398
vt 0.204286 0.902428
vt 0.213195 0.900561
vt 0.218896 0.898563
vt 0.222430 0.900172
vt 0.228765 0.904746
vt 0.204074 0.891290
vt 0.203543 0.885177
vt 0.212189 0.885328
vt 0.212571 0.890769
vt 0.202929 0.880007
vt 0.212110 0.880909
vt 0.218067 0.882271
vt 0.219425 0.885507
vt 0.220076 0.890362
vt 0.142513 0.864959
vt 0.144843 0.875359
vt 0.134272 0.876952
vt 0.128932 0.869293
vt 0.145839 0.882086
vt 0.137229 0.882304
vt 0.130875 0.883147
vt 0.126320 0.880855
vt 0.119541 0.876786
vt 0.145254 0.892174
vt 0.144917 0.897454
vt 0.136762 0.896418
vt 0.137159 0.891473
vt 0.144309 0.902150
vt 0.135692 0.900526
vt 0.129534 0.898599
vt 0.128885 0.895361
vt 0.128963 0.890762
vt 0.156200 0.892676
vt 0.159162 0.892038
vt 0.158770 0.895754
vt 0.156001 0.897280
vt 0.162635 0.891335
vt 0.162025 0.894880
vt 0.161356 0.896999
vt 0.159041 0.898463
vt 0.156339 0.900950
vt 0.114687 0.889513
vt 0.121839 0.890140
vt 0.122046 0.895223
vt 0.114706 0.895876
vt 0.124642 0.900071
vt 0.117246 0.902894
vt 0.225828 0.890074
vt 0.225307 0.895369
vt 0.219914 0.895241
vt 0.232494 0.889724
vt 0.232121 0.896873
vt 0.190917 0.901316
vt 0.191641 0.896987
vt 0.196865 0.897755
vt 0.196284 0.902712
vt 0.191445 0.891780
vt 0.196743 0.891770
vt 0.204315 0.897345
vt 0.202425 0.874003
vt 0.213577 0.875970
vt 0.201551 0.863650
vt 0.216890 0.867166
vt 0.227324 0.875462
vt 0.221504 0.880255
vt 0.142433 0.908430
vt 0.131879 0.905298
vt 0.138556 0.918147
vt 0.125284 0.911900
vt 0.188195 0.891059
vt 0.187221 0.886397
vt 0.190520 0.886345
vt 0.183593 0.890488
vt 0.183151 0.885811
vt 0.183194 0.883038
vt 0.185569 0.882939
vt 0.188950 0.881964
vt 0.157965 0.883851
vt 0.156925 0.887888
vt 0.152253 0.887385
vt 0.152946 0.882709
vt 0.151619 0.892672
vt 0.145761 0.886891
vt 0.164254 0.869318
vt 0.169719 0.874855
vt 0.163155 0.881527
vt 0.159851 0.878672
vt 0.171128 0.878141
vt 0.165606 0.882670
vt 0.162437 0.885010
vt 0.160903 0.885005
vt 0.161587 0.901626
vt 0.157755 0.905344
vt 0.165439 0.898584
vt 0.171495 0.902339
vt 0.168719 0.907923
vt 0.161810 0.914048
vt 0.184174 0.894463
vt 0.172523 0.896126
vt 0.172597 0.890880
vt 0.184534 0.896992
vt 0.178869 0.898771
vt 0.181805 0.879605
vt 0.186000 0.877198
vt 0.178273 0.880925
vt 0.173310 0.875099
vt 0.179010 0.869912
vt 0.151724 0.908063
vt 0.151558 0.902362
vt 0.151963 0.918296
vt 0.192745 0.874908
vt 0.194717 0.880645
vt 0.188348 0.865335
vt 0.151436 0.897925
vt 0.153723 0.876221
vt 0.154943 0.865412
vt 0.195953 0.885708
vt 0.179318 0.914632
vt 0.187282 0.906687
vt 0.194292 0.908880
vt 0.189574 0.918904
vt 0.173399 0.907977
vt 0.182846 0.902652
vt 0.187586 0.898710
vt 0.171940 0.884158
vt 0.162779 0.887251
vt 0.188563 0.895304
vt 0.224793 0.884853
vt 0.231336 0.882729
vt 0.122926 0.885173
vt 0.115815 0.883250
vt 0.129679 0.886221
vt 0.159874 0.887970
vt 0.137602 0.886533
vt 0.212794 0.896196
vt 0.094538 0.811080
vt 0.106067 0.811818
vt 0.105976 0.825837
vt 0.096751 0.826637
vt 0.114279 0.813542
vt 0.111975 0.826047
vt 0.110888 0.832922
vt 0.107461 0.835265
vt 0.100948 0.838326
vt 0.130749 0.821868
vt 0.138714 0.828303
vt 0.128814 0.836275
vt 0.123160 0.832044
vt 0.144259 0.834164
vt 0.132672 0.840284
vt 0.126245 0.843485
vt 0.122589 0.841969
vt 0.117941 0.839043
vt 0.034978 0.871251
vt 0.045228 0.863223
vt 0.051721 0.876608
vt 0.044723 0.883838
vt 0.054814 0.858069
vt 0.057804 0.871784
vt 0.059926 0.879670
vt 0.057718 0.884953
vt 0.053930 0.892122
vt 0.073051 0.857197
vt 0.082759 0.859093
vt 0.078276 0.872403
vt 0.071077 0.871166
vt 0.090403 0.862582
vt 0.083712 0.875069
vt 0.079476 0.882150
vt 0.075327 0.882275
vt 0.069585 0.881731
vt 0.067444 0.896883
vt 0.068472 0.889606
vt 0.074262 0.889798
vt 0.074195 0.897276
vt 0.080139 0.887796
vt 0.081804 0.895657
vt 0.114434 0.843745
vt 0.110299 0.840204
vt 0.113560 0.835758
vt 0.110701 0.848750
vt 0.105491 0.844525
vt 0.148602 0.841075
vt 0.134810 0.845671
vt 0.153041 0.851321
vt 0.136991 0.854316
vt 0.124117 0.854262
vt 0.125038 0.847356
vt 0.098221 0.869944
vt 0.088242 0.881239
vt 0.105882 0.880243
vt 0.092987 0.889958
vt 0.119256 0.846365
vt 0.116544 0.852127
vt 0.062833 0.888348
vt 0.060822 0.895580
vt 0.063894 0.880825
vt 0.063158 0.856608
vt 0.063789 0.870566
vt 0.121841 0.816697
vt 0.117169 0.828265
vt 0.203989 0.918904
vt 0.218810 0.924409
vt 0.215158 0.932453
vt 0.204238 0.929269
vt 0.228765 0.933061
vt 0.222430 0.937635
vt 0.218896 0.939245
vt 0.213195 0.937247
vt 0.204286 0.935380
vt 0.204074 0.946518
vt 0.212571 0.947038
vt 0.212189 0.952479
vt 0.203543 0.952631
vt 0.220076 0.947446
vt 0.219425 0.952301
vt 0.218067 0.955536
vt 0.212110 0.956898
vt 0.202929 0.957801
vt 0.142513 0.972848
vt 0.128932 0.968514
vt 0.134272 0.960856
vt 0.144843 0.962448
vt 0.119541 0.961022
vt 0.126320 0.956953
vt 0.130875 0.954661
vt 0.137229 0.955504
vt 0.145839 0.955722
vt 0.145254 0.945634
vt 0.137159 0.946335
vt 0.136762 0.941390
vt 0.144917 0.940354
vt 0.128963 0.947045
vt 0.128885 0.942447
vt 0.129534 0.939208
vt 0.135692 0.937282
vt 0.144309 0.935658
vt 0.156200 0.945132
vt 0.156001 0.940527
vt 0.158770 0.942054
vt 0.159162 0.945770
vt 0.156339 0.936858
vt 0.159041 0.939345
vt 0.161356 0.940809
vt 0.162025 0.942928
vt 0.162635 0.946473
vt 0.114687 0.948295
vt 0.114706 0.941932
vt 0.122046 0.942585
vt 0.121839 0.947668
vt 0.117247 0.934914
vt 0.124642 0.937737
vt 0.219914 0.942567
vt 0.225307 0.942439
vt 0.225828 0.947734
vt 0.232121 0.940934
vt 0.232494 0.948084
vt 0.190917 0.936492
vt 0.196284 0.935096
vt 0.196865 0.940053
vt 0.191641 0.940821
vt 0.204315 0.940463
vt 0.196743 0.946037
vt 0.191445 0.946028
vt 0.213577 0.961838
vt 0.202426 0.963805
vt 0.221504 0.957553
vt 0.227324 0.962346
vt 0.216890 0.970641
vt 0.201551 0.974158
vt 0.131879 0.932510
vt 0.142433 0.929378
vt 0.125284 0.925908
vt 0.138556 0.919661
vt 0.190520 0.951463
vt 0.187221 0.951411
vt 0.188196 0.946748
vt 0.188950 0.955844
vt 0.185569 0.954869
vt 0.183194 0.954770
vt 0.183151 0.951997
vt 0.183593 0.947320
vt 0.157965 0.953957
vt 0.152946 0.955099
vt 0.152253 0.950423
vt 0.156925 0.949920
vt 0.145761 0.950917
vt 0.151619 0.945135
vt 0.164254 0.968490
vt 0.159851 0.959136
vt 0.163155 0.956281
vt 0.169719 0.962953
vt 0.160903 0.952803
vt 0.162437 0.952798
vt 0.165606 0.955137
vt 0.171128 0.959667
vt 0.157755 0.932464
vt 0.161587 0.936182
vt 0.161810 0.923760
vt 0.168719 0.929884
vt 0.171495 0.935469
vt 0.165439 0.939223
vt 0.172597 0.946928
vt 0.172523 0.941682
vt 0.184174 0.943345
vt 0.178869 0.939037
vt 0.184535 0.940816
vt 0.186000 0.960610
vt 0.181805 0.958203
vt 0.179010 0.967896
vt 0.173310 0.962709
vt 0.178273 0.956883
vt 0.151558 0.935446
vt 0.151724 0.929745
vt 0.151963 0.919512
vt 0.194717 0.957163
vt 0.192745 0.962900
vt 0.188348 0.972472
vt 0.151436 0.939883
vt 0.154944 0.972396
vt 0.153723 0.961587
vt 0.195953 0.952100
vt 0.179318 0.923175
vt 0.189575 0.918904
vt 0.194292 0.928928
vt 0.187282 0.931121
vt 0.182847 0.935156
vt 0.173399 0.929831
vt 0.187586 0.939098
vt 0.171940 0.953650
vt 0.162779 0.950556
vt 0.188563 0.942504
vt 0.224793 0.952955
vt 0.231336 0.955078
vt 0.115815 0.954558
vt 0.122926 0.952635
vt 0.129679 0.951587
vt 0.159874 0.949838
vt 0.137602 0.951275
vt 0.212794 0.941612
vt 0.100167 0.972124
vt 0.087504 0.962277
vt 0.092965 0.955051
vt 0.105451 0.962198
vt 0.079294 0.952781
vt 0.085365 0.948965
vt 0.089210 0.947335
vt 0.095869 0.949976
vt 0.108151 0.954510
vt 0.109248 0.936584
vt 0.096310 0.937626
vt 0.095468 0.930765
vt 0.107641 0.926674
vt 0.087411 0.938342
vt 0.087209 0.932987
vt 0.087748 0.929178
vt 0.093898 0.925505
vt 0.105297 0.919065
vt 0.050047 0.975525
vt 0.038134 0.964781
vt 0.046322 0.958858
vt 0.059403 0.966567
vt 0.030590 0.955027
vt 0.038374 0.952180
vt 0.044046 0.950642
vt 0.051936 0.953549
vt 0.065732 0.957931
vt 0.068577 0.940516
vt 0.053989 0.940872
vt 0.053484 0.933823
vt 0.067662 0.930986
vt 0.042957 0.941141
vt 0.043009 0.935567
vt 0.043582 0.931597
vt 0.051321 0.928310
vt 0.064887 0.923261
vt 0.027133 0.941526
vt 0.027450 0.935001
vt 0.035154 0.935760
vt 0.034733 0.941341
vt 0.029929 0.927873
vt 0.037841 0.930338
vt 0.088069 0.943662
vt 0.082445 0.944071
vt 0.081433 0.938824
vt 0.076135 0.945826
vt 0.075069 0.939336
vt 0.090220 0.920960
vt 0.101402 0.911908
vt 0.083691 0.928184
vt 0.077089 0.925389
vt 0.083673 0.914701
vt 0.094598 0.902955
vt 0.045454 0.923280
vt 0.058145 0.914943
vt 0.036988 0.917763
vt 0.048363 0.906451
vt 0.081592 0.933482
vt 0.075082 0.932759
vt 0.027767 0.948029
vt 0.035425 0.946895
vt 0.043281 0.946705
vt 0.053828 0.947936
vt 0.068127 0.950080
vt 0.096577 0.944533
vt 0.109248 0.946623
s 1
usemtl bakeGeneral.001
f 1/1/1 14/2/14 32/3/32 13/4/13
f 14/2/14 2/5/2 15/6/15 32/3/32
f 32/3/32 15/6/15 4/7/4 16/8/16
f 13/4/13 32/3/32 16/8/16 3/9/3
f 7/10/7 19/11/19 33/12/33 20/13/20
f 19/11/19 8/14/8 21/15/21 33/12/33
f 33/12/33 21/15/21 6/16/6 22/17/22
f 20/13/20 33/12/33 22/17/22 5/18/5
f 11/19/11 31/20/31 34/21/34 27/22/27
f 31/20/31 12/23/12 24/24/24 34/21/34
f 34/21/34 24/24/24 2/5/2 14/2/14
f 27/22/27 34/21/34 14/2/14 1/1/1
f 9/25/9 25/26/25 35/27/35 30/28/30
f 25/26/25 7/10/7 20/13/20 35/27/35
f 35/27/35 20/13/20 5/18/5 23/29/23
f 30/28/30 35/27/35 23/29/23 11/19/11
f 10/30/10 26/31/26 36/32/36 29/33/29
f 26/31/26 4/7/4 15/6/15 36/32/36
f 36/32/36 15/6/15 2/5/2 24/24/24
f 29/33/29 36/32/36 24/24/24 12/23/12
f 8/14/8 18/34/18 37/35/37 21/15/21
f 18/34/18 10/30/10 29/33/29 37/35/37
f 37/35/37 29/33/29 12/23/12 28/36/28
f 21/15/21 37/35/37 28/36/28 6/16/6
f 3/9/3 17/37/17 38/38/38 13/4/13
f 17/37/17 9/25/9 30/28/30 38/38/38
f 38/38/38 30/28/30 11/19/11 27/22/27
f 13/4/13 38/38/38 27/22/27 1/1/1
f 5/18/5 22/17/22 39/39/39 23/29/23
f 22/17/22 6/16/6 28/36/28 39/39/39
f 39/39/39 28/36/28 12/23/12 31/20/31
f 23/29/23 39/39/39 31/20/31 11/19/11
f 40/40/5 52/41/20 71/42/33 53/43/22
f 53/43/22 71/42/33 54/44/21 41/45/6
f 71/42/33 55/46/19 43/47/8 54/44/21
f 52/41/20 42/48/7 55/46/19 71/42/33
f 46/49/3 59/50/13 72/51/32 58/52/16
f 58/52/16 72/51/32 60/53/15 47/54/4
f 72/51/32 61/55/14 45/56/2 60/53/15
f 59/50/13 44/57/1 61/55/14 72/51/32
f 50/58/11 66/59/23 73/60/39 70/61/31
f 70/61/31 73/60/39 63/62/28 51/63/12
f 73/60/39 53/43/22 41/45/6 63/62/28
f 66/59/23 40/40/5 53/43/22 73/60/39
f 48/64/9 69/65/30 74/66/38 64/67/17
f 64/67/17 74/66/38 59/50/13 46/49/3
f 74/66/38 62/68/27 44/57/1 59/50/13
f 69/65/30 50/58/11 62/68/27 74/66/38
f 49/69/10 68/70/29 75/71/37 65/72/18
f 65/72/18 75/71/37 54/44/21 43/47/8
f 75/71/37 63/62/28 41/45/6 54/44/21
f 68/70/29 51/63/12 63/62/28 75/71/37
f 47/54/4 60/53/15 76/73/36 57/74/26
f 57/74/26 76/73/36 68/70/29 49/69/10
f 76/73/36 67/75/24 51/63/12 68/70/29
f 60/53/15 45/56/2 67/75/24 76/73/36
f 42/48/7 52/41/20 77/76/35 56/77/25
f 56/77/25 77/76/35 69/65/30 48/64/9
f 77/76/35 66/59/23 50/58/11 69/65/30
f 52/41/20 40/40/5 66/59/23 77/76/35
f 44/57/1 62/68/27 78/78/34 61/55/14
f 61/55/14 78/78/34 67/75/24 45/56/2
f 78/78/34 70/61/31 51/63/12 67/75/24
f 62/68/27 50/58/11 70/61/31 78/78/34
f 142/79/103 404/80/365 681/81/642 286/82/247
f 404/80/365 145/83/106 313/84/274 681/81/642
f 681/81/642 313/84/274 108/85/69 316/86/277
f 286/82/247 681/81/642 316/86/277 91/87/52
f 145/83/106 403/88/364 682/89/643 313/84/274
f 403/88/364 144/90/105 301/91/262 682/89/643
f 682/89/643 301/91/262 100/92/61 314/93/275
f 313/84/274 682/89/643 314/93/275 108/85/69
f 108/85/69 314/93/275 683/94/644 315/95/276
f 314/93/275 100/92/61 302/96/263 683/94/644
f 683/94/644 302/96/263 87/97/48 308/98/269
f 315/95/276 683/94/644 308/98/269 103/99/64
f 91/87/52 316/86/277 684/100/645 287/101/248
f 316/86/277 108/85/69 315/95/276 684/100/645
f 684/100/645 315/95/276 103/99/64 307/102/268
f 287/101/248 684/100/645 307/102/268 84/103/45
f 144/90/105 402/104/363 685/105/646 301/91/262
f 402/104/363 146/106/107 317/107/278 685/105/646
f 685/105/646 317/107/278 109/108/70 320/109/281
f 301/91/262 685/105/646 320/109/281 100/92/61
f 178/110/139 445/111/406 686/112/647 456/113/417
f 445/111/406 143/114/104 391/115/352 686/112/647
f 686/112/647 391/115/352 98/116/59 439/117/400
f 456/113/417 686/112/647 439/117/400 172/118/133
f 172/118/133 439/117/400 687/119/648 455/120/416
f 439/117/400 98/116/59 298/121/259 687/119/648
f 687/119/648 298/121/259 86/122/47 438/123/399
f 455/120/416 687/119/648 438/123/399 171/124/132
f 100/92/61 320/109/281 688/125/649 302/96/263
f 320/109/281 109/108/70 319/126/280 688/125/649
f 688/125/649 319/126/280 101/127/62 304/128/265
f 302/96/263 688/125/649 304/128/265 87/97/48
f 87/97/48 304/128/265 689/129/650 306/130/267
f 304/128/265 101/127/62 321/131/282 689/129/650
f 689/129/650 321/131/282 110/132/71 324/133/285
f 306/130/267 689/129/650 324/133/285 102/134/63
f 171/124/132 438/123/399 690/135/651 454/136/415
f 438/123/399 86/122/47 297/137/258 690/135/651
f 690/135/651 297/137/258 97/138/58 440/139/401
f 454/136/415 690/135/651 440/139/401 173/140/134
f 173/140/134 440/139/401 691/141/652 453/142/414
f 440/139/401 97/138/58 296/143/257 691/141/652
f 691/141/652 296/143/257 82/144/43 284/145/245
f 453/142/414 691/141/652 284/145/245 169/146/130
f 102/134/63 324/133/285 692/147/653 305/148/266
f 324/133/285 110/132/71 323/149/284 692/147/653
f 692/147/653 323/149/284 89/150/50 283/151/244
f 305/148/266 692/147/653 283/151/244 83/152/44
f 84/103/45 307/102/268 693/153/654 288/154/249
f 307/102/268 103/99/64 325/155/286 693/153/654
f 693/153/654 325/155/286 111/156/72 328/157/289
f 288/154/249 693/153/654 328/157/289 92/158/53
f 103/99/64 308/98/269 694/159/655 325/155/286
f 308/98/269 87/97/48 306/130/267 694/159/655
f 694/159/655 306/130/267 102/134/63 326/160/287
f 325/155/286 694/159/655 326/160/287 111/156/72
f 111/156/72 326/160/287 695/161/656 327/162/288
f 326/160/287 102/134/63 305/148/266 695/161/656
f 695/161/656 305/148/266 83/152/44 282/163/243
f 327/162/288 695/161/656 282/163/243 88/164/49
f 92/158/53 328/157/289 696/165/657 289/166/250
f 328/157/289 111/156/72 327/162/288 696/165/657
f 696/165/657 327/162/288 88/164/49 281/167/242
f 289/166/250 696/165/657 281/167/242 80/168/41
f 90/169/51 285/170/246 697/171/658 329/172/290
f 285/170/246 80/168/41 281/167/242 697/171/658
f 697/171/658 281/167/242 88/164/49 330/173/291
f 329/172/290 697/171/658 330/173/291 112/174/73
f 112/174/73 330/173/291 698/175/659 331/176/292
f 330/173/291 88/164/49 282/163/243 698/175/659
f 698/175/659 282/163/243 83/152/44 309/177/270
f 331/176/292 698/175/659 309/177/270 104/178/65
f 104/178/65 309/177/270 699/179/660 332/180/293
f 309/177/270 83/152/44 283/151/244 699/179/660
f 699/179/660 283/151/244 89/150/50 333/181/294
f 332/180/293 699/179/660 333/181/294 113/182/74
f 174/183/135 452/184/413 700/185/661 441/186/402
f 452/184/413 169/146/130 284/145/245 700/185/661
f 700/185/661 284/145/245 82/144/43 300/187/261
f 441/186/402 700/185/661 300/187/261 99/188/60
f 147/189/108 400/190/361 701/191/662 335/192/296
f 400/190/361 142/79/103 286/82/247 701/191/662
f 701/191/662 286/82/247 91/87/52 336/193/297
f 335/192/296 701/191/662 336/193/297 114/194/75
f 114/194/75 336/193/297 702/195/663 337/196/298
f 336/193/297 91/87/52 287/101/248 702/195/663
f 702/195/663 287/101/248 84/103/45 310/197/271
f 337/196/298 702/195/663 310/197/271 105/198/66
f 105/198/66 310/197/271 703/199/664 338/200/299
f 310/197/271 84/103/45 288/154/249 703/199/664
f 703/199/664 288/154/249 92/158/53 339/201/300
f 338/200/299 703/199/664 339/201/300 115/202/76
f 115/202/76 339/201/300 704/203/665 340/204/301
f 339/201/300 92/158/53 289/166/250 704/203/665
f 704/203/665 289/166/250 80/168/41 285/170/246
f 340/204/301 704/203/665 285/170/246 90/169/51
f 175/205/136 451/206/412 705/207/666 341/208/302
f 451/206/412 170/209/131 291/210/252 705/207/666
f 705/207/666 291/210/252 94/211/55 342/212/303
f 341/208/302 705/207/666 342/212/303 116/213/77
f 116/213/77 342/212/303 706/214/667 343/215/304
f 342/212/303 94/211/55 292/216/253 706/214/667
f 706/214/667 292/216/253 85/217/46 311/218/272
f 343/215/304 706/214/667 311/218/272 106/219/67
f 106/219/67 311/218/272 707/220/668 344/221/305
f 311/218/272 85/217/46 293/222/254 707/220/668
f 707/220/668 293/222/254 95/223/56 345/224/306
f 344/221/305 707/220/668 345/224/306 117/225/78
f 117/225/78 345/224/306 708/226/669 346/227/307
f 345/224/306 95/223/56 294/228/255 708/226/669
f 708/226/669 294/228/255 79/229/40 290/230/251
f 346/227/307 708/226/669 290/230/251 93/231/54
f 99/188/60 300/187/261 709/232/670 347/233/308
f 300/187/261 82/144/43 296/143/257 709/232/670
f 709/232/670 296/143/257 97/138/58 348/234/309
f 347/233/308 709/232/670 348/234/309 118/235/79
f 118/235/79 348/234/309 710/236/671 349/237/310
f 348/234/309 97/138/58 297/137/258 710/236/671
f 710/236/671 297/137/258 86/122/47 312/238/273
f 349/237/310 710/236/671 312/238/273 107/239/68
f 107/239/68 312/238/273 711/240/672 350/241/311
f 312/238/273 86/122/47 298/121/259 711/240/672
f 711/240/672 298/121/259 98/116/59 351/242/312
f 350/241/311 711/240/672 351/242/312 119/243/80
f 148/244/109 399/245/360 712/246/673 396/247/357
f 399/245/360 143/114/104 299/248/260 712/246/673
f 712/246/673 299/248/260 81/249/42 295/250/256
f 396/247/357 712/246/673 295/250/256 96/251/57
f 104/178/65 332/180/293 713/252/674 355/253/316
f 332/180/293 113/182/74 356/254/317 713/252/674
f 713/252/674 356/254/317 122/255/83 354/256/315
f 355/253/316 713/252/674 354/256/315 120/257/81
f 112/174/73 331/176/292 714/258/675 357/259/318
f 331/176/292 104/178/65 355/253/316 714/258/675
f 714/258/675 355/253/316 120/257/81 353/260/314
f 357/259/318 714/258/675 353/260/314 121/261/82
f 90/169/51 329/172/290 715/262/676 359/263/320
f 329/172/290 112/174/73 360/264/321 715/262/676
f 715/262/676 360/264/321 124/265/85 358/266/319
f 359/263/320 715/262/676 358/266/319 123/267/84
f 105/198/66 338/200/299 716/268/677 363/269/324
f 338/200/299 115/202/76 364/270/325 716/268/677
f 716/268/677 364/270/325 127/271/88 362/272/323
f 363/269/324 716/268/677 362/272/323 125/273/86
f 114/194/75 337/196/298 717/274/678 365/275/326
f 337/196/298 105/198/66 363/269/324 717/274/678
f 717/274/678 363/269/324 125/273/86 361/276/322
f 365/275/326 717/274/678 361/276/322 126/277/87
f 115/202/76 340/204/301 718/278/679 367/279/328
f 340/204/301 90/169/51 368/280/329 718/278/679
f 718/278/679 368/280/329 128/281/89 366/282/327
f 367/279/328 718/278/679 366/282/327 129/283/90
f 152/284/113 409/285/370 719/286/680 398/287/359
f 409/285/370 151/288/112 371/289/332 719/286/680
f 719/286/680 371/289/332 131/290/92 369/291/330
f 398/287/359 719/286/680 369/291/330 149/292/110
f 137/293/98 389/294/350 720/295/681 381/296/342
f 389/294/350 138/297/99 377/298/338 720/295/681
f 720/295/681 377/298/338 132/299/93 375/300/336
f 381/296/342 720/295/681 375/300/336 136/301/97
f 139/302/100 388/303/349 721/304/682 383/305/344
f 388/303/349 137/293/98 381/296/342 721/304/682
f 721/304/682 381/296/342 136/301/97 374/306/335
f 383/305/344 721/304/682 374/306/335 134/307/95
f 140/308/101 387/309/348 722/310/683 384/311/345
f 387/309/348 139/302/100 383/305/344 722/310/683
f 722/310/683 383/305/344 134/307/95 373/312/334
f 384/311/345 722/310/683 373/312/334 135/313/96
f 177/314/138 444/315/405 723/316/684 450/317/411
f 444/315/405 140/308/101 384/311/345 723/316/684
f 723/316/684 384/311/345 135/313/96 372/318/333
f 450/317/411 723/316/684 372/318/333 176/319/137
f 175/205/136 341/208/302 724/320/685 449/321/410
f 341/208/302 116/213/77 379/322/340 724/320/685
f 724/320/685 379/322/340 140/308/101 444/315/405
f 449/321/410 724/320/685 444/315/405 177/314/138
f 116/213/77 343/215/304 725/323/686 379/322/340
f 343/215/304 106/219/67 378/324/339 725/323/686
f 725/323/686 378/324/339 139/302/100 387/309/348
f 379/322/340 725/323/686 387/309/348 140/308/101
f 106/219/67 344/221/305 726/325/687 378/324/339
f 344/221/305 117/225/78 376/326/337 726/325/687
f 726/325/687 376/326/337 137/293/98 388/303/349
f 378/324/339 726/325/687 388/303/349 139/302/100
f 117/225/78 346/227/307 727/327/688 376/326/337
f 346/227/307 93/231/54 382/328/343 727/327/688
f 727/327/688 382/328/343 138/297/99 389/294/350
f 376/326/337 727/327/688 389/294/350 137/293/98
f 150/329/111 408/330/369 728/331/689 405/332/366
f 408/330/369 152/284/113 398/287/359 728/331/689
f 728/331/689 398/287/359 149/292/110 397/333/358
f 405/332/366 728/331/689 397/333/358 130/334/91
f 119/243/80 351/242/312 729/335/690 352/336/313
f 351/242/312 98/116/59 391/115/352 729/335/690
f 729/335/690 391/115/352 143/114/104 399/245/360
f 352/336/313 729/335/690 399/245/360 148/244/109
f 93/231/54 290/230/251 730/337/691 395/338/356
f 290/230/251 79/229/40 390/339/351 730/337/691
f 730/337/691 390/339/351 142/79/103 400/190/361
f 395/338/356 730/337/691 400/190/361 147/189/108
f 170/209/131 437/340/398 731/341/692 448/342/409
f 437/340/398 81/249/42 299/248/260 731/341/692
f 731/341/692 299/248/260 143/114/104 445/111/406
f 448/342/409 731/341/692 445/111/406 178/110/139
f 85/217/46 292/216/253 732/343/693 392/344/353
f 292/216/253 94/211/55 394/345/355 732/343/693
f 732/343/693 394/345/355 146/106/107 402/104/363
f 392/344/353 732/343/693 402/104/363 144/90/105
f 95/223/56 293/222/254 733/346/694 393/347/354
f 293/222/254 85/217/46 392/344/353 733/346/694
f 733/346/694 392/344/353 144/90/105 403/88/364
f 393/347/354 733/346/694 403/88/364 145/83/106
f 79/229/40 294/228/255 734/348/695 390/339/351
f 294/228/255 95/223/56 393/347/354 734/348/695
f 734/348/695 393/347/354 145/83/106 404/80/365
f 390/339/351 734/348/695 404/80/365 142/79/103
f 93/231/54 395/338/356 735/349/696 370/350/331
f 395/338/356 147/189/108 407/351/368 735/349/696
f 735/349/696 407/351/368 152/284/113 408/330/369
f 370/350/331 735/349/696 408/330/369 150/329/111
f 147/189/108 335/192/296 736/352/697 407/351/368
f 335/192/296 114/194/75 406/353/367 736/352/697
f 736/352/697 406/353/367 151/288/112 409/285/370
f 407/351/368 736/352/697 409/285/370 152/284/113
f 99/188/60 347/233/308 737/354/698 411/355/372
f 347/233/308 118/235/79 412/356/373 737/354/698
f 737/354/698 412/356/373 154/357/115 410/358/371
f 411/355/372 737/354/698 410/358/371 153/359/114
f 166/360/127 435/361/396 738/362/699 431/363/392
f 435/361/396 167/364/128 416/365/377 738/362/699
f 738/362/699 416/365/377 157/366/118 414/367/375
f 431/363/392 738/362/699 414/367/375 155/368/116
f 168/369/129 434/370/395 739/371/700 433/372/394
f 434/370/395 166/360/127 431/363/392 739/371/700
f 739/371/700 431/363/392 155/368/116 413/373/374
f 433/372/394 739/371/700 413/373/374 156/374/117
f 161/375/122 427/376/388 740/377/701 423/378/384
f 427/376/388 162/379/123 421/380/382 740/377/701
f 740/377/701 421/380/382 158/381/119 419/382/380
f 423/378/384 740/377/701 419/382/380 160/383/121
f 163/384/124 426/385/387 741/386/702 425/387/386
f 426/385/387 161/375/122 423/378/384 741/386/702
f 741/386/702 423/378/384 160/383/121 418/388/379
f 425/387/386 741/386/702 418/388/379 159/389/120
f 119/243/80 352/336/313 742/390/703 422/391/383
f 352/336/313 148/244/109 420/392/381 742/390/703
f 742/390/703 420/392/381 161/375/122 426/385/387
f 422/391/383 742/390/703 426/385/387 163/384/124
f 148/244/109 396/247/357 743/393/704 420/392/381
f 396/247/357 96/251/57 424/394/385 743/393/704
f 743/393/704 424/394/385 162/379/123 427/376/388
f 420/392/381 743/393/704 427/376/388 161/375/122
f 174/183/135 441/186/402 744/395/705 447/396/408
f 441/186/402 99/188/60 430/397/391 744/395/705
f 744/395/705 430/397/391 164/398/125 446/399/407
f 447/396/408 744/395/705 446/399/407 179/400/140
f 118/235/79 349/237/310 745/401/706 417/402/378
f 349/237/310 107/239/68 415/403/376 745/401/706
f 745/401/706 415/403/376 166/360/127 434/370/395
f 417/402/378 745/401/706 434/370/395 168/369/129
f 107/239/68 350/241/311 746/404/707 415/403/376
f 350/241/311 119/243/80 432/405/393 746/404/707
f 746/404/707 432/405/393 167/364/128 435/361/396
f 415/403/376 746/404/707 435/361/396 166/360/127
f 113/182/74 334/406/295 747/407/708 429/408/390
f 334/406/295 174/183/135 447/396/408 747/407/708
f 747/407/708 447/396/408 179/400/140 428/409/389
f 429/408/390 747/407/708 428/409/389 165/410/126
f 94/211/55 291/210/252 748/411/709 394/345/355
f 291/210/252 170/209/131 448/342/409 748/411/709
f 748/411/709 448/342/409 178/110/139 401/412/362
f 394/345/355 748/411/709 401/412/362 146/106/107
f 96/251/57 442/413/403 749/414/710 380/415/341
f 442/413/403 175/205/136 449/321/410 749/414/710
f 749/414/710 449/321/410 177/314/138 386/416/347
f 380/415/341 749/414/710 386/416/347 141/417/102
f 141/417/102 386/416/347 750/418/711 385/419/346
f 386/416/347 177/314/138 450/317/411 750/418/711
f 750/418/711 450/317/411 176/319/137 443/420/404
f 385/419/346 750/418/711 443/420/404 133/421/94
f 96/251/57 295/250/256 751/422/712 442/413/403
f 295/250/256 81/249/42 437/340/398 751/422/712
f 751/422/712 437/340/398 170/209/131 451/206/412
f 442/413/403 751/422/712 451/206/412 175/205/136
f 113/182/74 333/181/294 752/423/713 334/406/295
f 333/181/294 89/150/50 436/424/397 752/423/713
f 752/423/713 436/424/397 169/146/130 452/184/413
f 334/406/295 752/423/713 452/184/413 174/183/135
f 110/132/71 322/425/283 753/426/714 323/149/284
f 322/425/283 173/140/134 453/142/414 753/426/714
f 753/426/714 453/142/414 169/146/130 436/424/397
f 323/149/284 753/426/714 436/424/397 89/150/50
f 101/127/62 303/427/264 754/428/715 321/131/282
f 303/427/264 171/124/132 454/136/415 754/428/715
f 754/428/715 454/136/415 173/140/134 322/425/283
f 321/131/282 754/428/715 322/425/283 110/132/71
f 109/108/70 318/429/279 755/430/716 319/126/280
f 318/429/279 172/118/133 455/120/416 755/430/716
f 755/430/716 455/120/416 171/124/132 303/427/264
f 319/126/280 755/430/716 303/427/264 101/127/62
f 146/106/107 401/412/362 756/431/717 317/107/278
f 401/412/362 178/110/139 456/113/417 756/431/717
f 756/431/717 456/113/417 172/118/133 318/429/279
f 317/107/278 756/431/717 318/429/279 109/108/70
f 243/432/204 462/433/423 757/434/718 580/435/541
f 462/433/423 192/436/153 492/437/453 757/434/718
f 757/434/718 492/437/453 209/438/170 489/439/450
f 580/435/541 757/434/718 489/439/450 246/440/207
f 246/440/207 489/439/450 758/441/719 579/442/540
f 489/439/450 209/438/170 490/443/451 758/441/719
f 758/441/719 490/443/451 201/444/162 477/445/438
f 579/442/540 758/441/719 477/445/438 245/446/206
f 209/438/170 491/447/452 759/448/720 490/443/451
f 491/447/452 204/449/165 484/450/445 759/448/720
f 759/448/720 484/450/445 188/451/149 478/452/439
f 490/443/451 759/448/720 478/452/439 201/444/162
f 192/436/153 463/453/424 760/454/721 492/437/453
f 463/453/424 185/455/146 483/456/444 760/454/721
f 760/454/721 483/456/444 204/449/165 491/447/452
f 492/437/453 760/454/721 491/447/452 209/438/170
f 245/446/206 477/445/438 761/457/722 578/458/539
f 477/445/438 201/444/162 496/459/457 761/457/722
f 761/457/722 496/459/457 210/460/171 493/461/454
f 578/458/539 761/457/722 493/461/454 247/462/208
f 279/463/240 632/464/593 762/465/723 621/466/582
f 632/464/593 273/467/234 615/468/576 762/465/723
f 762/465/723 615/468/576 199/469/160 567/470/528
f 621/466/582 762/465/723 567/470/528 244/471/205
f 273/467/234 631/472/592 763/473/724 615/468/576
f 631/472/592 272/474/233 614/475/575 763/473/724
f 763/473/724 614/475/575 187/476/148 474/477/435
f 615/468/576 763/473/724 474/477/435 199/469/160
f 201/444/162 478/452/439 764/478/725 496/459/457
f 478/452/439 188/451/149 480/479/441 764/478/725
f 764/478/725 480/479/441 202/480/163 495/481/456
f 496/459/457 764/478/725 495/481/456 210/460/171
f 188/451/149 482/482/443 765/483/726 480/479/441
f 482/482/443 203/484/164 500/485/461 765/483/726
f 765/483/726 500/485/461 211/486/172 497/487/458
f 480/479/441 765/483/726 497/487/458 202/480/163
f 272/474/233 630/488/591 766/489/727 614/475/575
f 630/488/591 274/490/235 616/491/577 766/489/727
f 766/489/727 616/491/577 198/492/159 473/493/434
f 614/475/575 766/489/727 473/493/434 187/476/148
f 274/490/235 629/494/590 767/495/728 616/491/577
f 629/494/590 270/496/231 460/497/421 767/495/728
f 767/495/728 460/497/421 183/498/144 472/499/433
f 616/491/577 767/495/728 472/499/433 198/492/159
f 203/484/164 481/500/442 768/501/729 500/485/461
f 481/500/442 184/502/145 459/503/420 768/501/729
f 768/501/729 459/503/420 190/504/151 499/505/460
f 500/485/461 768/501/729 499/505/460 211/486/172
f 185/455/146 464/506/425 769/507/730 483/456/444
f 464/506/425 193/508/154 504/509/465 769/507/730
f 769/507/730 504/509/465 212/510/173 501/511/462
f 483/456/444 769/507/730 501/511/462 204/449/165
f 204/449/165 501/511/462 770/512/731 484/450/445
f 501/511/462 212/510/173 502/513/463 770/512/731
f 770/512/731 502/513/463 203/484/164 482/482/443
f 484/450/445 770/512/731 482/482/443 188/451/149
f 212/510/173 503/514/464 771/515/732 502/513/463
f 503/514/464 189/516/150 458/517/419 771/515/732
f 771/515/732 458/517/419 184/502/145 481/500/442
f 502/513/463 771/515/732 481/500/442 203/484/164
f 193/508/154 465/518/426 772/519/733 504/509/465
f 465/518/426 181/520/142 457/521/418 772/519/733
f 772/519/733 457/521/418 189/516/150 503/514/464
f 504/509/465 772/519/733 503/514/464 212/510/173
f 191/522/152 505/523/466 773/524/734 461/525/422
f 505/523/466 213/526/174 506/527/467 773/524/734
f 773/524/734 506/527/467 189/516/150 457/521/418
f 461/525/422 773/524/734 457/521/418 181/520/142
f 213/526/174 507/528/468 774/529/735 506/527/467
f 507/528/468 205/530/166 485/531/446 774/529/735
f 774/529/735 485/531/446 184/502/145 458/517/419
f 506/527/467 774/529/735 458/517/419 189/516/150
f 205/530/166 508/532/469 775/533/736 485/531/446
f 508/532/469 214/534/175 509/535/470 775/533/736
f 775/533/736 509/535/470 190/504/151 459/503/420
f 485/531/446 775/533/736 459/503/420 184/502/145
f 275/536/236 617/537/578 776/538/737 628/539/589
f 617/537/578 200/540/161 476/541/437 776/538/737
f 776/538/737 476/541/437 183/498/144 460/497/421
f 628/539/589 776/538/737 460/497/421 270/496/231
f 248/542/209 511/543/472 777/544/738 576/545/537
f 511/543/472 215/546/176 512/547/473 777/544/738
f 777/544/738 512/547/473 192/436/153 462/433/423
f 576/545/537 777/544/738 462/433/423 243/432/204
f 215/546/176 513/548/474 778/549/739 512/547/473
f 513/548/474 206/550/167 486/551/447 778/549/739
f 778/549/739 486/551/447 185/455/146 463/453/424
f 512/547/473 778/549/739 463/453/424 192/436/153
f 206/550/167 514/552/475 779/553/740 486/551/447
f 514/552/475 216/554/177 515/555/476 779/553/740
f 779/553/740 515/555/476 193/508/154 464/506/425
f 486/551/447 779/553/740 464/506/425 185/455/146
f 216/554/177 516/556/477 780/557/741 515/555/476
f 516/556/477 191/522/152 461/525/422 780/557/741
f 780/557/741 461/525/422 181/520/142 465/518/426
f 515/555/476 780/557/741 465/518/426 193/508/154
f 276/558/237 517/559/478 781/560/742 627/561/588
f 517/559/478 217/562/178 518/563/479 781/560/742
f 781/560/742 518/563/479 195/564/156 467/565/428
f 627/561/588 781/560/742 467/565/428 271/566/232
f 217/562/178 519/567/480 782/568/743 518/563/479
f 519/567/480 207/569/168 487/570/448 782/568/743
f 782/568/743 487/570/448 186/571/147 468/572/429
f 518/563/479 782/568/743 468/572/429 195/564/156
f 207/569/168 520/573/481 783/574/744 487/570/448
f 520/573/481 218/575/179 521/576/482 783/574/744
f 783/574/744 521/576/482 196/577/157 469/578/430
f 487/570/448 783/574/744 469/578/430 186/571/147
f 218/575/179 522/579/483 784/580/745 521/576/482
f 522/579/483 194/581/155 466/582/427 784/580/745
f 784/580/745 466/582/427 180/583/141 470/584/431
f 521/576/482 784/580/745 470/584/431 196/577/157
f 200/540/161 523/585/484 785/586/746 476/541/437
f 523/585/484 219/587/180 524/588/485 785/586/746
f 785/586/746 524/588/485 198/492/159 472/499/433
f 476/541/437 785/586/746 472/499/433 183/498/144
f 219/587/180 525/589/486 786/590/747 524/588/485
f 525/589/486 208/591/169 488/592/449 786/590/747
f 786/590/747 488/592/449 187/476/148 473/493/434
f 524/588/485 786/590/747 473/493/434 198/492/159
f 208/591/169 526/593/487 787/594/748 488/592/449
f 526/593/487 220/595/181 527/596/488 787/594/748
f 787/594/748 527/596/488 199/469/160 474/477/435
f 488/592/449 787/594/748 474/477/435 187/476/148
f 249/597/210 572/598/533 788/599/749 575/600/536
f 572/598/533 197/601/158 471/602/432 788/599/749
f 788/599/749 471/602/432 182/603/143 475/604/436
f 575/600/536 788/599/749 475/604/436 244/471/205
f 205/530/166 531/605/492 789/606/750 508/532/469
f 531/605/492 221/607/182 530/608/491 789/606/750
f 789/606/750 530/608/491 223/609/184 532/610/493
f 508/532/469 789/606/750 532/610/493 214/534/175
f 213/526/174 533/611/494 790/612/751 507/528/468
f 533/611/494 222/613/183 529/614/490 790/612/751
f 790/612/751 529/614/490 221/607/182 531/605/492
f 507/528/468 790/612/751 531/605/492 205/530/166
f 191/522/152 535/615/496 791/616/752 505/523/466
f 535/615/496 224/617/185 534/618/495 791/616/752
f 791/616/752 534/618/495 225/619/186 536/620/497
f 505/523/466 791/616/752 536/620/497 213/526/174
f 206/550/167 539/621/500 792/622/753 514/552/475
f 539/621/500 226/623/187 538/624/499 792/622/753
f 792/622/753 538/624/499 228/625/189 540/626/501
f 514/552/475 792/622/753 540/626/501 216/554/177
f 215/546/176 541/627/502 793/628/754 513/548/474
f 541/627/502 227/629/188 537/630/498 793/628/754
f 793/628/754 537/630/498 226/623/187 539/621/500
f 513/548/474 793/628/754 539/621/500 206/550/167
f 216/554/177 543/631/504 794/632/755 516/556/477
f 543/631/504 230/633/191 542/634/503 794/632/755
f 794/632/755 542/634/503 229/635/190 544/636/505
f 516/556/477 794/632/755 544/636/505 191/522/152
f 253/637/214 574/638/535 795/639/756 585/640/546
f 574/638/535 250/641/211 545/642/506 795/639/756
f 795/639/756 545/642/506 232/643/193 547/644/508
f 585/640/546 795/639/756 547/644/508 252/645/213
f 238/646/199 557/647/518 796/648/757 565/649/526
f 557/647/518 237/650/198 551/651/512 796/648/757
f 796/648/757 551/651/512 233/652/194 553/653/514
f 565/649/526 796/648/757 553/653/514 239/654/200
f 240/655/201 559/656/520 797/657/758 564/658/525
f 559/656/520 235/659/196 550/660/511 797/657/758
f 797/657/758 550/660/511 237/650/198 557/647/518
f 564/658/525 797/657/758 557/647/518 238/646/199
f 241/661/202 560/662/521 798/663/759 563/664/524
f 560/662/521 236/665/197 549/666/510 798/663/759
f 798/663/759 549/666/510 235/659/196 559/656/520
f 563/664/524 798/663/759 559/656/520 240/655/201
f 278/667/239 626/668/587 799/669/760 620/670/581
f 626/668/587 277/671/238 548/672/509 799/669/760
f 799/669/760 548/672/509 236/665/197 560/662/521
f 620/670/581 799/669/760 560/662/521 241/661/202
f 276/558/237 625/673/586 800/674/761 517/559/478
f 625/673/586 278/667/239 620/670/581 800/674/761
f 800/674/761 620/670/581 241/661/202 555/675/516
f 517/559/478 800/674/761 555/675/516 217/562/178
f 217/562/178 555/675/516 801/676/762 519/567/480
f 555/675/516 241/661/202 563/664/524 801/676/762
f 801/676/762 563/664/524 240/655/201 554/677/515
f 519/567/480 801/676/762 554/677/515 207/569/168
f 207/569/168 554/677/515 802/678/763 520/573/481
f 554/677/515 240/655/201 564/658/525 802/678/763
f 802/678/763 564/658/525 238/646/199 552/679/513
f 520/573/481 802/678/763 552/679/513 218/575/179
f 218/575/179 552/679/513 803/680/764 522/579/483
f 552/679/513 238/646/199 565/649/526 803/680/764
f 803/680/764 565/649/526 239/654/200 558/681/519
f 522/579/483 803/680/764 558/681/519 194/581/155
f 251/682/212 581/683/542 804/684/765 584/685/545
f 581/683/542 231/686/192 573/687/534 804/684/765
f 804/684/765 573/687/534 250/641/211 574/638/535
f 584/685/545 804/684/765 574/638/535 253/637/214
f 220/595/181 528/688/489 805/689/766 527/596/488
f 528/688/489 249/597/210 575/600/536 805/689/766
f 805/689/766 575/600/536 244/471/205 567/470/528
f 527/596/488 805/689/766 567/470/528 199/469/160
f 194/581/155 571/690/532 806/691/767 466/582/427
f 571/690/532 248/542/209 576/545/537 806/691/767
f 806/691/767 576/545/537 243/432/204 566/692/527
f 466/582/427 806/691/767 566/692/527 180/583/141
f 271/566/232 624/693/585 807/694/768 613/695/574
f 624/693/585 279/463/240 621/466/582 807/694/768
f 807/694/768 621/466/582 244/471/205 475/604/436
f 613/695/574 807/694/768 475/604/436 182/603/143
f 186/571/147 568/696/529 808/697/769 468/572/429
f 568/696/529 245/446/206 578/458/539 808/697/769
f 808/697/769 578/458/539 247/462/208 570/698/531
f 468/572/429 808/697/769 570/698/531 195/564/156
f 196/577/157 569/699/530 809/700/770 469/578/430
f 569/699/530 246/440/207 579/442/540 809/700/770
f 809/700/770 579/442/540 245/446/206 568/696/529
f 469/578/430 809/700/770 568/696/529 186/571/147
f 180/583/141 566/692/527 810/701/771 470/584/431
f 566/692/527 243/432/204 580/435/541 810/701/771
f 810/701/771 580/435/541 246/440/207 569/699/530
f 470/584/431 810/701/771 569/699/530 196/577/157
f 194/581/155 546/702/507 811/703/772 571/690/532
f 546/702/507 251/682/212 584/685/545 811/703/772
f 811/703/772 584/685/545 253/637/214 583/704/544
f 571/690/532 811/703/772 583/704/544 248/542/209
f 248/542/209 583/704/544 812/705/773 511/543/472
f 583/704/544 253/637/214 585/640/546 812/705/773
f 812/705/773 585/640/546 252/645/213 582/706/543
f 511/543/472 812/705/773 582/706/543 215/546/176
f 200/540/161 587/707/548 813/708/774 523/585/484
f 587/707/548 254/709/215 586/710/547 813/708/774
f 813/708/774 586/710/547 255/711/216 588/712/549
f 523/585/484 813/708/774 588/712/549 219/587/180
f 267/713/228 607/714/568 814/715/775 611/716/572
f 607/714/568 256/717/217 590/718/551 814/715/775
f 814/715/775 590/718/551 258/719/219 592/720/553
f 611/716/572 814/715/775 592/720/553 268/721/229
f 269/722/230 609/723/570 815/724/776 610/725/571
f 609/723/570 257/726/218 589/727/550 815/724/776
f 815/724/776 589/727/550 256/717/217 607/714/568
f 610/725/571 815/724/776 607/714/568 267/713/228
f 262/728/223 599/729/560 816/730/777 603/731/564
f 599/729/560 261/732/222 595/733/556 816/730/777
f 816/730/777 595/733/556 259/734/220 597/735/558
f 603/731/564 816/730/777 597/735/558 263/736/224
f 264/737/225 601/738/562 817/739/778 602/740/563
f 601/738/562 260/741/221 594/742/555 817/739/778
f 817/739/778 594/742/555 261/732/222 599/729/560
f 602/740/563 817/739/778 599/729/560 262/728/223
f 220/595/181 598/743/559 818/744/779 528/688/489
f 598/743/559 264/737/225 602/740/563 818/744/779
f 818/744/779 602/740/563 262/728/223 596/745/557
f 528/688/489 818/744/779 596/745/557 249/597/210
f 249/597/210 596/745/557 819/746/780 572/598/533
f 596/745/557 262/728/223 603/731/564 819/746/780
f 819/746/780 603/731/564 263/736/224 600/747/561
f 572/598/533 819/746/780 600/747/561 197/601/158
f 275/536/236 623/748/584 820/749/781 617/537/578
f 623/748/584 280/750/241 622/751/583 820/749/781
f 820/749/781 622/751/583 265/752/226 606/753/567
f 617/537/578 820/749/781 606/753/567 200/540/161
f 219/587/180 593/754/554 821/755/782 525/589/486
f 593/754/554 269/722/230 610/725/571 821/755/782
f 821/755/782 610/725/571 267/713/228 591/756/552
f 525/589/486 821/755/782 591/756/552 208/591/169
f 208/591/169 591/756/552 822/757/783 526/593/487
f 591/756/552 267/713/228 611/716/572 822/757/783
f 822/757/783 611/716/572 268/721/229 608/758/569
f 526/593/487 822/757/783 608/758/569 220/595/181
f 214/534/175 605/759/566 823/760/784 510/761/471
f 605/759/566 266/762/227 604/763/565 823/760/784
f 823/760/784 604/763/565 280/750/241 623/748/584
f 510/761/471 823/760/784 623/748/584 275/536/236
f 195/564/156 570/698/531 824/764/785 467/565/428
f 570/698/531 247/462/208 577/765/538 824/764/785
f 824/764/785 577/765/538 279/463/240 624/693/585
f 467/565/428 824/764/785 624/693/585 271/566/232
f 197/601/158 556/766/517 825/767/786 618/768/579
f 556/766/517 242/769/203 562/770/523 825/767/786
f 825/767/786 562/770/523 278/667/239 625/673/586
f 618/768/579 825/767/786 625/673/586 276/558/237
f 242/769/203 561/771/522 826/772/787 562/770/523
f 561/771/522 234/773/195 619/774/580 826/772/787
f 826/772/787 619/774/580 277/671/238 626/668/587
f 562/770/523 826/772/787 626/668/587 278/667/239
f 197/601/158 618/768/579 827/775/788 471/602/432
f 618/768/579 276/558/237 627/561/588 827/775/788
f 827/775/788 627/561/588 271/566/232 613/695/574
f 471/602/432 827/775/788 613/695/574 182/603/143
f 214/534/175 510/761/471 828/776/789 509/535/470
f 510/761/471 275/536/236 628/539/589 828/776/789
f 828/776/789 628/539/589 270/496/231 612/777/573
f 509/535/470 828/776/789 612/777/573 190/504/151
f 211/486/172 499/505/460 829/778/790 498/779/459
f 499/505/460 190/504/151 612/777/573 829/778/790
f 829/778/790 612/777/573 270/496/231 629/494/590
f 498/779/459 829/778/790 629/494/590 274/490/235
f 202/480/163 497/487/458 830/780/791 479/781/440
f 497/487/458 211/486/172 498/779/459 830/780/791
f 830/780/791 498/779/459 274/490/235 630/488/591
f 479/781/440 830/780/791 630/488/591 272/474/233
f 210/460/171 495/481/456 831/782/792 494/783/455
f 495/481/456 202/480/163 479/781/440 831/782/792
f 831/782/792 479/781/440 272/474/233 631/472/592
f 494/783/455 831/782/792 631/472/592 273/467/234
f 247/462/208 493/461/454 832/784/793 577/765/538
f 493/461/454 210/460/171 494/783/455 832/784/793
f 832/784/793 494/783/455 273/467/234 632/464/593
f 577/765/538 832/784/793 632/464/593 279/463/240
f 121/261/82 353/260/314 833/785/794 644/786/605
f 353/260/314 120/257/81 643/787/604 833/785/794
f 833/788/794 643/789/604 221/607/182 529/614/490
f 644/790/605 833/788/794 529/614/490 222/613/183
f 120/257/81 354/256/315 834/791/795 643/787/604
f 354/256/315 122/255/83 645/792/606 834/791/795
f 834/793/795 645/794/606 223/609/184 530/608/491
f 643/789/604 834/793/795 530/608/491 221/607/182
f 122/255/83 356/254/317 835/795/796 645/792/606
f 356/254/317 113/182/74 638/796/599 835/795/796
f 835/797/796 638/798/599 214/534/175 532/610/493
f 645/794/606 835/797/796 532/610/493 223/609/184
f 112/174/73 357/259/318 836/799/797 637/800/598
f 357/259/318 121/261/82 644/786/605 836/799/797
f 836/801/797 644/790/605 222/613/183 533/611/494
f 637/802/598 836/801/797 533/611/494 213/526/174
f 123/267/84 358/266/319 837/803/798 646/804/607
f 358/266/319 124/265/85 647/805/608 837/803/798
f 837/806/798 647/807/608 225/619/186 534/618/495
f 646/808/607 837/806/798 534/618/495 224/617/185
f 90/169/51 359/263/320 838/809/799 633/810/594
f 359/263/320 123/267/84 646/804/607 838/809/799
f 838/811/799 646/808/607 224/617/185 535/615/496
f 633/812/594 838/811/799 535/615/496 191/522/152
f 124/265/85 360/264/321 839/813/800 647/805/608
f 360/264/321 112/174/73 637/800/598 839/813/800
f 839/814/800 637/802/598 213/526/174 536/620/497
f 647/807/608 839/814/800 536/620/497 225/619/186
f 126/277/87 361/276/322 840/815/801 649/816/610
f 361/276/322 125/273/86 648/817/609 840/815/801
f 840/818/801 648/819/609 226/623/187 537/630/498
f 649/820/610 840/818/801 537/630/498 227/629/188
f 125/273/86 362/272/323 841/821/802 648/817/609
f 362/272/323 127/271/88 650/822/611 841/821/802
f 841/823/802 650/824/611 228/625/189 538/624/499
f 648/819/609 841/823/802 538/624/499 226/623/187
f 127/271/88 364/270/325 842/825/803 650/822/611
f 364/270/325 115/202/76 640/826/601 842/825/803
f 842/827/803 640/828/601 216/554/177 540/626/501
f 650/824/611 842/827/803 540/626/501 228/625/189
f 114/194/75 365/275/326 843/829/804 639/830/600
f 365/275/326 126/277/87 649/816/610 843/829/804
f 843/831/804 649/820/610 227/629/188 541/627/502
f 639/832/600 843/831/804 541/627/502 215/546/176
f 129/283/90 366/282/327 844/833/805 652/834/613
f 366/282/327 128/281/89 651/835/612 844/833/805
f 844/836/805 651/837/612 229/635/190 542/634/503
f 652/838/613 844/836/805 542/634/503 230/633/191
f 115/202/76 367/279/328 845/839/806 640/826/601
f 367/279/328 129/283/90 652/834/613 845/839/806
f 845/840/806 652/838/613 230/633/191 543/631/504
f 640/828/601 845/840/806 543/631/504 216/554/177
f 128/281/89 368/280/329 846/841/807 651/835/612
f 368/280/329 90/169/51 633/810/594 846/841/807
f 846/842/807 633/812/594 191/522/152 544/636/505
f 651/837/612 846/842/807 544/636/505 229/635/190
f 149/292/110 369/291/330 847/843/808 662/844/623
f 369/291/330 131/290/92 654/845/615 847/843/808
f 847/846/808 654/847/615 232/643/193 545/642/506
f 662/848/623 847/846/808 545/642/506 250/641/211
f 93/231/54 370/350/331 848/849/809 634/850/595
f 370/350/331 150/329/111 663/851/624 848/849/809
f 848/852/809 663/853/624 251/682/212 546/702/507
f 634/854/595 848/852/809 546/702/507 194/581/155
f 131/290/92 371/289/332 849/855/810 654/845/615
f 371/289/332 151/288/112 664/856/625 849/855/810
f 849/857/810 664/858/625 252/645/213 547/644/508
f 654/847/615 849/857/810 547/644/508 232/643/193
f 176/319/137 372/318/333 850/859/811 679/860/640
f 372/318/333 135/313/96 658/861/619 850/859/811
f 850/862/811 658/863/619 236/665/197 548/672/509
f 679/864/640 850/862/811 548/672/509 277/671/238
f 135/313/96 373/312/334 851/865/812 658/861/619
f 373/312/334 134/307/95 657/866/618 851/865/812
f 851/867/812 657/868/618 235/659/196 549/666/510
f 658/863/619 851/867/812 549/666/510 236/665/197
f 134/307/95 374/306/335 852/869/813 657/866/618
f 374/306/335 136/301/97 659/870/620 852/869/813
f 852/871/813 659/872/620 237/650/198 550/660/511
f 657/868/618 852/871/813 550/660/511 235/659/196
f 136/301/97 375/300/336 853/873/814 659/870/620
f 375/300/336 132/299/93 655/874/616 853/873/814
f 853/875/814 655/876/616 233/652/194 551/651/512
f 659/872/620 853/875/814 551/651/512 237/650/198
f 132/299/93 377/298/338 854/877/815 655/874/616
f 377/298/338 138/297/99 660/878/621 854/877/815
f 854/879/815 660/880/621 239/654/200 553/653/514
f 655/876/616 854/879/815 553/653/514 233/652/194
f 96/251/57 380/415/341 855/881/816 635/882/596
f 380/415/341 141/417/102 661/883/622 855/881/816
f 855/884/816 661/885/622 242/769/203 556/766/517
f 635/886/596 855/884/816 556/766/517 197/601/158
f 138/297/99 382/328/343 856/887/817 660/878/621
f 382/328/343 93/231/54 634/850/595 856/887/817
f 856/888/817 634/854/595 194/581/155 558/681/519
f 660/880/621 856/888/817 558/681/519 239/654/200
f 141/417/102 385/419/346 857/889/818 661/883/622
f 385/419/346 133/421/94 656/890/617 857/889/818
f 857/891/818 656/892/617 234/773/195 561/771/522
f 661/885/622 857/891/818 561/771/522 242/769/203
f 130/334/91 397/333/358 858/893/819 653/894/614
f 397/333/358 149/292/110 662/844/623 858/893/819
f 858/895/819 662/848/623 250/641/211 573/687/534
f 653/896/614 858/895/819 573/687/534 231/686/192
f 150/329/111 405/332/366 859/897/820 663/851/624
f 405/332/366 130/334/91 653/894/614 859/897/820
f 859/898/820 653/896/614 231/686/192 581/683/542
f 663/853/624 859/898/820 581/683/542 251/682/212
f 151/288/112 406/353/367 860/899/821 664/856/625
f 406/353/367 114/194/75 639/830/600 860/899/821
f 860/900/821 639/832/600 215/546/176 582/706/543
f 664/858/625 860/900/821 582/706/543 252/645/213
f 153/359/114 410/358/371 861/901/822 665/902/626
f 410/358/371 154/357/115 666/903/627 861/901/822
f 861/904/822 666/905/627 255/711/216 586/710/547
f 665/906/626 861/904/822 586/710/547 254/709/215
f 99/188/60 411/355/372 862/907/823 636/908/597
f 411/355/372 153/359/114 665/902/626 862/907/823
f 862/909/823 665/906/626 254/709/215 587/707/548
f 636/910/597 862/909/823 587/707/548 200/540/161
f 154/357/115 412/356/373 863/911/824 666/903/627
f 412/356/373 118/235/79 641/912/602 863/911/824
f 863/913/824 641/914/602 219/587/180 588/712/549
f 666/905/627 863/913/824 588/712/549 255/711/216
f 156/374/117 413/373/374 864/915/825 668/916/629
f 413/373/374 155/368/116 667/917/628 864/915/825
f 864/918/825 667/919/628 256/717/217 589/727/550
f 668/920/629 864/918/825 589/727/550 257/726/218
f 155/368/116 414/367/375 865/921/826 667/917/628
f 414/367/375 157/366/118 669/922/630 865/921/826
f 865/923/826 669/924/630 258/719/219 590/718/551
f 667/919/628 865/923/826 590/718/551 256/717/217
f 157/366/118 416/365/377 866/925/827 669/922/630
f 416/365/377 167/364/128 677/926/638 866/925/827
f 866/927/827 677/928/638 268/721/229 592/720/553
f 669/924/630 866/927/827 592/720/553 258/719/219
f 118/235/79 417/402/378 867/929/828 641/912/602
f 417/402/378 168/369/129 678/930/639 867/929/828
f 867/931/828 678/932/639 269/722/230 593/754/554
f 641/914/602 867/931/828 593/754/554 219/587/180
f 159/389/120 418/388/379 868/933/829 671/934/632
f 418/388/379 160/383/121 672/935/633 868/933/829
f 868/936/829 672/937/633 261/732/222 594/742/555
f 671/938/632 868/936/829 594/742/555 260/741/221
f 160/383/121 419/382/380 869/939/830 672/935/633
f 419/382/380 158/381/119 670/940/631 869/939/830
f 869/941/830 670/942/631 259/734/220 595/733/556
f 672/937/633 869/941/830 595/733/556 261/732/222
f 158/381/119 421/380/382 870/943/831 670/940/631
f 421/380/382 162/379/123 673/944/634 870/943/831
f 870/945/831 673/946/634 263/736/224 597/735/558
f 670/942/631 870/945/831 597/735/558 259/734/220
f 119/243/80 422/391/383 871/947/832 642/948/603
f 422/391/383 163/384/124 674/949/635 871/947/832
f 871/950/832 674/951/635 264/737/225 598/743/559
f 642/952/603 871/950/832 598/743/559 220/595/181
f 162/379/123 424/394/385 872/953/833 673/944/634
f 424/394/385 96/251/57 635/882/596 872/953/833
f 872/954/833 635/886/596 197/601/158 600/747/561
f 673/946/634 872/954/833 600/747/561 263/736/224
f 163/384/124 425/387/386 873/955/834 674/949/635
f 425/387/386 159/389/120 671/934/632 873/955/834
f 873/956/834 671/938/632 260/741/221 601/738/562
f 674/951/635 873/956/834 601/738/562 264/737/225
f 165/410/126 428/409/389 874/957/835 676/958/637
f 428/409/389 179/400/140 680/959/641 874/957/835
f 874/960/835 680/961/641 280/750/241 604/763/565
f 676/962/637 874/960/835 604/763/565 266/762/227
f 113/182/74 429/408/390 875/963/836 638/796/599
f 429/408/390 165/410/126 676/958/637 875/963/836
f 875/964/836 676/962/637 266/762/227 605/759/566
f 638/798/599 875/964/836 605/759/566 214/534/175
f 164/398/125 430/397/391 876/965/837 675/966/636
f 430/397/391 99/188/60 636/908/597 876/965/837
f 876/967/837 636/910/597 200/540/161 606/753/567
f 675/968/636 876/967/837 606/753/567 265/752/226
f 167/364/128 432/405/393 877/969/838 677/926/638
f 432/405/393 119/243/80 642/948/603 877/969/838
f 877/970/838 642/952/603 220/595/181 608/758/569
f 677/928/638 877/970/838 608/758/569 268/721/229
f 168/369/129 433/372/394 878/971/839 678/930/639
f 433/372/394 156/374/117 668/916/629 878/971/839
f 878/972/839 668/920/629 257/726/218 609/723/570
f 678/932/639 878/972/839 609/723/570 269/722/230
f 133/421/94 443/420/404 879/973/840 656/890/617
f 443/420/404 176/319/137 679/860/640 879/973/840
f 879/974/840 679/864/640 277/671/238 619/774/580
f 656/892/617 879/974/840 619/774/580 234/773/195
f 179/400/140 446/399/407 880/975/841 680/959/641
f 446/399/407 164/398/125 675/966/636 880/975/841
f 880/976/841 675/968/636 265/752/226 622/751/583
f 680/961/641 880/976/841 622/751/583 280/750/241
f 953/977/914 964/978/925 1123/979/1084 1122/980/1083
f 964/978/925 882/981/843 965/982/926 1123/979/1084
f 1123/983/1084 965/984/926 884/985/845 1104/986/1065
f 1122/987/1083 1123/983/1084 1104/986/1065 954/988/915
f 960/989/921 1110/990/1071 1124/991/1085 1121/992/1082
f 1110/990/1071 899/993/860 968/994/929 1124/991/1085
f 1124/991/1085 968/994/929 888/995/849 1105/996/1066
f 1121/992/1082 1124/991/1085 1105/996/1066 955/997/916
f 955/997/916 1105/996/1066 1125/998/1086 1120/999/1081
f 1105/996/1066 888/995/849 971/1000/932 1125/998/1086
f 1125/1001/1086 971/1002/932 886/1003/847 1106/1004/1067
f 1120/1005/1081 1125/1001/1086 1106/1004/1067 956/1006/917
f 962/1007/923 1112/1008/1073 1126/1009/1087 1119/1010/1080
f 1112/1008/1073 906/1011/867 974/1012/935 1126/1009/1087
f 1126/1009/1087 974/1012/935 882/981/843 964/978/925
f 1119/1010/1080 1126/1009/1087 964/978/925 953/977/914
f 951/1013/912 1102/1014/1063 1127/1015/1088 1095/1016/1056
f 1102/1014/1063 948/1017/909 1039/1018/1000 1127/1015/1088
f 1127/1019/1088 1039/1020/1000 918/1021/879 1036/1022/997
f 1095/1023/1056 1127/1019/1088 1036/1022/997 920/1024/881
f 908/1025/869 1010/1026/971 1128/1027/1089 1017/1028/978
f 1010/1026/971 884/985/845 965/984/926 1128/1027/1089
f 1128/1029/1089 965/982/926 882/981/843 974/1012/935
f 1017/1030/978 1128/1029/1089 974/1012/935 906/1011/867
f 909/1031/870 1016/1032/977 1129/1033/1090 1011/1034/972
f 1016/1032/977 907/1035/868 979/1036/940 1129/1033/1090
f 1129/1033/1090 979/1036/940 889/1037/850 975/1038/936
f 1011/1034/972 1129/1033/1090 975/1038/936 881/1039/842
f 887/1040/848 969/1041/930 1130/1042/1091 970/1043/931
f 969/1041/930 891/1044/852 980/1045/941 1130/1042/1091
f 1130/1046/1091 980/1047/941 892/1048/853 972/1049/933
f 970/1050/931 1130/1046/1091 972/1049/933 885/1051/846
f 902/1052/863 1004/1053/965 1131/1054/1092 998/1055/959
f 1004/1053/965 901/1056/862 981/1057/942 1131/1054/1092
f 1131/1054/1092 981/1057/942 891/1044/852 969/1041/930
f 998/1055/959 1131/1054/1092 969/1041/930 887/1040/848
f 881/1039/842 975/1038/936 1132/1058/1093 963/1059/924
f 975/1038/936 889/1037/850 982/1060/943 1132/1058/1093
f 1132/1061/1093 982/1062/943 890/1063/851 966/1064/927
f 963/1065/924 1132/1061/1093 966/1064/927 883/1066/844
f 905/1067/866 1015/1068/976 1133/1069/1094 1007/1070/968
f 1015/1068/976 910/1071/871 988/1072/949 1133/1069/1094
f 1133/1069/1094 988/1072/949 898/1073/859 989/1074/950
f 1007/1070/968 1133/1069/1094 989/1074/950 893/1075/854
f 900/1076/861 1003/1077/964 1134/1078/1095 996/1079/957
f 1003/1077/964 904/1080/865 987/1081/948 1134/1078/1095
f 1134/1078/1095 987/1081/948 897/1082/858 990/1083/951
f 996/1079/957 1134/1078/1095 990/1083/951 895/1084/856
f 894/1085/855 984/1086/945 1135/1087/1096 1027/1088/988
f 984/1086/945 908/1089/869 1026/1090/987 1135/1087/1096
f 1135/1087/1096 1026/1090/987 911/1091/872 1019/1092/980
f 1027/1088/988 1135/1087/1096 1019/1092/980 912/1093/873
f 945/1094/906 1090/1095/1051 1136/1096/1097 1083/1097/1044
f 1090/1095/1051 942/1098/903 1051/1099/1012 1136/1096/1097
f 1136/1100/1097 1051/1101/1012 925/1102/886 1044/1103/1005
f 1083/1104/1044 1136/1100/1097 1044/1103/1005 923/1105/884
f 959/1106/920 1109/1107/1070 1137/1108/1098 1118/1109/1079
f 1109/1107/1070 903/1110/864 986/1111/947 1137/1108/1098
f 1137/1108/1098 986/1111/947 896/1112/857 1107/1113/1068
f 1118/1109/1079 1137/1108/1098 1107/1113/1068 957/1114/918
f 961/1115/922 1111/1116/1072 1138/1117/1099 1117/1118/1078
f 1111/1116/1072 908/1025/869 984/1119/945 1138/1117/1099
f 1138/1117/1099 984/1119/945 894/1120/855 1108/1121/1069
f 1117/1118/1078 1138/1117/1099 1108/1121/1069 958/1122/919
f 956/1006/917 1106/1004/1067 1139/1123/1100 1116/1124/1077
f 1106/1004/1067 886/1003/847 999/1125/960 1139/1123/1100
f 1139/1123/1100 999/1125/960 903/1110/864 1109/1107/1070
f 1116/1124/1077 1139/1123/1100 1109/1107/1070 959/1106/920
f 888/995/849 968/994/929 1140/1126/1101 971/1000/932
f 968/994/929 899/993/860 1002/1127/963 1140/1126/1101
f 1140/1128/1101 1002/1129/963 903/1110/864 999/1125/960
f 971/1002/932 1140/1128/1101 999/1125/960 886/1003/847
f 885/1051/846 972/1049/933 1141/1130/1102 973/1131/934
f 972/1049/933 892/1048/853 1000/1132/961 1141/1130/1102
f 1141/1130/1102 1000/1132/961 904/1080/865 1003/1077/964
f 973/1131/934 1141/1130/1102 1003/1077/964 900/1076/861
f 893/1075/854 989/1074/950 1142/1133/1103 983/1134/944
f 989/1074/950 898/1073/859 997/1135/958 1142/1133/1103
f 1142/1133/1103 997/1135/958 901/1056/862 1004/1053/965
f 983/1134/944 1142/1133/1103 1004/1053/965 902/1052/863
f 950/1136/911 1101/1137/1062 1143/1138/1104 1094/1139/1055
f 1101/1137/1062 947/1140/908 1005/1141/966 1143/1138/1104
f 1143/1142/1104 1005/1143/966 919/1144/880 1032/1145/993
f 1094/1146/1055 1143/1142/1104 1032/1145/993 917/1147/878
f 958/1122/919 1108/1121/1069 1144/1148/1105 1115/1149/1076
f 1108/1121/1069 894/1120/855 995/1150/956 1144/1148/1105
f 1144/1148/1105 995/1150/956 899/993/860 1110/990/1071
f 1115/1149/1076 1144/1148/1105 1110/990/1071 960/989/921
f 954/988/915 1104/986/1065 1145/1151/1106 1114/1152/1075
f 1104/986/1065 884/985/845 1010/1026/971 1145/1151/1106
f 1145/1151/1106 1010/1026/971 908/1025/869 1111/1116/1072
f 1114/1152/1075 1145/1151/1106 1111/1116/1072 961/1115/922
f 944/1153/905 1089/1154/1050 1146/1155/1107 1082/1156/1043
f 1089/1154/1050 941/1157/902 1014/1158/975 1146/1155/1107
f 1146/1159/1107 1014/1160/975 924/1161/885 1048/1162/1009
f 1082/1163/1043 1146/1159/1107 1048/1162/1009 926/1164/887
f 883/1066/844 966/1064/927 1147/1165/1108 967/1166/928
f 966/1064/927 890/1063/851 1012/1167/973 1147/1165/1108
f 1147/1165/1108 1012/1167/973 910/1071/871 1015/1068/976
f 967/1166/928 1147/1165/1108 1015/1068/976 905/1067/866
f 895/1084/856 990/1083/951 1148/1168/1109 985/1169/946
f 990/1083/951 897/1082/858 1009/1170/970 1148/1168/1109
f 1148/1168/1109 1009/1170/970 907/1035/868 1016/1032/977
f 985/1169/946 1148/1168/1109 1016/1032/977 909/1031/870
f 908/1089/869 1017/1171/978 1149/1172/1110 1026/1090/987
f 1017/1171/978 906/1173/867 991/1174/952 1149/1172/1110
f 1149/1172/1110 991/1174/952 916/1175/877 1025/1176/986
f 1026/1090/987 1149/1172/1110 1025/1176/986 911/1091/872
f 957/1114/918 1107/1113/1068 1150/1177/1111 1113/1178/1074
f 1107/1113/1068 896/1112/857 1008/1179/969 1150/1177/1111
f 1150/1177/1111 1008/1179/969 906/1011/867 1112/1008/1073
f 1113/1178/1074 1150/1177/1111 1112/1008/1073 962/1007/923
f 915/1180/876 1022/1181/983 1151/1182/1112 1023/1183/984
f 1022/1181/983 912/1093/873 1021/1184/982 1151/1182/1112
f 1151/1182/1112 1021/1184/982 914/1185/875 1020/1186/981
f 1023/1183/984 1151/1182/1112 1020/1186/981 913/1187/874
f 912/1093/873 1019/1092/980 1152/1188/1113 1021/1184/982
f 1019/1092/980 911/1091/872 1025/1176/986 1152/1188/1113
f 1152/1188/1113 1025/1176/986 916/1175/877 1024/1189/985
f 1021/1184/982 1152/1188/1113 1024/1189/985 914/1185/875
f 899/1190/860 995/1191/956 1153/1192/1114 1028/1193/989
f 995/1191/956 894/1085/855 1027/1088/988 1153/1192/1114
f 1153/1192/1114 1027/1088/988 912/1093/873 1022/1181/983
f 1028/1193/989 1153/1192/1114 1022/1181/983 915/1180/876
f 903/1194/864 1002/1195/963 1154/1196/1115 1029/1197/990
f 1002/1195/963 899/1190/860 1028/1193/989 1154/1196/1115
f 1154/1196/1115 1028/1193/989 915/1180/876 1023/1183/984
f 1029/1197/990 1154/1196/1115 1023/1183/984 913/1187/874
f 906/1173/867 1008/1198/969 1155/1199/1116 991/1174/952
f 1008/1198/969 896/1200/857 1030/1201/991 1155/1199/1116
f 1155/1199/1116 1030/1201/991 914/1185/875 1024/1189/985
f 991/1174/952 1155/1199/1116 1024/1189/985 916/1175/877
f 896/1200/857 986/1202/947 1156/1203/1117 1030/1201/991
f 986/1202/947 903/1194/864 1029/1197/990 1156/1203/1117
f 1156/1203/1117 1029/1197/990 913/1187/874 1020/1186/981
f 1030/1201/991 1156/1203/1117 1020/1186/981 914/1185/875
f 920/1024/881 1036/1022/997 1157/1204/1118 1037/1205/998
f 1036/1022/997 918/1021/879 1031/1206/992 1157/1204/1118
f 1157/1204/1118 1031/1206/992 917/1147/878 1032/1145/993
f 1037/1205/998 1157/1204/1118 1032/1145/993 919/1144/880
f 921/1207/882 1033/1208/994 1158/1209/1119 1034/1210/995
f 1033/1208/994 920/1024/881 1037/1205/998 1158/1209/1119
f 1158/1209/1119 1037/1205/998 919/1144/880 1035/1211/996
f 1034/1210/995 1158/1209/1119 1035/1211/996 922/1212/883
f 947/1140/908 1100/1213/1061 1159/1214/1120 1005/1141/966
f 1100/1213/1061 949/1215/910 1041/1216/1002 1159/1214/1120
f 1159/1217/1120 1041/1218/1002 922/1212/883 1035/1211/996
f 1005/1143/966 1159/1217/1120 1035/1211/996 919/1144/880
f 952/1219/913 1099/1220/1060 1160/1221/1121 1096/1222/1057
f 1099/1220/1060 951/1013/912 1095/1016/1056 1160/1221/1121
f 1160/1223/1121 1095/1023/1056 920/1024/881 1033/1208/994
f 1096/1224/1057 1160/1223/1121 1033/1208/994 921/1207/882
f 948/1017/909 1098/1225/1059 1161/1226/1122 1039/1018/1000
f 1098/1225/1059 950/1136/911 1094/1139/1055 1161/1226/1122
f 1161/1227/1122 1094/1146/1055 917/1147/878 1031/1206/992
f 1039/1020/1000 1161/1227/1122 1031/1206/992 918/1021/879
f 949/1215/910 1097/1228/1058 1162/1229/1123 1041/1216/1002
f 1097/1230/1058 952/1219/913 1096/1222/1057 1162/1231/1123
f 1162/1232/1123 1096/1224/1057 921/1207/882 1034/1210/995
f 1041/1218/1002 1162/1233/1123 1034/1210/995 922/1212/883
f 925/1102/886 1047/1234/1008 1163/1235/1124 1049/1236/1010
f 1047/1234/1008 928/1237/889 1046/1238/1007 1163/1235/1124
f 1163/1235/1124 1046/1238/1007 927/1239/888 1045/1240/1006
f 1049/1236/1010 1163/1235/1124 1045/1240/1006 926/1164/887
f 923/1105/884 1044/1103/1005 1164/1241/1125 1043/1242/1004
f 1044/1103/1005 925/1102/886 1049/1236/1010 1164/1241/1125
f 1164/1241/1125 1049/1236/1010 926/1164/887 1048/1162/1009
f 1043/1242/1004 1164/1241/1125 1048/1162/1009 924/1161/885
f 942/1098/903 1088/1243/1049 1165/1244/1126 1051/1099/1012
f 1088/1243/1049 943/1245/904 1053/1246/1014 1165/1244/1126
f 1165/1247/1126 1053/1248/1014 928/1237/889 1047/1234/1008
f 1051/1101/1012 1165/1247/1126 1047/1234/1008 925/1102/886
f 941/1157/902 1087/1249/1048 1166/1250/1127 1014/1158/975
f 1087/1249/1048 945/1094/906 1083/1097/1044 1166/1250/1127
f 1166/1251/1127 1083/1104/1044 923/1105/884 1043/1242/1004
f 1014/1160/975 1166/1251/1127 1043/1242/1004 924/1161/885
f 946/1252/907 1086/1253/1047 1167/1254/1128 1084/1255/1045
f 1086/1253/1047 944/1153/905 1082/1156/1043 1167/1254/1128
f 1167/1256/1128 1082/1163/1043 926/1164/887 1045/1240/1006
f 1084/1257/1045 1167/1256/1128 1045/1240/1006 927/1239/888
f 943/1245/904 1085/1258/1046 1168/1259/1129 1053/1246/1014
f 1085/1260/1046 946/1252/907 1084/1255/1045 1168/1261/1129
f 1168/1262/1129 1084/1257/1045 927/1239/888 1046/1238/1007
f 1053/1248/1014 1168/1263/1129 1046/1238/1007 928/1237/889
f 895/1264/856 992/1265/953 1169/1266/1130 1059/1267/1020
f 992/1268/953 893/1269/854 1042/1270/1003 1169/1271/1130
f 1169/1271/1130 1042/1270/1003 934/1272/895 1061/1273/1022
f 1059/1267/1020 1169/1266/1130 1061/1274/1022 933/1275/894
f 887/1276/848 970/1277/931 1170/1278/1131 1057/1279/1018
f 970/1277/931 885/1280/846 1038/1281/999 1170/1278/1131
f 1170/1278/1131 1038/1281/999 930/1282/891 1062/1283/1023
f 1057/1279/1018 1170/1278/1131 1062/1283/1023 931/1284/892
f 893/1269/854 983/1285/944 1171/1286/1132 1042/1270/1003
f 983/1285/944 902/1287/863 1040/1288/1001 1171/1286/1132
f 1171/1286/1132 1040/1288/1001 932/1289/893 1063/1290/1024
f 1042/1270/1003 1171/1286/1132 1063/1290/1024 934/1272/895
f 900/1291/861 996/1292/957 1172/1293/1133 1055/1294/1016
f 996/1292/957 895/1264/856 1059/1267/1020 1172/1293/1133
f 1172/1293/1133 1059/1267/1020 933/1275/894 1064/1295/1025
f 1055/1294/1016 1172/1293/1133 1064/1295/1025 929/1296/890
f 885/1280/846 973/1297/934 1173/1298/1134 1038/1281/999
f 973/1297/934 900/1291/861 1055/1294/1016 1173/1298/1134
f 1173/1298/1134 1055/1294/1016 929/1296/890 1065/1299/1026
f 1038/1281/999 1173/1298/1134 1065/1299/1026 930/1282/891
f 902/1287/863 998/1300/959 1174/1301/1135 1040/1288/1001
f 998/1300/959 887/1276/848 1057/1279/1018 1174/1301/1135
f 1174/1301/1135 1057/1279/1018 931/1284/892 1066/1302/1027
f 1040/1288/1001 1174/1301/1135 1066/1302/1027 932/1289/893
f 893/1303/854 992/1304/953 1175/1305/1136 1071/1306/1032
f 992/1307/953 895/1308/856 1054/1309/1015 1175/1310/1136
f 1175/1310/1136 1054/1309/1015 940/1311/901 1073/1312/1034
f 1071/1306/1032 1175/1305/1136 1073/1313/1034 939/1314/900
f 895/1308/856 985/1315/946 1176/1316/1137 1054/1309/1015
f 985/1315/946 909/1317/870 1050/1318/1011 1176/1316/1137
f 1176/1316/1137 1050/1318/1011 936/1319/897 1074/1320/1035
f 1054/1309/1015 1176/1316/1137 1074/1320/1035 940/1311/901
f 881/1321/842 963/1322/924 1177/1323/1138 1067/1324/1028
f 963/1322/924 883/1325/844 1052/1326/1013 1177/1323/1138
f 1177/1323/1138 1052/1326/1013 938/1327/899 1075/1328/1036
f 1067/1324/1028 1177/1323/1138 1075/1328/1036 935/1329/896
f 905/1330/866 1007/1331/968 1178/1332/1139 1069/1333/1030
f 1007/1331/968 893/1303/854 1071/1306/1032 1178/1332/1139
f 1178/1332/1139 1071/1306/1032 939/1314/900 1076/1334/1037
f 1069/1333/1030 1178/1332/1139 1076/1334/1037 937/1335/898
f 909/1317/870 1011/1336/972 1179/1337/1140 1050/1318/1011
f 1011/1336/972 881/1321/842 1067/1324/1028 1179/1337/1140
f 1179/1337/1140 1067/1324/1028 935/1329/896 1077/1338/1038
f 1050/1318/1011 1179/1337/1140 1077/1338/1038 936/1319/897
f 883/1325/844 967/1339/928 1180/1340/1141 1052/1326/1013
f 967/1339/928 905/1330/866 1069/1333/1030 1180/1340/1141
f 1180/1340/1141 1069/1333/1030 937/1335/898 1078/1341/1039
f 1052/1326/1013 1180/1340/1141 1078/1341/1039 938/1327/899
f 939/1314/900 1073/1313/1034 1181/1342/1142 1081/1343/1042
f 1073/1312/1034 940/1311/901 1072/1344/1033 1181/1345/1142
f 1181/1345/1142 1072/1344/1033 946/1252/907 1085/1260/1046
f 1081/1343/1042 1181/1342/1142 1085/1258/1046 943/1245/904
f 940/1311/901 1074/1320/1035 1182/1346/1143 1072/1344/1033
f 1074/1320/1035 936/1319/897 1068/1347/1029 1182/1346/1143
f 1182/1346/1143 1068/1347/1029 944/1153/905 1086/1253/1047
f 1072/1344/1033 1182/1346/1143 1086/1253/1047 946/1252/907
f 935/1329/896 1075/1328/1036 1183/1348/1144 1079/1349/1040
f 1075/1328/1036 938/1327/899 1070/1350/1031 1183/1348/1144
f 1183/1348/1144 1070/1350/1031 945/1094/906 1087/1249/1048
f 1079/1349/1040 1183/1348/1144 1087/1249/1048 941/1157/902
f 937/1335/898 1076/1334/1037 1184/1351/1145 1080/1352/1041
f 1076/1334/1037 939/1314/900 1081/1343/1042 1184/1351/1145
f 1184/1351/1145 1081/1343/1042 943/1245/904 1088/1243/1049
f 1080/1352/1041 1184/1351/1145 1088/1243/1049 942/1098/903
f 936/1319/897 1077/1338/1038 1185/1353/1146 1068/1347/1029
f 1077/1338/1038 935/1329/896 1079/1349/1040 1185/1353/1146
f 1185/1353/1146 1079/1349/1040 941/1157/902 1089/1154/1050
f 1068/1347/1029 1185/1353/1146 1089/1154/1050 944/1153/905
f 938/1327/899 1078/1341/1039 1186/1354/1147 1070/1350/1031
f 1078/1341/1039 937/1335/898 1080/1352/1041 1186/1354/1147
f 1186/1354/1147 1080/1352/1041 942/1098/903 1090/1095/1051
f 1070/1350/1031 1186/1354/1147 1090/1095/1051 945/1094/906
f 933/1275/894 1061/1274/1022 1187/1355/1148 1093/1356/1054
f 1061/1273/1022 934/1272/895 1060/1357/1021 1187/1358/1148
f 1187/1358/1148 1060/1357/1021 952/1219/913 1097/1230/1058
f 1093/1356/1054 1187/1355/1148 1097/1228/1058 949/1215/910
f 931/1284/892 1062/1283/1023 1188/1359/1149 1092/1360/1053
f 1062/1283/1023 930/1282/891 1056/1361/1017 1188/1359/1149
f 1188/1359/1149 1056/1361/1017 950/1136/911 1098/1225/1059
f 1092/1360/1053 1188/1359/1149 1098/1225/1059 948/1017/909
f 934/1272/895 1063/1290/1024 1189/1362/1150 1060/1357/1021
f 1063/1290/1024 932/1289/893 1058/1363/1019 1189/1362/1150
f 1189/1362/1150 1058/1363/1019 951/1013/912 1099/1220/1060
f 1060/1357/1021 1189/1362/1150 1099/1220/1060 952/1219/913
f 929/1296/890 1064/1295/1025 1190/1364/1151 1091/1365/1052
f 1064/1295/1025 933/1275/894 1093/1356/1054 1190/1364/1151
f 1190/1364/1151 1093/1356/1054 949/1215/910 1100/1213/1061
f 1091/1365/1052 1190/1364/1151 1100/1213/1061 947/1140/908
f 930/1282/891 1065/1299/1026 1191/1366/1152 1056/1361/1017
f 1065/1299/1026 929/1296/890 1091/1365/1052 1191/1366/1152
f 1191/1366/1152 1091/1365/1052 947/1140/908 1101/1137/1062
f 1056/1361/1017 1191/1366/1152 1101/1137/1062 950/1136/911
f 932/1289/893 1066/1302/1027 1192/1367/1153 1058/1363/1019
f 1066/1302/1027 931/1284/892 1092/1360/1053 1192/1367/1153
f 1192/1367/1153 1092/1360/1053 948/1017/909 1102/1014/1063
f 1058/1363/1019 1192/1367/1153 1102/1014/1063 951/1013/912
f 897/1082/858 993/1368/954 1193/1369/1154 1009/1170/970
f 993/1368/954 957/1114/918 1113/1178/1074 1193/1369/1154
f 1193/1369/1154 1113/1178/1074 962/1007/923 1018/1370/979
f 1009/1170/970 1193/1369/1154 1018/1370/979 907/1035/868
f 890/1063/851 976/1371/937 1194/1372/1155 1012/1167/973
f 976/1371/937 954/988/915 1114/1152/1075 1194/1372/1155
f 1194/1372/1155 1114/1152/1075 961/1115/922 1013/1373/974
f 1012/1167/973 1194/1372/1155 1013/1373/974 910/1071/871
f 898/1073/859 994/1374/955 1195/1375/1156 997/1135/958
f 994/1374/955 958/1122/919 1115/1149/1076 1195/1375/1156
f 1195/1375/1156 1115/1149/1076 960/989/921 1006/1376/967
f 997/1135/958 1195/1375/1156 1006/1376/967 901/1056/862
f 892/1048/853 978/1377/939 1196/1378/1157 1000/1132/961
f 978/1377/939 956/1006/917 1116/1124/1077 1196/1378/1157
f 1196/1378/1157 1116/1124/1077 959/1106/920 1001/1379/962
f 1000/1132/961 1196/1378/1157 1001/1379/962 904/1080/865
f 910/1071/871 1013/1373/974 1197/1380/1158 988/1072/949
f 1013/1373/974 961/1115/922 1117/1118/1078 1197/1380/1158
f 1197/1380/1158 1117/1118/1078 958/1122/919 994/1374/955
f 988/1072/949 1197/1380/1158 994/1374/955 898/1073/859
f 904/1080/865 1001/1379/962 1198/1381/1159 987/1081/948
f 1001/1379/962 959/1106/920 1118/1109/1079 1198/1381/1159
f 1198/1381/1159 1118/1109/1079 957/1114/918 993/1368/954
f 987/1081/948 1198/1381/1159 993/1368/954 897/1082/858
f 907/1035/868 1018/1370/979 1199/1382/1160 979/1036/940
f 1018/1370/979 962/1007/923 1119/1010/1080 1199/1382/1160
f 1199/1382/1160 1119/1010/1080 953/977/914 1103/1383/1064
f 979/1036/940 1199/1382/1160 1103/1383/1064 889/1037/850
f 891/1044/852 977/1384/938 1200/1385/1161 980/1045/941
f 977/1384/938 955/997/916 1120/999/1081 1200/1385/1161
f 1200/1386/1161 1120/1005/1081 956/1006/917 978/1377/939
f 980/1047/941 1200/1386/1161 978/1377/939 892/1048/853
f 901/1056/862 1006/1376/967 1201/1387/1162 981/1057/942
f 1006/1376/967 960/989/921 1121/992/1082 1201/1387/1162
f 1201/1387/1162 1121/992/1082 955/997/916 977/1384/938
f 981/1057/942 1201/1387/1162 977/1384/938 891/1044/852
f 889/1037/850 1103/1383/1064 1202/1388/1163 982/1060/943
f 1103/1383/1064 953/977/914 1122/980/1083 1202/1388/1163
f 1202/1389/1163 1122/987/1083 954/988/915 976/1371/937
f 982/1062/943 1202/1389/1163 976/1371/937 890/1063/851
f 1220/1390/1181 1258/1391/1219 1289/1392/1250 1264/1393/1225
f 1258/1391/1219 1212/1394/1173 1235/1395/1196 1289/1392/1250
f 1289/1392/1250 1235/1395/1196 1206/1396/1167 1254/1397/1215
f 1264/1393/1225 1289/1392/1250 1254/1397/1215 1216/1398/1177
f 1216/1398/1177 1254/1397/1215 1290/1399/1251 1263/1400/1224
f 1254/1397/1215 1206/1396/1167 1238/1401/1199 1290/1399/1251
f 1290/1399/1251 1238/1401/1199 1210/1402/1171 1255/1403/1216
f 1263/1400/1224 1290/1399/1251 1255/1403/1216 1217/1404/1178
f 1219/1405/1180 1257/1406/1218 1291/1407/1252 1262/1408/1223
f 1257/1406/1218 1214/1409/1175 1241/1410/1202 1291/1407/1252
f 1291/1407/1252 1241/1410/1202 1226/1411/1187 1256/1412/1217
f 1262/1408/1223 1291/1407/1252 1256/1412/1217 1223/1413/1184
f 1203/1414/1164 1267/1415/1228 1292/1416/1253 1261/1417/1222
f 1267/1415/1228 1207/1418/1168 1285/1419/1246 1292/1416/1253
f 1292/1416/1253 1285/1419/1246 1230/1420/1191 1280/1421/1241
f 1261/1417/1222 1292/1416/1253 1280/1421/1241 1231/1422/1192
f 1211/1423/1172 1250/1424/1211 1293/1425/1254 1233/1426/1194
f 1250/1424/1211 1213/1427/1174 1247/1428/1208 1293/1425/1254
f 1293/1425/1254 1247/1428/1208 1224/1429/1185 1243/1430/1204
f 1233/1426/1194 1293/1425/1254 1243/1430/1204 1225/1431/1186
f 1214/1409/1175 1249/1432/1210 1294/1433/1255 1241/1410/1202
f 1249/1432/1210 1212/1434/1173 1246/1435/1207 1294/1433/1255
f 1294/1433/1255 1246/1435/1207 1222/1436/1183 1244/1437/1205
f 1241/1410/1202 1294/1433/1255 1244/1437/1205 1226/1411/1187
f 1210/1402/1171 1238/1401/1199 1295/1438/1256 1248/1439/1209
f 1238/1401/1199 1206/1396/1167 1235/1395/1196 1295/1438/1256
f 1295/1438/1256 1235/1395/1196 1212/1394/1173 1249/1440/1210
f 1248/1439/1209 1295/1438/1256 1249/1440/1210 1214/1441/1175
f 1205/1442/1166 1237/1443/1198 1296/1444/1257 1245/1445/1206
f 1237/1443/1198 1209/1446/1170 1240/1447/1201 1296/1444/1257
f 1296/1444/1257 1240/1447/1201 1213/1448/1174 1250/1449/1211
f 1245/1445/1206 1296/1444/1257 1250/1449/1211 1211/1450/1172
f 1217/1404/1178 1255/1403/1216 1297/1451/1258 1260/1452/1221
f 1255/1403/1216 1210/1402/1171 1248/1439/1209 1297/1451/1258
f 1297/1451/1258 1248/1439/1209 1214/1441/1175 1257/1453/1218
f 1260/1452/1221 1297/1451/1258 1257/1453/1218 1219/1454/1180
f 1221/1455/1182 1234/1456/1195 1298/1457/1259 1259/1458/1220
f 1234/1456/1195 1222/1436/1183 1246/1435/1207 1298/1457/1259
f 1298/1457/1259 1246/1435/1207 1212/1434/1173 1258/1459/1219
f 1259/1458/1220 1298/1457/1259 1258/1459/1219 1220/1460/1181
f 1225/1431/1186 1253/1461/1214 1299/1462/1260 1233/1426/1194
f 1253/1461/1214 1221/1455/1182 1259/1458/1220 1299/1462/1260
f 1299/1462/1260 1259/1458/1220 1220/1460/1181 1252/1463/1213
f 1233/1426/1194 1299/1462/1260 1252/1463/1213 1211/1423/1172
f 1209/1446/1170 1239/1464/1200 1300/1465/1261 1240/1447/1201
f 1239/1464/1200 1217/1404/1178 1260/1452/1221 1300/1465/1261
f 1300/1465/1261 1260/1452/1221 1219/1454/1180 1251/1466/1212
f 1240/1447/1201 1300/1465/1261 1251/1466/1212 1213/1448/1174
f 1215/1467/1176 1269/1468/1230 1301/1469/1262 1284/1470/1245
f 1269/1468/1230 1203/1414/1164 1261/1417/1222 1301/1469/1262
f 1301/1469/1262 1261/1417/1222 1231/1422/1192 1282/1471/1243
f 1284/1470/1245 1301/1469/1262 1282/1471/1243 1228/1472/1189
f 1213/1427/1174 1251/1473/1212 1302/1474/1263 1247/1428/1208
f 1251/1473/1212 1219/1405/1180 1262/1408/1223 1302/1474/1263
f 1302/1474/1263 1262/1408/1223 1223/1413/1184 1242/1475/1203
f 1247/1428/1208 1302/1474/1263 1242/1475/1203 1224/1429/1185
f 1205/1442/1166 1236/1476/1197 1303/1477/1264 1237/1443/1198
f 1236/1476/1197 1216/1398/1177 1263/1400/1224 1303/1477/1264
f 1303/1477/1264 1263/1400/1224 1217/1404/1178 1239/1464/1200
f 1237/1443/1198 1303/1477/1264 1239/1464/1200 1209/1446/1170
f 1211/1450/1172 1252/1478/1213 1304/1479/1265 1245/1445/1206
f 1252/1478/1213 1220/1390/1181 1264/1393/1225 1304/1479/1265
f 1304/1479/1265 1264/1393/1225 1216/1398/1177 1236/1476/1197
f 1245/1445/1206 1304/1479/1265 1236/1476/1197 1205/1442/1166
f 1215/1467/1176 1265/1480/1226 1305/1481/1266 1271/1482/1232
f 1265/1480/1226 1204/1483/1165 1272/1484/1233 1305/1481/1266
f 1305/1481/1266 1272/1484/1233 1222/1436/1183 1234/1456/1195
f 1271/1482/1232 1305/1481/1266 1234/1456/1195 1221/1455/1182
f 1218/1485/1179 1266/1486/1227 1306/1487/1267 1273/1488/1234
f 1266/1486/1227 1207/1418/1168 1274/1489/1235 1306/1487/1267
f 1306/1487/1267 1274/1489/1235 1224/1429/1185 1242/1475/1203
f 1273/1488/1234 1306/1487/1267 1242/1475/1203 1223/1413/1184
f 1207/1418/1168 1267/1415/1228 1307/1490/1268 1274/1489/1235
f 1267/1415/1228 1203/1414/1164 1275/1491/1236 1307/1490/1268
f 1307/1490/1268 1275/1491/1236 1225/1431/1186 1243/1430/1204
f 1274/1489/1235 1307/1490/1268 1243/1430/1204 1224/1429/1185
f 1204/1483/1165 1268/1492/1229 1308/1493/1269 1272/1484/1233
f 1268/1492/1229 1208/1494/1169 1276/1495/1237 1308/1493/1269
f 1308/1493/1269 1276/1495/1237 1226/1411/1187 1244/1437/1205
f 1272/1484/1233 1308/1493/1269 1244/1437/1205 1222/1436/1183
f 1203/1414/1164 1269/1468/1230 1309/1496/1270 1275/1491/1236
f 1269/1468/1230 1215/1467/1176 1271/1482/1232 1309/1496/1270
f 1309/1496/1270 1271/1482/1232 1221/1455/1182 1253/1461/1214
f 1275/1491/1236 1309/1496/1270 1253/1461/1214 1225/1431/1186
f 1208/1494/1169 1270/1497/1231 1310/1498/1271 1276/1495/1237
f 1270/1497/1231 1218/1485/1179 1273/1488/1234 1310/1498/1271
f 1310/1498/1271 1273/1488/1234 1223/1413/1184 1256/1412/1217
f 1276/1495/1237 1310/1498/1271 1256/1412/1217 1226/1411/1187
f 1227/1499/1188 1283/1500/1244 1311/1501/1272 1277/1502/1238
f 1283/1500/1244 1232/1503/1193 1281/1504/1242 1311/1501/1272
f 1311/1501/1272 1281/1504/1242 1229/1505/1190 1278/1506/1239
f 1277/1502/1238 1311/1501/1272 1278/1506/1239 1228/1472/1189
f 1230/1420/1191 1279/1507/1240 1312/1508/1273 1280/1421/1241
f 1279/1507/1240 1227/1499/1188 1277/1502/1238 1312/1508/1273
f 1312/1508/1273 1277/1502/1238 1228/1472/1189 1282/1471/1243
f 1280/1421/1241 1312/1508/1273 1282/1471/1243 1231/1422/1192
f 1204/1483/1165 1265/1480/1226 1313/1509/1274 1286/1510/1247
f 1265/1480/1226 1215/1467/1176 1284/1470/1245 1313/1509/1274
f 1313/1509/1274 1284/1470/1245 1228/1472/1189 1278/1506/1239
f 1286/1510/1247 1313/1509/1274 1278/1506/1239 1229/1505/1190
f 1218/1485/1179 1270/1497/1231 1314/1511/1275 1288/1512/1249
f 1270/1497/1231 1208/1494/1169 1287/1513/1248 1314/1511/1275
f 1314/1511/1275 1287/1513/1248 1232/1503/1193 1283/1500/1244
f 1288/1512/1249 1314/1511/1275 1283/1500/1244 1227/1499/1188
f 1208/1494/1169 1268/1492/1229 1315/1514/1276 1287/1513/1248
f 1268/1492/1229 1204/1483/1165 1286/1510/1247 1315/1514/1276
f 1315/1514/1276 1286/1510/1247 1229/1505/1190 1281/1504/1242
f 1287/1513/1248 1315/1514/1276 1281/1504/1242 1232/1503/1193
f 1207/1418/1168 1266/1486/1227 1316/1515/1277 1285/1419/1246
f 1266/1486/1227 1218/1485/1179 1288/1512/1249 1316/1515/1277
f 1316/1515/1277 1288/1512/1249 1227/1499/1188 1279/1507/1240
f 1285/1419/1246 1316/1515/1277 1279/1507/1240 1230/1420/1191
f 1334/1516/1295 1378/1517/1339 1403/1518/1364 1372/1519/1333
f 1372/1519/1333 1403/1518/1364 1349/1520/1310 1326/1521/1287
f 1403/1518/1364 1368/1522/1329 1320/1523/1281 1349/1520/1310
f 1378/1517/1339 1330/1524/1291 1368/1522/1329 1403/1518/1364
f 1330/1524/1291 1377/1525/1338 1404/1526/1365 1368/1522/1329
f 1368/1522/1329 1404/1526/1365 1352/1527/1313 1320/1523/1281
f 1404/1526/1365 1369/1528/1330 1324/1529/1285 1352/1527/1313
f 1377/1525/1338 1331/1530/1292 1369/1528/1330 1404/1526/1365
f 1333/1531/1294 1376/1532/1337 1405/1533/1366 1371/1534/1332
f 1371/1534/1332 1405/1533/1366 1355/1535/1316 1328/1536/1289
f 1405/1533/1366 1370/1537/1331 1340/1538/1301 1355/1535/1316
f 1376/1532/1337 1337/1539/1298 1370/1537/1331 1405/1533/1366
f 1317/1540/1278 1375/1541/1336 1406/1542/1367 1381/1543/1342
f 1381/1543/1342 1406/1542/1367 1399/1544/1360 1321/1545/1282
f 1406/1542/1367 1394/1546/1355 1344/1547/1305 1399/1544/1360
f 1375/1541/1336 1345/1548/1306 1394/1546/1355 1406/1542/1367
f 1325/1549/1286 1347/1550/1308 1407/1551/1368 1364/1552/1325
f 1364/1552/1325 1407/1551/1368 1361/1553/1322 1327/1554/1288
f 1407/1551/1368 1357/1555/1318 1338/1556/1299 1361/1553/1322
f 1347/1550/1308 1339/1557/1300 1357/1555/1318 1407/1551/1368
f 1328/1536/1289 1355/1535/1316 1408/1558/1369 1363/1559/1324
f 1363/1559/1324 1408/1558/1369 1360/1560/1321 1326/1561/1287
f 1408/1558/1369 1358/1562/1319 1336/1563/1297 1360/1560/1321
f 1355/1535/1316 1340/1538/1301 1358/1562/1319 1408/1558/1369
f 1324/1529/1285 1362/1564/1323 1409/1565/1370 1352/1527/1313
f 1352/1527/1313 1409/1565/1370 1349/1520/1310 1320/1523/1281
f 1409/1565/1370 1363/1566/1324 1326/1521/1287 1349/1520/1310
f 1362/1564/1323 1328/1567/1289 1363/1566/1324 1409/1565/1370
f 1319/1568/1280 1359/1569/1320 1410/1570/1371 1351/1571/1312
f 1351/1571/1312 1410/1570/1371 1354/1572/1315 1323/1573/1284
f 1410/1570/1371 1364/1449/1325 1327/1574/1288 1354/1572/1315
f 1359/1569/1320 1325/1575/1286 1364/1449/1325 1410/1570/1371
f 1331/1530/1292 1374/1576/1335 1411/1577/1372 1369/1528/1330
f 1369/1528/1330 1411/1577/1372 1362/1564/1323 1324/1529/1285
f 1411/1577/1372 1371/1578/1332 1328/1567/1289 1362/1564/1323
f 1374/1576/1335 1333/1579/1294 1371/1578/1332 1411/1577/1372
f 1335/1580/1296 1373/1581/1334 1412/1582/1373 1348/1583/1309
f 1348/1583/1309 1412/1582/1373 1360/1560/1321 1336/1563/1297
f 1412/1582/1373 1372/1584/1333 1326/1561/1287 1360/1560/1321
f 1373/1581/1334 1334/1585/1295 1372/1584/1333 1412/1582/1373
f 1339/1557/1300 1347/1550/1308 1413/1586/1374 1367/1587/1328
f 1367/1587/1328 1413/1586/1374 1373/1581/1334 1335/1580/1296
f 1413/1586/1374 1366/1588/1327 1334/1585/1295 1373/1581/1334
f 1347/1550/1308 1325/1549/1286 1366/1588/1327 1413/1586/1374
f 1323/1573/1284 1354/1572/1315 1414/1589/1375 1353/1590/1314
f 1353/1590/1314 1414/1589/1375 1374/1576/1335 1331/1530/1292
f 1414/1589/1375 1365/1591/1326 1333/1579/1294 1374/1576/1335
f 1354/1572/1315 1327/1574/1288 1365/1591/1326 1414/1589/1375
f 1329/1592/1290 1398/1593/1359 1415/1594/1376 1383/1595/1344
f 1383/1595/1344 1415/1594/1376 1375/1541/1336 1317/1540/1278
f 1415/1594/1376 1396/1596/1357 1345/1548/1306 1375/1541/1336
f 1398/1593/1359 1342/1597/1303 1396/1596/1357 1415/1594/1376
f 1327/1554/1288 1361/1553/1322 1416/1598/1377 1365/1599/1326
f 1365/1599/1326 1416/1598/1377 1376/1532/1337 1333/1531/1294
f 1416/1598/1377 1356/1600/1317 1337/1539/1298 1376/1532/1337
f 1361/1553/1322 1338/1556/1299 1356/1600/1317 1416/1598/1377
f 1319/1568/1280 1351/1571/1312 1417/1601/1378 1350/1602/1311
f 1350/1602/1311 1417/1601/1378 1377/1525/1338 1330/1524/1291
f 1417/1601/1378 1353/1590/1314 1331/1530/1292 1377/1525/1338
f 1351/1571/1312 1323/1573/1284 1353/1590/1314 1417/1601/1378
f 1325/1575/1286 1359/1569/1320 1418/1603/1379 1366/1604/1327
f 1366/1604/1327 1418/1603/1379 1378/1517/1339 1334/1516/1295
f 1418/1603/1379 1350/1602/1311 1330/1524/1291 1378/1517/1339
f 1359/1569/1320 1319/1568/1280 1350/1602/1311 1418/1603/1379
f 1329/1592/1290 1385/1605/1346 1419/1606/1380 1379/1607/1340
f 1379/1607/1340 1419/1606/1380 1386/1608/1347 1318/1609/1279
f 1419/1606/1380 1348/1583/1309 1336/1563/1297 1386/1608/1347
f 1385/1605/1346 1335/1580/1296 1348/1583/1309 1419/1606/1380
f 1332/1610/1293 1387/1611/1348 1420/1612/1381 1380/1613/1341
f 1380/1613/1341 1420/1612/1381 1388/1614/1349 1321/1545/1282
f 1420/1612/1381 1356/1600/1317 1338/1556/1299 1388/1614/1349
f 1387/1611/1348 1337/1539/1298 1356/1600/1317 1420/1612/1381
f 1321/1545/1282 1388/1614/1349 1421/1615/1382 1381/1543/1342
f 1381/1543/1342 1421/1615/1382 1389/1616/1350 1317/1540/1278
f 1421/1615/1382 1357/1555/1318 1339/1557/1300 1389/1616/1350
f 1388/1614/1349 1338/1556/1299 1357/1555/1318 1421/1615/1382
f 1318/1609/1279 1386/1608/1347 1422/1617/1383 1382/1618/1343
f 1382/1618/1343 1422/1617/1383 1390/1619/1351 1322/1620/1283
f 1422/1617/1383 1358/1562/1319 1340/1538/1301 1390/1619/1351
f 1386/1608/1347 1336/1563/1297 1358/1562/1319 1422/1617/1383
f 1317/1540/1278 1389/1616/1350 1423/1621/1384 1383/1595/1344
f 1383/1595/1344 1423/1621/1384 1385/1605/1346 1329/1592/1290
f 1423/1621/1384 1367/1587/1328 1335/1580/1296 1385/1605/1346
f 1389/1616/1350 1339/1557/1300 1367/1587/1328 1423/1621/1384
f 1322/1620/1283 1390/1619/1351 1424/1622/1385 1384/1623/1345
f 1384/1623/1345 1424/1622/1385 1387/1611/1348 1332/1610/1293
f 1424/1622/1385 1370/1537/1331 1337/1539/1298 1387/1611/1348
f 1390/1619/1351 1340/1538/1301 1370/1537/1331 1424/1622/1385
f 1341/1624/1302 1391/1625/1352 1425/1626/1386 1397/1627/1358
f 1397/1627/1358 1425/1626/1386 1395/1628/1356 1346/1629/1307
f 1425/1626/1386 1392/1630/1353 1343/1631/1304 1395/1628/1356
f 1391/1625/1352 1342/1597/1303 1392/1630/1353 1425/1626/1386
f 1344/1547/1305 1394/1546/1355 1426/1632/1387 1393/1633/1354
f 1393/1633/1354 1426/1632/1387 1391/1625/1352 1341/1624/1302
f 1426/1632/1387 1396/1596/1357 1342/1597/1303 1391/1625/1352
f 1394/1546/1355 1345/1548/1306 1396/1596/1357 1426/1632/1387
f 1318/1609/1279 1400/1634/1361 1427/1635/1388 1379/1607/1340
f 1379/1607/1340 1427/1635/1388 1398/1593/1359 1329/1592/1290
f 1427/1635/1388 1392/1630/1353 1342/1597/1303 1398/1593/1359
f 1400/1634/1361 1343/1631/1304 1392/1630/1353 1427/1635/1388
f 1332/1610/1293 1402/1636/1363 1428/1637/1389 1384/1623/1345
f 1384/1623/1345 1428/1637/1389 1401/1638/1362 1322/1620/1283
f 1428/1637/1389 1397/1627/1358 1346/1629/1307 1401/1638/1362
f 1402/1636/1363 1341/1624/1302 1397/1627/1358 1428/1637/1389
f 1322/1620/1283 1401/1638/1362 1429/1639/1390 1382/1618/1343
f 1382/1618/1343 1429/1639/1390 1400/1634/1361 1318/1609/1279
f 1429/1639/1390 1395/1628/1356 1343/1631/1304 1400/1634/1361
f 1401/1638/1362 1346/1629/1307 1395/1628/1356 1429/1639/1390
f 1321/1545/1282 1399/1544/1360 1430/1640/1391 1380/1613/1341
f 1380/1613/1341 1430/1640/1391 1402/1636/1363 1332/1610/1293
f 1430/1640/1391 1393/1633/1354 1341/1624/1302 1402/1636/1363
f 1399/1544/1360 1344/1547/1305 1393/1633/1354 1430/1640/1391
f 1431/1641/1392 1475/1642/1436 1519/1643/1480 1468/1644/1429
f 1475/1642/1436 1445/1645/1406 1486/1646/1447 1519/1643/1480
f 1519/1647/1480 1486/1648/1447 1451/1649/1412 1489/1650/1450
f 1468/1651/1429 1519/1647/1480 1489/1650/1450 1442/1652/1403
f 1445/1645/1406 1474/1653/1435 1520/1654/1481 1486/1646/1447
f 1474/1653/1435 1435/1655/1396 1481/1656/1442 1520/1654/1481
f 1520/1657/1481 1481/1658/1442 1448/1659/1409 1487/1660/1448
f 1486/1661/1447 1520/1657/1481 1487/1660/1448 1451/1662/1412
f 1451/1662/1412 1487/1660/1448 1521/1663/1482 1488/1664/1449
f 1487/1660/1448 1448/1659/1409 1480/1665/1441 1521/1663/1482
f 1521/1663/1482 1480/1665/1441 1437/1666/1398 1463/1667/1424
f 1488/1664/1449 1521/1663/1482 1463/1667/1424 1439/1668/1400
f 1442/1652/1403 1489/1650/1450 1522/1669/1483 1469/1670/1430
f 1489/1650/1450 1451/1649/1412 1488/1671/1449 1522/1669/1483
f 1522/1669/1483 1488/1671/1449 1439/1672/1400 1462/1673/1423
f 1469/1670/1430 1522/1669/1483 1462/1673/1423 1433/1674/1394
f 1436/1675/1397 1477/1676/1438 1523/1677/1484 1484/1678/1445
f 1477/1676/1438 1446/1679/1407 1490/1680/1451 1523/1677/1484
f 1523/1677/1484 1490/1680/1451 1452/1681/1413 1493/1682/1454
f 1484/1678/1445 1523/1677/1484 1493/1682/1454 1450/1683/1411
f 1446/1679/1407 1476/1684/1437 1524/1685/1485 1490/1680/1451
f 1476/1684/1437 1432/1686/1393 1471/1687/1432 1524/1685/1485
f 1524/1685/1485 1471/1687/1432 1443/1688/1404 1491/1689/1452
f 1490/1680/1451 1524/1685/1485 1491/1689/1452 1452/1681/1413
f 1452/1681/1413 1491/1689/1452 1525/1690/1486 1492/1691/1453
f 1491/1689/1452 1443/1688/1404 1470/1692/1431 1525/1690/1486
f 1525/1690/1486 1470/1692/1431 1434/1693/1395 1465/1694/1426
f 1492/1691/1453 1525/1690/1486 1465/1694/1426 1440/1695/1401
f 1450/1683/1411 1493/1682/1454 1526/1696/1487 1485/1697/1446
f 1493/1682/1454 1452/1681/1413 1492/1691/1453 1526/1696/1487
f 1526/1696/1487 1492/1691/1453 1440/1698/1401 1464/1699/1425
f 1485/1697/1446 1526/1696/1487 1464/1699/1425 1438/1700/1399
f 1434/1693/1395 1467/1701/1428 1527/1702/1488 1465/1703/1426
f 1467/1701/1428 1459/1704/1420 1514/1705/1475 1527/1702/1488
f 1527/1702/1488 1514/1705/1475 1458/1706/1419 1511/1707/1472
f 1465/1703/1426 1527/1702/1488 1511/1707/1472 1440/1708/1401
f 1441/1709/1402 1466/1710/1427 1528/1711/1489 1494/1712/1455
f 1466/1710/1427 1433/1674/1394 1462/1673/1423 1528/1711/1489
f 1528/1711/1489 1462/1673/1423 1439/1713/1400 1495/1714/1456
f 1494/1712/1455 1528/1711/1489 1495/1714/1456 1453/1715/1414
f 1453/1715/1414 1495/1714/1456 1529/1716/1490 1496/1717/1457
f 1495/1714/1456 1439/1713/1400 1463/1667/1424 1529/1716/1490
f 1529/1716/1490 1463/1667/1424 1437/1666/1398 1483/1718/1444
f 1496/1717/1457 1529/1716/1490 1483/1718/1444 1449/1719/1410
f 1440/1708/1401 1511/1707/1472 1530/1720/1491 1464/1721/1425
f 1511/1707/1472 1458/1706/1419 1517/1722/1478 1530/1720/1491
f 1530/1720/1491 1517/1722/1478 1461/1723/1422 1516/1724/1477
f 1464/1721/1425 1530/1720/1491 1516/1724/1477 1438/1700/1399
f 1460/1725/1421 1509/1726/1470 1531/1727/1492 1515/1728/1476
f 1456/1729/1417 1508/1730/1469 1531/1727/1492 1509/1726/1470
f 1447/1731/1408 1479/1732/1440 1531/1727/1492 1508/1733/1469
f 1436/1675/1397 1484/1678/1445 1531/1727/1492 1479/1732/1440
f 1450/1683/1411 1515/1728/1476 1531/1727/1492 1484/1678/1445
f 1444/1734/1405 1472/1735/1433 1532/1736/1493 1498/1737/1459
f 1472/1735/1433 1431/1641/1392 1468/1644/1429 1532/1736/1493
f 1532/1738/1493 1468/1651/1429 1442/1652/1403 1499/1739/1460
f 1498/1740/1459 1532/1738/1493 1499/1739/1460 1454/1741/1415
f 1454/1741/1415 1499/1739/1460 1533/1742/1494 1500/1743/1461
f 1499/1739/1460 1442/1652/1403 1469/1670/1430 1533/1742/1494
f 1533/1742/1494 1469/1670/1430 1433/1674/1394 1466/1710/1427
f 1500/1743/1461 1533/1742/1494 1466/1710/1427 1441/1709/1402
f 1443/1688/1404 1510/1744/1471 1534/1745/1495 1470/1692/1431
f 1510/1744/1471 1457/1746/1418 1513/1747/1474 1534/1745/1495
f 1534/1745/1495 1513/1747/1474 1459/1704/1420 1467/1701/1428
f 1470/1692/1431 1534/1745/1495 1467/1701/1428 1434/1693/1395
f 1436/1675/1397 1479/1732/1440 1535/1748/1496 1477/1676/1438
f 1479/1732/1440 1447/1731/1408 1502/1749/1463 1535/1748/1496
f 1535/1748/1496 1502/1749/1463 1455/1750/1416 1505/1751/1466
f 1477/1676/1438 1535/1748/1496 1505/1751/1466 1446/1679/1407
f 1447/1731/1408 1478/1752/1439 1536/1753/1497 1502/1749/1463
f 1478/1752/1439 1435/1655/1396 1474/1653/1435 1536/1753/1497
f 1536/1753/1497 1474/1653/1435 1445/1645/1406 1503/1754/1464
f 1502/1749/1463 1536/1753/1497 1503/1754/1464 1455/1750/1416
f 1455/1750/1416 1503/1754/1464 1537/1755/1498 1504/1756/1465
f 1503/1754/1464 1445/1645/1406 1475/1642/1436 1537/1755/1498
f 1537/1755/1498 1475/1642/1436 1431/1641/1392 1472/1735/1433
f 1504/1756/1465 1537/1755/1498 1472/1735/1433 1444/1734/1405
f 1446/1679/1407 1505/1751/1466 1538/1757/1499 1476/1684/1437
f 1505/1751/1466 1455/1750/1416 1504/1756/1465 1538/1757/1499
f 1538/1757/1499 1504/1756/1465 1444/1734/1405 1473/1758/1434
f 1476/1684/1437 1538/1757/1499 1473/1758/1434 1432/1686/1393
f 1438/1700/1399 1516/1724/1477 1539/1759/1500 1485/1697/1446
f 1516/1724/1477 1461/1723/1422 1518/1760/1479 1539/1759/1500
f 1539/1759/1500 1518/1760/1479 1460/1725/1421 1515/1728/1476
f 1485/1697/1446 1539/1759/1500 1515/1728/1476 1450/1683/1411
f 1449/1719/1410 1483/1718/1444 1540/1761/1501 1506/1762/1467
f 1483/1718/1444 1437/1666/1398 1480/1665/1441 1540/1761/1501
f 1540/1761/1501 1480/1665/1441 1448/1659/1409 1507/1763/1468
f 1506/1762/1467 1540/1761/1501 1507/1763/1468 1456/1729/1417
f 1456/1729/1417 1507/1763/1468 1541/1764/1502 1508/1730/1469
f 1507/1763/1468 1448/1659/1409 1481/1658/1442 1541/1764/1502
f 1541/1765/1502 1481/1656/1442 1435/1655/1396 1478/1752/1439
f 1508/1733/1469 1541/1765/1502 1478/1752/1439 1447/1731/1408
f 1459/1704/1420 1513/1747/1474 1542/1766/1503 1512/1767/1473
f 1513/1747/1474 1457/1746/1418 1501/1768/1462 1542/1766/1503
f 1542/1766/1503 1501/1768/1462 1454/1741/1415 1500/1743/1461
f 1512/1767/1473 1542/1766/1503 1500/1743/1461 1441/1709/1402
f 1458/1706/1419 1514/1705/1475 1543/1769/1504 1497/1770/1458
f 1514/1705/1475 1459/1704/1420 1512/1767/1473 1543/1769/1504
f 1543/1769/1504 1512/1767/1473 1441/1709/1402 1494/1712/1455
f 1497/1770/1458 1543/1769/1504 1494/1712/1455 1453/1715/1414
f 1461/1723/1422 1517/1722/1478 1544/1771/1505 1482/1772/1443
f 1517/1722/1478 1458/1706/1419 1497/1770/1458 1544/1771/1505
f 1544/1771/1505 1497/1770/1458 1453/1715/1414 1496/1717/1457
f 1482/1772/1443 1544/1771/1505 1496/1717/1457 1449/1719/1410
f 1460/1725/1421 1518/1760/1479 1545/1773/1506 1509/1726/1470
f 1518/1760/1479 1461/1723/1422 1482/1772/1443 1545/1773/1506
f 1545/1773/1506 1482/1772/1443 1449/1719/1410 1506/1762/1467
f 1509/1726/1470 1545/1773/1506 1506/1762/1467 1456/1729/1417
f 1457/1746/1418 1510/1744/1471 1546/1774/1507 1501/1768/1462
f 1443/1688/1404 1471/1687/1432 1546/1774/1507 1510/1744/1471
f 1432/1686/1393 1473/1758/1434 1546/1774/1507 1471/1687/1432
f 1444/1734/1405 1498/1737/1459 1546/1774/1507 1473/1758/1434
f 1454/1741/1415 1501/1768/1462 1546/1774/1507 1498/1740/1459
f 1577/1775/1538 1588/1776/1549 1659/1777/1620 1658/1778/1619
f 1588/1776/1549 1548/1779/1509 1589/1780/1550 1659/1777/1620
f 1659/1781/1620 1589/1782/1550 1550/1783/1511 1640/1784/1601
f 1658/1785/1619 1659/1781/1620 1640/1784/1601 1578/1786/1539
f 1584/1787/1545 1646/1788/1607 1660/1789/1621 1657/1790/1618
f 1646/1788/1607 1565/1791/1526 1592/1792/1553 1660/1789/1621
f 1660/1789/1621 1592/1792/1553 1554/1793/1515 1641/1794/1602
f 1657/1790/1618 1660/1789/1621 1641/1794/1602 1579/1795/1540
f 1579/1795/1540 1641/1794/1602 1661/1796/1622 1656/1797/1617
f 1641/1794/1602 1554/1793/1515 1595/1798/1556 1661/1796/1622
f 1661/1799/1622 1595/1800/1556 1552/1801/1513 1642/1802/1603
f 1656/1803/1617 1661/1799/1622 1642/1802/1603 1580/1804/1541
f 1586/1805/1547 1648/1806/1609 1662/1807/1623 1655/1808/1616
f 1648/1806/1609 1572/1809/1533 1598/1810/1559 1662/1807/1623
f 1662/1807/1623 1598/1810/1559 1548/1779/1509 1588/1776/1549
f 1655/1808/1616 1662/1807/1623 1588/1776/1549 1577/1775/1538
f 1574/1811/1535 1631/1812/1592 1663/1813/1624 1637/1814/1598
f 1631/1812/1592 1550/1783/1511 1589/1782/1550 1663/1813/1624
f 1663/1815/1624 1589/1780/1550 1548/1779/1509 1598/1810/1559
f 1637/1816/1598 1663/1815/1624 1598/1810/1559 1572/1809/1533
f 1575/1817/1536 1636/1818/1597 1664/1819/1625 1632/1820/1593
f 1636/1818/1597 1573/1821/1534 1603/1822/1564 1664/1819/1625
f 1664/1819/1625 1603/1822/1564 1555/1823/1516 1599/1824/1560
f 1632/1820/1593 1664/1819/1625 1599/1824/1560 1547/1825/1508
f 1553/1826/1514 1593/1827/1554 1665/1828/1626 1594/1829/1555
f 1593/1827/1554 1557/1830/1518 1604/1831/1565 1665/1828/1626
f 1665/1832/1626 1604/1833/1565 1558/1834/1519 1596/1835/1557
f 1594/1836/1555 1665/1832/1626 1596/1835/1557 1551/1837/1512
f 1568/1838/1529 1626/1839/1587 1666/1840/1627 1620/1841/1581
f 1626/1839/1587 1567/1842/1528 1605/1843/1566 1666/1840/1627
f 1666/1840/1627 1605/1843/1566 1557/1830/1518 1593/1827/1554
f 1620/1841/1581 1666/1840/1627 1593/1827/1554 1553/1826/1514
f 1547/1825/1508 1599/1824/1560 1667/1844/1628 1587/1845/1548
f 1599/1824/1560 1555/1823/1516 1606/1846/1567 1667/1844/1628
f 1667/1847/1628 1606/1848/1567 1556/1849/1517 1590/1850/1551
f 1587/1851/1548 1667/1847/1628 1590/1850/1551 1549/1852/1510
f 1571/1853/1532 1635/1854/1596 1668/1855/1629 1628/1856/1589
f 1635/1854/1596 1576/1857/1537 1612/1858/1573 1668/1855/1629
f 1668/1855/1629 1612/1858/1573 1564/1859/1525 1613/1860/1574
f 1628/1856/1589 1668/1855/1629 1613/1860/1574 1559/1861/1520
f 1566/1862/1527 1625/1863/1586 1669/1864/1630 1618/1865/1579
f 1625/1863/1586 1570/1866/1531 1611/1867/1572 1669/1864/1630
f 1669/1864/1630 1611/1867/1572 1563/1868/1524 1614/1869/1575
f 1618/1865/1579 1669/1864/1630 1614/1869/1575 1561/1870/1522
f 1583/1871/1544 1645/1872/1606 1670/1873/1631 1654/1874/1615
f 1645/1872/1606 1569/1875/1530 1610/1876/1571 1670/1873/1631
f 1670/1873/1631 1610/1876/1571 1562/1877/1523 1643/1878/1604
f 1654/1874/1615 1670/1873/1631 1643/1878/1604 1581/1879/1542
f 1585/1880/1546 1647/1881/1608 1671/1882/1632 1653/1883/1614
f 1647/1881/1608 1574/1811/1535 1608/1884/1569 1671/1882/1632
f 1671/1882/1632 1608/1884/1569 1560/1885/1521 1644/1886/1605
f 1653/1883/1614 1671/1882/1632 1644/1886/1605 1582/1887/1543
f 1580/1804/1541 1642/1802/1603 1672/1888/1633 1652/1889/1613
f 1642/1802/1603 1552/1801/1513 1621/1890/1582 1672/1888/1633
f 1672/1888/1633 1621/1890/1582 1569/1875/1530 1645/1872/1606
f 1652/1889/1613 1672/1888/1633 1645/1872/1606 1583/1871/1544
f 1554/1793/1515 1592/1792/1553 1673/1891/1634 1595/1798/1556
f 1592/1792/1553 1565/1791/1526 1624/1892/1585 1673/1891/1634
f 1673/1893/1634 1624/1894/1585 1569/1875/1530 1621/1890/1582
f 1595/1800/1556 1673/1893/1634 1621/1890/1582 1552/1801/1513
f 1551/1837/1512 1596/1835/1557 1674/1895/1635 1597/1896/1558
f 1596/1835/1557 1558/1834/1519 1622/1897/1583 1674/1895/1635
f 1674/1895/1635 1622/1897/1583 1570/1866/1531 1625/1863/1586
f 1597/1896/1558 1674/1895/1635 1625/1863/1586 1566/1862/1527
f 1559/1861/1520 1613/1860/1574 1675/1898/1636 1607/1899/1568
f 1613/1860/1574 1564/1859/1525 1619/1900/1580 1675/1898/1636
f 1675/1898/1636 1619/1900/1580 1567/1842/1528 1626/1839/1587
f 1607/1899/1568 1675/1898/1636 1626/1839/1587 1568/1838/1529
f 1582/1887/1543 1644/1886/1605 1676/1901/1637 1651/1902/1612
f 1644/1886/1605 1560/1885/1521 1617/1903/1578 1676/1901/1637
f 1676/1901/1637 1617/1903/1578 1565/1791/1526 1646/1788/1607
f 1651/1902/1612 1676/1901/1637 1646/1788/1607 1584/1787/1545
f 1578/1786/1539 1640/1784/1601 1677/1904/1638 1650/1905/1611
f 1640/1784/1601 1550/1783/1511 1631/1812/1592 1677/1904/1638
f 1677/1904/1638 1631/1812/1592 1574/1811/1535 1647/1881/1608
f 1650/1905/1611 1677/1904/1638 1647/1881/1608 1585/1880/1546
f 1549/1852/1510 1590/1850/1551 1678/1906/1639 1591/1907/1552
f 1590/1850/1551 1556/1849/1517 1633/1908/1594 1678/1906/1639
f 1678/1906/1639 1633/1908/1594 1576/1857/1537 1635/1854/1596
f 1591/1907/1552 1678/1906/1639 1635/1854/1596 1571/1853/1532
f 1561/1870/1522 1614/1869/1575 1679/1909/1640 1609/1910/1570
f 1614/1869/1575 1563/1868/1524 1630/1911/1591 1679/1909/1640
f 1679/1909/1640 1630/1911/1591 1573/1821/1534 1636/1818/1597
f 1609/1910/1570 1679/1909/1640 1636/1818/1597 1575/1817/1536
f 1581/1879/1542 1643/1878/1604 1680/1912/1641 1649/1913/1610
f 1643/1878/1604 1562/1877/1523 1629/1914/1590 1680/1912/1641
f 1680/1912/1641 1629/1914/1590 1572/1809/1533 1648/1806/1609
f 1649/1913/1610 1680/1912/1641 1648/1806/1609 1586/1805/1547
f 1563/1868/1524 1615/1915/1576 1681/1916/1642 1630/1911/1591
f 1615/1915/1576 1581/1879/1542 1649/1913/1610 1681/1916/1642
f 1681/1916/1642 1649/1913/1610 1586/1805/1547 1638/1917/1599
f 1630/1911/1591 1681/1916/1642 1638/1917/1599 1573/1821/1534
f 1556/1849/1517 1600/1918/1561 1682/1919/1643 1633/1908/1594
f 1600/1918/1561 1578/1786/1539 1650/1905/1611 1682/1919/1643
f 1682/1919/1643 1650/1905/1611 1585/1880/1546 1634/1920/1595
f 1633/1908/1594 1682/1919/1643 1634/1920/1595 1576/1857/1537
f 1564/1859/1525 1616/1921/1577 1683/1922/1644 1619/1900/1580
f 1616/1921/1577 1582/1887/1543 1651/1902/1612 1683/1922/1644
f 1683/1922/1644 1651/1902/1612 1584/1787/1545 1627/1923/1588
f 1619/1900/1580 1683/1922/1644 1627/1923/1588 1567/1842/1528
f 1558/1834/1519 1602/1924/1563 1684/1925/1645 1622/1897/1583
f 1602/1924/1563 1580/1804/1541 1652/1889/1613 1684/1925/1645
f 1684/1925/1645 1652/1889/1613 1583/1871/1544 1623/1926/1584
f 1622/1897/1583 1684/1925/1645 1623/1926/1584 1570/1866/1531
f 1576/1857/1537 1634/1920/1595 1685/1927/1646 1612/1858/1573
f 1634/1920/1595 1585/1880/1546 1653/1883/1614 1685/1927/1646
f 1685/1927/1646 1653/1883/1614 1582/1887/1543 1616/1921/1577
f 1612/1858/1573 1685/1927/1646 1616/1921/1577 1564/1859/1525
f 1570/1866/1531 1623/1926/1584 1686/1928/1647 1611/1867/1572
f 1623/1926/1584 1583/1871/1544 1654/1874/1615 1686/1928/1647
f 1686/1928/1647 1654/1874/1615 1581/1879/1542 1615/1915/1576
f 1611/1867/1572 1686/1928/1647 1615/1915/1576 1563/1868/1524
f 1573/1821/1534 1638/1917/1599 1687/1929/1648 1603/1822/1564
f 1638/1917/1599 1586/1805/1547 1655/1808/1616 1687/1929/1648
f 1687/1929/1648 1655/1808/1616 1577/1775/1538 1639/1930/1600
f 1603/1822/1564 1687/1929/1648 1639/1930/1600 1555/1823/1516
f 1557/1830/1518 1601/1931/1562 1688/1932/1649 1604/1831/1565
f 1601/1931/1562 1579/1795/1540 1656/1797/1617 1688/1932/1649
f 1688/1933/1649 1656/1803/1617 1580/1804/1541 1602/1924/1563
f 1604/1833/1565 1688/1933/1649 1602/1924/1563 1558/1834/1519
f 1567/1842/1528 1627/1923/1588 1689/1934/1650 1605/1843/1566
f 1627/1923/1588 1584/1787/1545 1657/1790/1618 1689/1934/1650
f 1689/1934/1650 1657/1790/1618 1579/1795/1540 1601/1931/1562
f 1605/1843/1566 1689/1934/1650 1601/1931/1562 1557/1830/1518
f 1555/1823/1516 1639/1930/1600 1690/1935/1651 1606/1846/1567
f 1639/1930/1600 1577/1775/1538 1658/1778/1619 1690/1935/1651
f 1690/1936/1651 1658/1785/1619 1578/1786/1539 1600/1918/1561
f 1606/1848/1567 1690/1936/1651 1600/1918/1561 1556/1849/1517
f 1728/1937/1689 1796/1938/1757 1808/1939/1769 1750/1940/1711
f 1796/1941/1757 1725/1942/1686 1787/1943/1748 1808/1944/1769
f 1808/1944/1769 1787/1943/1748 1706/1945/1667 1751/1946/1712
f 1750/1940/1711 1808/1939/1769 1751/1947/1712 1705/1948/1666
f 1727/1949/1688 1795/1950/1756 1809/1951/1770 1749/1952/1710
f 1795/1953/1756 1723/1954/1684 1785/1955/1746 1809/1956/1770
f 1809/1956/1770 1785/1955/1746 1702/1957/1663 1752/1958/1713
f 1749/1952/1710 1809/1951/1770 1752/1959/1713 1703/1960/1664
f 1725/1942/1686 1794/1961/1755 1810/1962/1771 1787/1943/1748
f 1794/1961/1755 1724/1963/1685 1786/1964/1747 1810/1962/1771
f 1810/1962/1771 1786/1964/1747 1704/1965/1665 1753/1966/1714
f 1787/1943/1748 1810/1962/1771 1753/1966/1714 1706/1945/1667
f 1726/1967/1687 1793/1968/1754 1811/1969/1772 1748/1970/1709
f 1793/1968/1754 1728/1937/1689 1750/1940/1711 1811/1969/1772
f 1811/1969/1772 1750/1940/1711 1705/1948/1666 1754/1971/1715
f 1748/1970/1709 1811/1969/1772 1754/1971/1715 1701/1972/1662
f 1723/1954/1684 1792/1973/1753 1812/1974/1773 1785/1955/1746
f 1792/1973/1753 1726/1967/1687 1748/1970/1709 1812/1974/1773
f 1812/1974/1773 1748/1970/1709 1701/1972/1662 1755/1975/1716
f 1785/1955/1746 1812/1974/1773 1755/1975/1716 1702/1957/1663
f 1724/1963/1685 1791/1976/1752 1813/1977/1774 1786/1964/1747
f 1791/1976/1752 1727/1949/1688 1749/1952/1710 1813/1977/1774
f 1813/1977/1774 1749/1952/1710 1703/1960/1664 1756/1978/1717
f 1786/1964/1747 1813/1977/1774 1756/1978/1717 1704/1965/1665
f 1725/1942/1686 1796/1941/1757 1814/1979/1775 1805/1980/1766
f 1796/1938/1757 1728/1937/1689 1806/1981/1767 1814/1982/1775
f 1814/1982/1775 1806/1981/1767 1712/1983/1673 1759/1984/1720
f 1805/1980/1766 1814/1979/1775 1759/1985/1720 1711/1986/1672
f 1728/1937/1689 1807/1987/1768 1815/1988/1776 1806/1981/1767
f 1807/1987/1768 1729/1989/1690 1797/1990/1758 1815/1988/1776
f 1815/1988/1776 1797/1990/1758 1708/1991/1669 1760/1992/1721
f 1806/1981/1767 1815/1988/1776 1760/1992/1721 1712/1983/1673
f 1731/1993/1692 1803/1994/1764 1816/1995/1777 1757/1996/1718
f 1803/1997/1764 1730/1998/1691 1798/1999/1759 1816/2000/1777
f 1816/2000/1777 1798/1999/1759 1710/2001/1671 1761/2002/1722
f 1757/1996/1718 1816/1995/1777 1761/2003/1722 1707/2004/1668
f 1732/2005/1693 1804/2006/1765 1817/2007/1778 1758/2008/1719
f 1804/2006/1765 1725/1942/1686 1805/1980/1766 1817/2007/1778
f 1817/2007/1778 1805/1980/1766 1711/1986/1672 1762/2009/1723
f 1758/2008/1719 1817/2007/1778 1762/2009/1723 1709/2010/1670
f 1729/1989/1690 1802/2011/1763 1818/2012/1779 1797/1990/1758
f 1802/2011/1763 1731/1993/1692 1757/1996/1718 1818/2012/1779
f 1818/2012/1779 1757/1996/1718 1707/2004/1668 1763/2013/1724
f 1797/1990/1758 1818/2012/1779 1763/2013/1724 1708/1991/1669
f 1730/1998/1691 1801/2014/1762 1819/2015/1780 1798/1999/1759
f 1801/2014/1762 1732/2005/1693 1758/2008/1719 1819/2015/1780
f 1819/2015/1780 1758/2008/1719 1709/2010/1670 1764/2016/1725
f 1798/1999/1759 1819/2015/1780 1764/2016/1725 1710/2001/1671
f 1696/2017/1657 1739/2018/1700 1820/2019/1781 1775/2020/1736
f 1739/2018/1700 1697/2021/1658 1776/2022/1737 1820/2019/1781
f 1820/2019/1781 1776/2022/1737 1719/2023/1680 1771/2024/1732
f 1775/2020/1736 1820/2019/1781 1771/2024/1732 1718/2025/1679
f 1698/2026/1659 1737/2027/1698 1821/2028/1782 1777/2029/1738
f 1737/2027/1698 1695/2030/1656 1778/2031/1739 1821/2028/1782
f 1821/2028/1782 1778/2031/1739 1717/2032/1678 1769/2033/1730
f 1777/2029/1738 1821/2028/1782 1769/2033/1730 1720/2034/1681
f 1699/2035/1660 1734/2036/1695 1822/2037/1783 1779/2038/1740
f 1734/2036/1695 1692/2039/1653 1780/2040/1741 1822/2037/1783
f 1822/2037/1783 1780/2040/1741 1714/2041/1675 1766/2042/1727
f 1779/2038/1740 1822/2037/1783 1766/2042/1727 1721/2043/1682
f 1694/2044/1655 1740/2045/1701 1823/2046/1784 1781/2047/1742
f 1740/2045/1701 1698/2026/1659 1777/2029/1738 1823/2046/1784
f 1823/2046/1784 1777/2029/1738 1720/2034/1681 1772/2048/1733
f 1781/2047/1742 1823/2046/1784 1772/2048/1733 1716/2049/1677
f 1700/2050/1661 1738/2051/1699 1824/2052/1785 1782/2053/1743
f 1738/2051/1699 1696/2017/1657 1775/2020/1736 1824/2052/1785
f 1824/2052/1785 1775/2020/1736 1718/2025/1679 1770/2054/1731
f 1782/2053/1743 1824/2052/1785 1770/2054/1731 1722/2055/1683
f 1693/2056/1654 1735/2057/1696 1825/2058/1786 1783/2059/1744
f 1735/2060/1696 1694/2044/1655 1781/2047/1742 1825/2061/1786
f 1825/2061/1786 1781/2047/1742 1716/2049/1677 1767/2062/1728
f 1783/2059/1744 1825/2058/1786 1767/2063/1728 1715/2064/1676
f 1695/2030/1656 1741/2065/1702 1826/2066/1787 1778/2031/1739
f 1741/2065/1702 1699/2035/1660 1779/2038/1740 1826/2066/1787
f 1826/2066/1787 1779/2038/1740 1721/2043/1682 1773/2067/1734
f 1778/2031/1739 1826/2066/1787 1773/2067/1734 1717/2032/1678
f 1697/2021/1658 1736/2068/1697 1827/2069/1788 1776/2022/1737
f 1736/2068/1697 1693/2056/1654 1783/2059/1744 1827/2069/1788
f 1827/2069/1788 1783/2059/1744 1715/2064/1676 1768/2070/1729
f 1776/2022/1737 1827/2069/1788 1768/2070/1729 1719/2023/1680
f 1691/2071/1652 1742/2072/1703 1828/2073/1789 1784/2074/1745
f 1742/2072/1703 1700/2050/1661 1782/2053/1743 1828/2073/1789
f 1828/2073/1789 1782/2053/1743 1722/2055/1683 1774/2075/1735
f 1784/2074/1745 1828/2073/1789 1774/2075/1735 1713/2076/1674
f 1692/2039/1653 1733/2077/1694 1829/2078/1790 1780/2040/1741
f 1733/2079/1694 1691/2071/1652 1784/2074/1745 1829/2080/1790
f 1829/2080/1790 1784/2074/1745 1713/2076/1674 1765/2081/1726
f 1780/2040/1741 1829/2078/1790 1765/2082/1726 1714/2041/1675
f 1698/2026/1659 1740/2045/1701 1830/2083/1791 1744/2084/1705
f 1740/2045/1701 1694/2044/1655 1789/2085/1750 1830/2083/1791
f 1830/2083/1791 1789/2085/1750 1727/1949/1688 1791/1976/1752
f 1744/2084/1705 1830/2083/1791 1791/1976/1752 1724/1963/1685
f 1693/2056/1654 1736/2068/1697 1831/2086/1792 1743/2087/1704
f 1736/2068/1697 1697/2021/1658 1788/2088/1749 1831/2086/1792
f 1831/2086/1792 1788/2088/1749 1726/1967/1687 1792/1973/1753
f 1743/2087/1704 1831/2086/1792 1792/1973/1753 1723/1954/1684
f 1697/2021/1658 1739/2018/1700 1832/2089/1793 1788/2088/1749
f 1739/2018/1700 1696/2017/1657 1790/2090/1751 1832/2089/1793
f 1832/2089/1793 1790/2090/1751 1728/1937/1689 1793/1968/1754
f 1788/2088/1749 1832/2089/1793 1793/1968/1754 1726/1967/1687
f 1695/2030/1656 1737/2027/1698 1833/2091/1794 1745/2092/1706
f 1737/2027/1698 1698/2026/1659 1744/2084/1705 1833/2091/1794
f 1833/2091/1794 1744/2084/1705 1724/1963/1685 1794/1961/1755
f 1745/2092/1706 1833/2091/1794 1794/1961/1755 1725/1942/1686
f 1694/2044/1655 1735/2060/1696 1834/2093/1795 1789/2085/1750
f 1735/2057/1696 1693/2056/1654 1743/2087/1704 1834/2094/1795
f 1834/2094/1795 1743/2087/1704 1723/1954/1684 1795/1953/1756
f 1789/2085/1750 1834/2093/1795 1795/1950/1756 1727/1949/1688
f 1692/2039/1653 1734/2036/1695 1835/2095/1796 1747/2096/1708
f 1734/2036/1695 1699/2035/1660 1800/2097/1761 1835/2095/1796
f 1835/2095/1796 1800/2097/1761 1732/2005/1693 1801/2014/1762
f 1747/2096/1708 1835/2095/1796 1801/2014/1762 1730/1998/1691
f 1700/2050/1661 1742/2072/1703 1836/2098/1797 1746/2099/1707
f 1742/2072/1703 1691/2071/1652 1799/2100/1760 1836/2098/1797
f 1836/2098/1797 1799/2100/1760 1731/1993/1692 1802/2011/1763
f 1746/2099/1707 1836/2098/1797 1802/2011/1763 1729/1989/1690
f 1699/2035/1660 1741/2065/1702 1837/2101/1798 1800/2097/1761
f 1741/2065/1702 1695/2030/1656 1745/2092/1706 1837/2101/1798
f 1837/2101/1798 1745/2092/1706 1725/1942/1686 1804/2006/1765
f 1800/2097/1761 1837/2101/1798 1804/2006/1765 1732/2005/1693
f 1691/2071/1652 1733/2079/1694 1838/2102/1799 1799/2100/1760
f 1733/2077/1694 1692/2039/1653 1747/2096/1708 1838/2103/1799
f 1838/2103/1799 1747/2096/1708 1730/1998/1691 1803/1997/1764
f 1799/2100/1760 1838/2102/1799 1803/1994/1764 1731/1993/1692
f 1696/2017/1657 1738/2051/1699 1839/2104/1800 1790/2090/1751
f 1738/2051/1699 1700/2050/1661 1746/2099/1707 1839/2104/1800
f 1839/2104/1800 1746/2099/1707 1729/1989/1690 1807/1987/1768
f 1790/2090/1751 1839/2104/1800 1807/1987/1768 1728/1937/1689
f 1845/2105/1804 1848/2106/1804 1843/2107/1802 1842/2108/1802
f 1848/2106/1804 1845/2105/1804 1847/2109/1806 1850/2110/1806
f 1850/2110/1806 1847/2109/1806 1846/2111/1805 1851/2112/1805
f 1851/2112/1805 1846/2111/1805 1844/2113/1803 1849/2114/1803
f 1840/2115/1801 1841/2116/1801 1849/2114/1803 1844/2113/1803
f 1875/2117/1830 1928/2118/1883 1946/2119/1901 1922/2120/1877
f 1928/2118/1883 1871/2121/1826 1918/2122/1873 1946/2119/1901
f 1946/2119/1901 1918/2122/1873 1855/2123/1810 1887/2124/1842
f 1922/2120/1877 1946/2119/1901 1887/2124/1842 1861/2125/1816
f 1884/2126/1839 1927/2127/1882 1947/2128/1902 1945/2129/1900
f 1927/2127/1882 1872/2130/1827 1919/2131/1874 1947/2128/1902
f 1947/2128/1902 1919/2131/1874 1859/2132/1814 1890/2133/1845
f 1945/2129/1900 1947/2128/1902 1890/2133/1845 1877/2134/1832
f 1874/2135/1829 1926/2136/1881 1948/2137/1903 1921/2138/1876
f 1926/2136/1881 1873/2139/1828 1920/2140/1875 1948/2137/1903
f 1948/2137/1903 1920/2140/1875 1857/2141/1812 1893/2142/1848
f 1921/2138/1876 1948/2137/1903 1893/2142/1848 1863/2143/1818
f 1883/2144/1838 1925/2145/1880 1949/2146/1904 1944/2147/1899
f 1925/2145/1880 1870/2148/1825 1886/2149/1841 1949/2146/1904
f 1949/2146/1904 1886/2149/1841 1853/2150/1808 1896/2151/1851
f 1944/2147/1899 1949/2146/1904 1896/2151/1851 1879/2152/1834
f 1881/2153/1836 1943/2154/1898 1950/2155/1905 1913/2156/1868
f 1943/2154/1898 1876/2157/1831 1889/2158/1844 1950/2155/1905
f 1950/2155/1905 1889/2158/1844 1854/2159/1809 1899/2160/1854
f 1913/2156/1868 1950/2155/1905 1899/2160/1854 1864/2161/1819
f 1880/2162/1835 1942/2163/1897 1951/2164/1906 1932/2165/1887
f 1942/2163/1897 1879/2152/1834 1896/2151/1851 1951/2164/1906
f 1951/2164/1906 1896/2151/1851 1853/2150/1808 1898/2166/1853
f 1932/2165/1887 1951/2164/1906 1898/2166/1853 1861/2167/1816
f 1877/2134/1832 1941/2168/1896 1952/2169/1907 1929/2170/1884
f 1941/2168/1896 1880/2171/1835 1932/2172/1887 1952/2169/1907
f 1952/2169/1907 1932/2172/1887 1861/2125/1816 1887/2124/1842
f 1929/2170/1884 1952/2169/1907 1887/2124/1842 1855/2123/1810
f 1865/2173/1820 1934/2174/1889 1953/2175/1908 1906/2176/1861
f 1934/2174/1889 1882/2177/1837 1937/2178/1892 1953/2175/1908
f 1953/2175/1908 1937/2178/1892 1884/2126/1839 1936/2179/1891
f 1906/2176/1861 1953/2175/1908 1936/2179/1891 1871/2121/1826
f 1872/2130/1827 1924/2180/1879 1954/2181/1909 1919/2131/1874
f 1924/2180/1879 1874/2182/1829 1921/2183/1876 1954/2181/1909
f 1954/2181/1909 1921/2183/1876 1863/2184/1818 1900/2185/1855
f 1919/2131/1874 1954/2181/1909 1900/2185/1855 1859/2132/1814
f 1870/2148/1825 1923/2186/1878 1955/2187/1910 1886/2149/1841
f 1923/2186/1878 1875/2188/1830 1922/2189/1877 1955/2187/1910
f 1955/2187/1910 1922/2189/1877 1861/2167/1816 1898/2166/1853
f 1886/2149/1841 1955/2187/1910 1898/2166/1853 1853/2150/1808
f 1882/2177/1837 1940/2190/1895 1956/2191/1911 1915/2192/1870
f 1940/2190/1895 1878/2193/1833 1895/2194/1850 1956/2191/1911
f 1956/2191/1911 1895/2194/1850 1852/2195/1807 1902/2196/1857
f 1915/2192/1870 1956/2191/1911 1902/2196/1857 1866/2197/1821
f 1867/2198/1822 1933/2199/1888 1957/2200/1912 1908/2201/1863
f 1933/2199/1888 1881/2153/1836 1938/2202/1893 1957/2200/1912
f 1957/2200/1912 1938/2202/1893 1883/2144/1838 1935/2203/1890
f 1908/2201/1863 1957/2200/1912 1935/2203/1890 1873/2139/1828
f 1868/2204/1823 1903/2205/1858 1958/2206/1913 1914/2207/1869
f 1903/2205/1858 1856/2208/1811 1905/2209/1860 1958/2206/1913
f 1958/2206/1913 1905/2209/1860 1860/2210/1815 1885/2211/1840
f 1914/2207/1869 1958/2206/1913 1885/2211/1840 1867/2198/1822
f 1864/2161/1819 1899/2160/1854 1959/2212/1914 1911/2213/1866
f 1899/2160/1854 1854/2159/1809 1888/2214/1843 1959/2212/1914
f 1959/2212/1914 1888/2214/1843 1858/2215/1813 1897/2216/1852
f 1911/2213/1866 1959/2212/1914 1897/2216/1852 1869/2217/1824
f 1878/2193/1833 1930/2218/1885 1960/2219/1915 1939/2220/1894
f 1862/2221/1817 1894/2222/1849 1960/2219/1915 1930/2218/1885
f 1858/2215/1813 1888/2214/1843 1960/2219/1915 1894/2222/1849
f 1854/2159/1809 1889/2158/1844 1960/2219/1915 1888/2214/1843
f 1876/2157/1831 1939/2220/1894 1960/2219/1915 1889/2158/1844
f 1866/2197/1821 1902/2196/1857 1961/2223/1916 1912/2224/1867
f 1902/2196/1857 1852/2195/1807 1891/2225/1846 1961/2223/1916
f 1961/2223/1916 1891/2225/1846 1856/2208/1811 1903/2226/1858
f 1912/2224/1867 1961/2223/1916 1903/2226/1858 1868/2227/1823
f 1864/2161/1819 1911/2213/1866 1962/2228/1917 1917/2229/1872
f 1911/2213/1866 1869/2217/1824 1910/2230/1865 1962/2228/1917
f 1962/2228/1917 1910/2230/1865 1875/2188/1830 1923/2186/1878
f 1917/2229/1872 1962/2228/1917 1923/2186/1878 1870/2148/1825
f 1866/2197/1821 1912/2224/1867 1963/2231/1918 1907/2232/1862
f 1912/2224/1867 1868/2227/1823 1909/2233/1864 1963/2231/1918
f 1963/2231/1918 1909/2233/1864 1874/2182/1829 1924/2180/1879
f 1907/2232/1862 1963/2231/1918 1924/2180/1879 1872/2130/1827
f 1881/2153/1836 1913/2156/1868 1964/2234/1919 1938/2202/1893
f 1913/2156/1868 1864/2161/1819 1917/2229/1872 1964/2234/1919
f 1964/2234/1919 1917/2229/1872 1870/2148/1825 1925/2145/1880
f 1938/2202/1893 1964/2234/1919 1925/2145/1880 1883/2144/1838
f 1868/2204/1823 1914/2207/1869 1965/2235/1920 1909/2236/1864
f 1914/2207/1869 1867/2198/1822 1908/2201/1863 1965/2235/1920
f 1965/2235/1920 1908/2201/1863 1873/2139/1828 1926/2136/1881
f 1909/2236/1864 1965/2235/1920 1926/2136/1881 1874/2135/1829
f 1882/2177/1837 1915/2192/1870 1966/2237/1921 1937/2178/1892
f 1915/2192/1870 1866/2197/1821 1907/2232/1862 1966/2237/1921
f 1966/2237/1921 1907/2232/1862 1872/2130/1827 1927/2127/1882
f 1937/2178/1892 1966/2237/1921 1927/2127/1882 1884/2126/1839
f 1869/2238/1824 1916/2239/1871 1967/2240/1922 1910/2241/1865
f 1916/2239/1871 1865/2173/1820 1906/2176/1861 1967/2240/1922
f 1967/2240/1922 1906/2176/1861 1871/2121/1826 1928/2118/1883
f 1910/2241/1865 1967/2240/1922 1928/2118/1883 1875/2117/1830
f 1869/2238/1824 1897/2242/1852 1968/2243/1923 1916/2239/1871
f 1897/2242/1852 1858/2215/1813 1894/2222/1849 1968/2243/1923
f 1968/2243/1923 1894/2222/1849 1862/2221/1817 1904/2244/1859
f 1916/2239/1871 1968/2243/1923 1904/2244/1859 1865/2173/1820
f 1856/2208/1811 1891/2225/1846 1969/2245/1924 1905/2209/1860
f 1852/2195/1807 1895/2194/1850 1969/2245/1924 1891/2225/1846
f 1878/2193/1833 1939/2220/1894 1969/2245/1924 1895/2194/1850
f 1876/2157/1831 1892/2246/1847 1969/2245/1924 1939/2220/1894
f 1860/2210/1815 1905/2209/1860 1969/2245/1924 1892/2246/1847
f 1865/2173/1820 1904/2244/1859 1970/2247/1925 1934/2174/1889
f 1904/2244/1859 1862/2221/1817 1930/2218/1885 1970/2247/1925
f 1970/2247/1925 1930/2218/1885 1878/2193/1833 1940/2190/1895
f 1934/2174/1889 1970/2247/1925 1940/2190/1895 1882/2177/1837
f 1859/2132/1814 1900/2185/1855 1971/2248/1926 1890/2133/1845
f 1900/2185/1855 1863/2184/1818 1901/2249/1856 1971/2248/1926
f 1971/2248/1926 1901/2249/1856 1880/2171/1835 1941/2168/1896
f 1890/2133/1845 1971/2248/1926 1941/2168/1896 1877/2134/1832
f 1863/2143/1818 1893/2142/1848 1972/2250/1927 1901/2251/1856
f 1893/2142/1848 1857/2141/1812 1931/2252/1886 1972/2250/1927
f 1972/2250/1927 1931/2252/1886 1879/2152/1834 1942/2163/1897
f 1901/2251/1856 1972/2250/1927 1942/2163/1897 1880/2162/1835
f 1867/2198/1822 1885/2211/1840 1973/2253/1928 1933/2199/1888
f 1885/2211/1840 1860/2210/1815 1892/2246/1847 1973/2253/1928
f 1973/2253/1928 1892/2246/1847 1876/2157/1831 1943/2154/1898
f 1933/2199/1888 1973/2253/1928 1943/2154/1898 1881/2153/1836
f 1873/2139/1828 1935/2203/1890 1974/2254/1929 1920/2140/1875
f 1935/2203/1890 1883/2144/1838 1944/2147/1899 1974/2254/1929
f 1974/2254/1929 1944/2147/1899 1879/2152/1834 1931/2252/1886
f 1920/2140/1875 1974/2254/1929 1931/2252/1886 1857/2141/1812
f 1871/2121/1826 1936/2179/1891 1975/2255/1930 1918/2122/1873
f 1936/2179/1891 1884/2126/1839 1945/2129/1900 1975/2255/1930
f 1975/2255/1930 1945/2129/1900 1877/2134/1832 1929/2170/1884
f 1918/2122/1873 1975/2255/1930 1929/2170/1884 1855/2123/1810
f 1987/2256/1942 2011/2257/1964 2021/2258/1971 2005/2259/1958
f 2011/2257/1964 1983/2260/1938 2001/2261/1954 2021/2258/1971
f 2021/2258/1971 2001/2261/1954 1977/2262/1932 1994/2263/1948
f 2005/2259/1958 2021/2258/1971 1994/2263/1948 1980/2264/1935
f 1992/2265/1946 2010/2266/1963 2022/2267/1972 2020/2268/1970
f 2010/2266/1963 1984/2269/1939 2002/2270/1955 2022/2267/1972
f 2022/2267/1972 2002/2270/1955 1979/2271/1934 1995/2272/1949
f 2020/2268/1970 2022/2267/1972 1995/2272/1949 1988/2273/1943
f 1986/2274/1941 2009/2275/1962 2023/2276/1973 2004/2277/1957
f 2009/2275/1962 1985/2278/1940 2003/2279/1956 2023/2276/1973
f 2023/2276/1973 2003/2279/1956 1978/2280/1933 1996/2281/1950
f 2004/2277/1957 2023/2276/1973 1996/2281/1950 1981/2282/1936
f 1991/2283/1945 2008/2284/1961 2024/2285/1974 2019/2286/1969
f 2008/2284/1961 1982/2287/1937 1993/2288/1947 2024/2285/1974
f 2024/2285/1974 1993/2288/1947 1976/2289/1931 1997/2290/1951
f 2019/2286/1969 2024/2285/1974 1997/2290/1951 1989/2291/1944
f 1990/2292/1835 2018/2293/1897 2025/2294/1906 2014/2295/1887
f 2018/2293/1897 1989/2291/1944 1997/2290/1951 2025/2294/1906
f 2025/2294/1906 1997/2290/1951 1976/2289/1931 1998/2296/1952
f 2014/2295/1887 2025/2294/1906 1998/2296/1952 1980/2297/1935
f 1988/2273/1943 2017/2298/1896 2026/2299/1907 2012/2300/1965
f 2017/2298/1896 1990/2301/1835 2014/2302/1887 2026/2299/1907
f 2026/2299/1907 2014/2302/1887 1980/2264/1935 1994/2263/1948
f 2012/2300/1965 2026/2299/1907 1994/2263/1948 1977/2262/1932
f 1984/2269/1939 2007/2303/1960 2027/2304/1975 2002/2270/1955
f 2007/2303/1960 1986/2305/1941 2004/2306/1957 2027/2304/1975
f 2027/2304/1975 2004/2306/1957 1981/2307/1936 1999/2308/1953
f 2002/2270/1955 2027/2304/1975 1999/2308/1953 1979/2271/1934
f 1982/2287/1937 2006/2309/1959 2028/2310/1976 1993/2288/1947
f 2006/2309/1959 1987/2311/1942 2005/2312/1958 2028/2310/1976
f 2028/2310/1976 2005/2312/1958 1980/2297/1935 1998/2296/1952
f 1993/2288/1947 2028/2310/1976 1998/2296/1952 1976/2289/1931
f 1979/2271/1934 1999/2308/1953 2029/2313/1926 1995/2272/1949
f 1999/2308/1953 1981/2307/1936 2000/2314/1856 2029/2313/1926
f 2029/2313/1926 2000/2314/1856 1990/2301/1835 2017/2298/1896
f 1995/2272/1949 2029/2313/1926 2017/2298/1896 1988/2273/1943
f 1981/2282/1936 1996/2281/1950 2030/2315/1927 2000/2316/1856
f 1996/2281/1950 1978/2280/1933 2013/2317/1966 2030/2315/1927
f 2030/2315/1927 2013/2317/1966 1989/2291/1944 2018/2293/1897
f 2000/2316/1856 2030/2315/1927 2018/2293/1897 1990/2292/1835
f 1985/2278/1940 2015/2318/1967 2031/2319/1977 2003/2279/1956
f 2015/2318/1967 1991/2283/1945 2019/2286/1969 2031/2319/1977
f 2031/2319/1977 2019/2286/1969 1989/2291/1944 2013/2317/1966
f 2003/2279/1956 2031/2319/1977 2013/2317/1966 1978/2280/1933
f 1983/2260/1938 2016/2320/1968 2032/2321/1978 2001/2261/1954
f 2016/2320/1968 1992/2265/1946 2020/2268/1970 2032/2321/1978
f 2032/2321/1978 2020/2268/1970 1988/2273/1943 2012/2300/1965
f 2001/2261/1954 2032/2321/1978 2012/2300/1965 1977/2262/1932
f 2056/2322/2002 2103/2323/2049 2127/2324/2073 2109/2325/2055
f 2103/2323/2049 2042/2326/1988 2068/2327/2014 2127/2324/2073
f 2127/2324/2073 2068/2327/2014 2036/2328/1982 2099/2329/2045
f 2109/2325/2055 2127/2324/2073 2099/2329/2045 2052/2330/1998
f 2065/2331/2011 2126/2332/2072 2128/2333/2074 2108/2334/2054
f 2126/2332/2072 2058/2335/2004 2071/2336/2017 2128/2333/2074
f 2128/2333/2074 2071/2336/2017 2040/2337/1986 2100/2338/2046
f 2108/2334/2054 2128/2333/2074 2100/2338/2046 2053/2339/1999
f 2055/2340/2001 2102/2341/2048 2129/2342/2075 2107/2343/2053
f 2102/2341/2048 2044/2344/1990 2074/2345/2020 2129/2342/2075
f 2129/2342/2075 2074/2345/2020 2038/2346/1984 2101/2347/2047
f 2107/2343/2053 2129/2342/2075 2101/2347/2047 2054/2348/2000
f 2064/2349/2010 2125/2350/2071 2130/2351/2076 2106/2352/2052
f 2125/2350/2071 2060/2353/2006 2077/2354/2023 2130/2351/2076
f 2130/2351/2076 2077/2354/2023 2034/2355/1980 2067/2356/2013
f 2106/2352/2052 2130/2351/2076 2067/2356/2013 2051/2357/1997
f 2062/2358/2008 2094/2359/2040 2131/2360/2077 2124/2361/2070
f 2094/2359/2040 2045/2362/1991 2080/2363/2026 2131/2360/2077
f 2131/2360/2077 2080/2363/2026 2035/2364/1981 2070/2365/2016
f 2124/2361/2070 2131/2360/2077 2070/2365/2016 2057/2366/2003
f 2061/2367/2007 2113/2368/2059 2132/2369/2078 2123/2370/2069
f 2113/2368/2059 2042/2371/1988 2079/2372/2025 2132/2369/2078
f 2132/2369/2078 2079/2372/2025 2034/2355/1980 2077/2354/2023
f 2123/2370/2069 2132/2369/2078 2077/2354/2023 2060/2353/2006
f 2058/2335/2004 2110/2373/2056 2133/2374/2079 2122/2375/2068
f 2110/2373/2056 2036/2328/1982 2068/2327/2014 2133/2374/2079
f 2133/2374/2079 2068/2327/2014 2042/2326/1988 2113/2376/2059
f 2122/2375/2068 2133/2374/2079 2113/2376/2059 2061/2377/2007
f 2046/2378/1992 2087/2379/2033 2134/2380/2080 2115/2381/2061
f 2087/2379/2033 2052/2330/1998 2117/2382/2063 2134/2380/2080
f 2134/2380/2080 2117/2382/2063 2065/2331/2011 2118/2383/2064
f 2115/2381/2061 2134/2380/2080 2118/2383/2064 2063/2384/2009
f 2053/2339/1999 2100/2338/2046 2135/2385/2081 2105/2386/2051
f 2100/2338/2046 2040/2337/1986 2081/2387/2027 2135/2385/2081
f 2135/2385/2081 2081/2387/2027 2044/2388/1990 2102/2389/2048
f 2105/2386/2051 2135/2385/2081 2102/2389/2048 2055/2390/2001
f 2051/2357/1997 2067/2356/2013 2136/2391/2082 2104/2392/2050
f 2067/2356/2013 2034/2355/1980 2079/2372/2025 2136/2391/2082
f 2136/2391/2082 2079/2372/2025 2042/2371/1988 2103/2393/2049
f 2104/2392/2050 2136/2391/2082 2103/2393/2049 2056/2394/2002
f 2063/2384/2009 2096/2395/2042 2137/2396/2083 2121/2397/2067
f 2096/2395/2042 2047/2398/1993 2083/2399/2029 2137/2396/2083
f 2137/2396/2083 2083/2399/2029 2033/2400/1979 2076/2401/2022
f 2121/2397/2067 2137/2396/2083 2076/2401/2022 2059/2402/2005
f 2048/2403/1994 2089/2404/2035 2138/2405/2084 2114/2406/2060
f 2089/2404/2035 2054/2348/2000 2116/2407/2062 2138/2405/2084
f 2138/2405/2084 2116/2407/2062 2064/2349/2010 2119/2408/2065
f 2114/2406/2060 2138/2405/2084 2119/2408/2065 2062/2358/2008
f 2049/2409/1995 2095/2410/2041 2139/2411/2085 2084/2412/2030
f 2095/2410/2041 2048/2403/1994 2066/2413/2012 2139/2411/2085
f 2139/2411/2085 2066/2413/2012 2041/2414/1987 2086/2415/2032
f 2084/2412/2030 2139/2411/2085 2086/2415/2032 2037/2416/1983
f 2045/2362/1991 2092/2417/2038 2140/2418/2086 2080/2363/2026
f 2092/2417/2038 2050/2419/1996 2078/2420/2024 2140/2418/2086
f 2140/2418/2086 2078/2420/2024 2039/2421/1985 2069/2422/2015
f 2080/2363/2026 2140/2418/2086 2069/2422/2015 2035/2364/1981
f 2059/2402/2005 2120/2423/2066 2141/2424/2087 2111/2425/2057
f 2057/2366/2003 2070/2365/2016 2141/2424/2087 2120/2423/2066
f 2035/2364/1981 2069/2422/2015 2141/2424/2087 2070/2365/2016
f 2039/2421/1985 2075/2426/2021 2141/2424/2087 2069/2422/2015
f 2043/2427/1989 2111/2425/2057 2141/2424/2087 2075/2426/2021
f 2047/2398/1993 2093/2428/2039 2142/2429/2088 2083/2399/2029
f 2093/2428/2039 2049/2430/1995 2084/2431/2030 2142/2429/2088
f 2142/2429/2088 2084/2431/2030 2037/2416/1983 2072/2432/2018
f 2083/2399/2029 2142/2429/2088 2072/2432/2018 2033/2400/1979
f 2045/2362/1991 2098/2433/2044 2143/2434/2089 2092/2417/2038
f 2098/2433/2044 2051/2357/1997 2104/2392/2050 2143/2434/2089
f 2143/2434/2089 2104/2392/2050 2056/2394/2002 2091/2435/2037
f 2092/2417/2038 2143/2434/2089 2091/2435/2037 2050/2419/1996
f 2047/2398/1993 2088/2436/2034 2144/2437/2090 2093/2428/2039
f 2088/2436/2034 2053/2339/1999 2105/2386/2051 2144/2437/2090
f 2144/2437/2090 2105/2386/2051 2055/2390/2001 2090/2438/2036
f 2093/2428/2039 2144/2437/2090 2090/2438/2036 2049/2430/1995
f 2062/2358/2008 2119/2408/2065 2145/2439/2091 2094/2359/2040
f 2119/2408/2065 2064/2349/2010 2106/2352/2052 2145/2439/2091
f 2145/2439/2091 2106/2352/2052 2051/2357/1997 2098/2433/2044
f 2094/2359/2040 2145/2439/2091 2098/2433/2044 2045/2362/1991
f 2049/2409/1995 2090/2440/2036 2146/2441/2092 2095/2410/2041
f 2090/2440/2036 2055/2340/2001 2107/2343/2053 2146/2441/2092
f 2146/2441/2092 2107/2343/2053 2054/2348/2000 2089/2404/2035
f 2095/2410/2041 2146/2441/2092 2089/2404/2035 2048/2403/1994
f 2063/2384/2009 2118/2383/2064 2147/2442/2093 2096/2395/2042
f 2118/2383/2064 2065/2331/2011 2108/2334/2054 2147/2442/2093
f 2147/2442/2093 2108/2334/2054 2053/2339/1999 2088/2436/2034
f 2096/2395/2042 2147/2442/2093 2088/2436/2034 2047/2398/1993
f 2050/2443/1996 2091/2444/2037 2148/2445/2094 2097/2446/2043
f 2091/2444/2037 2056/2322/2002 2109/2325/2055 2148/2445/2094
f 2148/2445/2094 2109/2325/2055 2052/2330/1998 2087/2379/2033
f 2097/2446/2043 2148/2445/2094 2087/2379/2033 2046/2378/1992
f 2050/2443/1996 2097/2446/2043 2149/2447/2095 2078/2448/2024
f 2097/2446/2043 2046/2378/1992 2085/2449/2031 2149/2447/2095
f 2149/2447/2095 2085/2449/2031 2043/2427/1989 2075/2426/2021
f 2078/2448/2024 2149/2447/2095 2075/2426/2021 2039/2421/1985
f 2037/2416/1983 2086/2415/2032 2150/2450/2096 2072/2432/2018
f 2041/2414/1987 2073/2451/2019 2150/2450/2096 2086/2415/2032
f 2057/2366/2003 2120/2423/2066 2150/2450/2096 2073/2451/2019
f 2059/2402/2005 2076/2401/2022 2150/2450/2096 2120/2423/2066
f 2033/2400/1979 2072/2432/2018 2150/2450/2096 2076/2401/2022
f 2046/2378/1992 2115/2381/2061 2151/2452/2097 2085/2449/2031
f 2115/2381/2061 2063/2384/2009 2121/2397/2067 2151/2452/2097
f 2151/2452/2097 2121/2397/2067 2059/2402/2005 2111/2425/2057
f 2085/2449/2031 2151/2452/2097 2111/2425/2057 2043/2427/1989
f 2040/2337/1986 2071/2336/2017 2152/2453/2098 2081/2387/2027
f 2071/2336/2017 2058/2335/2004 2122/2375/2068 2152/2453/2098
f 2152/2453/2098 2122/2375/2068 2061/2377/2007 2082/2454/2028
f 2081/2387/2027 2152/2453/2098 2082/2454/2028 2044/2388/1990
f 2044/2344/1990 2082/2455/2028 2153/2456/2099 2074/2345/2020
f 2082/2455/2028 2061/2367/2007 2123/2370/2069 2153/2456/2099
f 2153/2456/2099 2123/2370/2069 2060/2353/2006 2112/2457/2058
f 2074/2345/2020 2153/2456/2099 2112/2457/2058 2038/2346/1984
f 2048/2403/1994 2114/2406/2060 2154/2458/2100 2066/2413/2012
f 2114/2406/2060 2062/2358/2008 2124/2361/2070 2154/2458/2100
f 2154/2458/2100 2124/2361/2070 2057/2366/2003 2073/2451/2019
f 2066/2413/2012 2154/2458/2100 2073/2451/2019 2041/2414/1987
f 2054/2348/2000 2101/2347/2047 2155/2459/2101 2116/2407/2062
f 2101/2347/2047 2038/2346/1984 2112/2457/2058 2155/2459/2101
f 2155/2459/2101 2112/2457/2058 2060/2353/2006 2125/2350/2071
f 2116/2407/2062 2155/2459/2101 2125/2350/2071 2064/2349/2010
f 2052/2330/1998 2099/2329/2045 2156/2460/2102 2117/2382/2063
f 2099/2329/2045 2036/2328/1982 2110/2373/2056 2156/2460/2102
f 2156/2460/2102 2110/2373/2056 2058/2335/2004 2126/2332/2072
f 2117/2382/2063 2156/2460/2102 2126/2332/2072 2065/2331/2011
f 2168/2461/2114 2186/2462/2130 2202/2463/2143 2192/2464/2136
f 2186/2462/2130 2161/2465/2107 2175/2466/2120 2202/2463/2143
f 2202/2463/2143 2175/2466/2120 2158/2467/2104 2182/2468/2126
f 2192/2464/2136 2202/2463/2143 2182/2468/2126 2164/2469/2110
f 2173/2470/2118 2201/2471/2142 2203/2472/2144 2191/2473/2135
f 2201/2471/2142 2169/2474/2115 2176/2475/2121 2203/2472/2144
f 2203/2472/2144 2176/2475/2121 2160/2476/2106 2183/2477/2127
f 2191/2473/2135 2203/2472/2144 2183/2477/2127 2165/2478/2111
f 2167/2479/2113 2185/2480/2129 2204/2481/2145 2190/2482/2134
f 2185/2480/2129 2162/2483/2108 2177/2484/2122 2204/2481/2145
f 2204/2481/2145 2177/2484/2122 2159/2485/2105 2184/2486/2128
f 2190/2482/2134 2204/2481/2145 2184/2486/2128 2166/2487/2112
f 2172/2488/2117 2200/2489/2141 2205/2490/2146 2189/2491/2133
f 2200/2489/2141 2170/2492/2116 2178/2493/2123 2205/2490/2146
f 2205/2490/2146 2178/2493/2123 2157/2494/2103 2174/2495/2119
f 2189/2491/2133 2205/2490/2146 2174/2495/2119 2163/2496/2109
f 2171/2497/2007 2195/2498/2059 2206/2499/2078 2199/2500/2069
f 2195/2498/2059 2161/2501/2107 2179/2502/2124 2206/2499/2078
f 2206/2499/2078 2179/2502/2124 2157/2494/2103 2178/2493/2123
f 2199/2500/2069 2206/2499/2078 2178/2493/2123 2170/2492/2116
f 2169/2474/2115 2193/2503/2137 2207/2504/2079 2198/2505/2068
f 2193/2503/2137 2158/2467/2104 2175/2466/2120 2207/2504/2079
f 2207/2504/2079 2175/2466/2120 2161/2465/2107 2195/2506/2059
f 2198/2505/2068 2207/2504/2079 2195/2506/2059 2171/2507/2007
f 2165/2478/2111 2183/2477/2127 2208/2508/2147 2188/2509/2132
f 2183/2477/2127 2160/2476/2106 2180/2510/2125 2208/2508/2147
f 2208/2508/2147 2180/2510/2125 2162/2511/2108 2185/2512/2129
f 2188/2509/2132 2208/2508/2147 2185/2512/2129 2167/2513/2113
f 2163/2496/2109 2174/2495/2119 2209/2514/2148 2187/2515/2131
f 2174/2495/2119 2157/2494/2103 2179/2502/2124 2209/2514/2148
f 2209/2514/2148 2179/2502/2124 2161/2501/2107 2186/2516/2130
f 2187/2515/2131 2209/2514/2148 2186/2516/2130 2168/2517/2114
f 2160/2476/2106 2176/2475/2121 2210/2518/2098 2180/2510/2125
f 2176/2475/2121 2169/2474/2115 2198/2505/2068 2210/2518/2098
f 2210/2518/2098 2198/2505/2068 2171/2507/2007 2181/2519/2028
f 2180/2510/2125 2210/2518/2098 2181/2519/2028 2162/2511/2108
f 2162/2483/2108 2181/2520/2028 2211/2521/2099 2177/2484/2122
f 2181/2520/2028 2171/2497/2007 2199/2500/2069 2211/2521/2099
f 2211/2521/2099 2199/2500/2069 2170/2492/2116 2194/2522/2138
f 2177/2484/2122 2211/2521/2099 2194/2522/2138 2159/2485/2105
f 2166/2487/2112 2184/2486/2128 2212/2523/2149 2196/2524/2139
f 2184/2486/2128 2159/2485/2105 2194/2522/2138 2212/2523/2149
f 2212/2523/2149 2194/2522/2138 2170/2492/2116 2200/2489/2141
f 2196/2524/2139 2212/2523/2149 2200/2489/2141 2172/2488/2117
f 2164/2469/2110 2182/2468/2126 2213/2525/2150 2197/2526/2140
f 2182/2468/2126 2158/2467/2104 2193/2503/2137 2213/2525/2150
f 2213/2525/2150 2193/2503/2137 2169/2474/2115 2201/2471/2142
f 2197/2526/2140 2213/2525/2150 2201/2471/2142 2173/2470/2118
